mapping_contract_version,raw_value,mapping_status,group_code,group_order,review_note
0.1,アグリビジネス,multi,agriculture_fisheries,1,Reviewed exact raw-value mapping.
0.1,アグリビジネス,multi,social_sciences,2,Reviewed exact raw-value mapping.
0.1,エネルギー,single,engineering,1,Reviewed exact raw-value mapping.
0.1,サステナビリティ・環境,single,environment,1,Reviewed exact raw-value mapping.
0.1,スポーツ,single,sports,1,Reviewed exact raw-value mapping.
0.1,スポーツデータサイエンス・スポーツビジネス,multi,information,1,Reviewed exact raw-value mapping.
0.1,スポーツデータサイエンス・スポーツビジネス,multi,social_sciences,2,Reviewed exact raw-value mapping.
0.1,スポーツデータサイエンス・スポーツビジネス,multi,sports,3,Reviewed exact raw-value mapping.
0.1,スポーツ・健康,multi,nursing_health_welfare,1,Reviewed exact raw-value mapping.
0.1,スポーツ・健康,multi,sports,2,Reviewed exact raw-value mapping.
0.1,スポーツ工学,multi,engineering,1,Reviewed exact raw-value mapping.
0.1,スポーツ工学,multi,sports,2,Reviewed exact raw-value mapping.
0.1,スポーツ科学・健康科学,multi,nursing_health_welfare,1,Reviewed exact raw-value mapping.
0.1,スポーツ科学・健康科学,multi,sports,2,Reviewed exact raw-value mapping.
0.1,デザイン,single,arts_design,1,Reviewed exact raw-value mapping.
0.1,デザイン・UX,single,arts_design,1,Reviewed exact raw-value mapping.
0.1,デザイン・データ科学,multi,information,1,Reviewed exact raw-value mapping.
0.1,デザイン・データ科学,multi,arts_design,2,Reviewed exact raw-value mapping.
0.1,デザイン・プロダクト,single,arts_design,1,Reviewed exact raw-value mapping.
0.1,デザイン・工学,multi,engineering,1,Reviewed exact raw-value mapping.
0.1,デザイン・工学,multi,arts_design,2,Reviewed exact raw-value mapping.
0.1,デザイン・工芸,single,arts_design,1,Reviewed exact raw-value mapping.
0.1,デザイン・情報,multi,information,1,Reviewed exact raw-value mapping.
0.1,デザイン・情報,multi,arts_design,2,Reviewed exact raw-value mapping.
0.1,デザイン工学,multi,engineering,1,Reviewed exact raw-value mapping.
0.1,デザイン工学,multi,arts_design,2,Reviewed exact raw-value mapping.
0.1,デジタル・環境・工学,multi,engineering,1,Reviewed exact raw-value mapping.
0.1,デジタル・環境・工学,multi,information,2,Reviewed exact raw-value mapping.
0.1,デジタル・環境・工学,multi,environment,3,Reviewed exact raw-value mapping.
0.1,デジタル変革,single,information,1,Reviewed exact raw-value mapping.
0.1,データサイエンス,single,information,1,Reviewed exact raw-value mapping.
0.1,データサイエンス・情報,single,information,1,Reviewed exact raw-value mapping.
0.1,データサイエンス・数学,multi,natural_sciences,1,Reviewed exact raw-value mapping.
0.1,データサイエンス・数学,multi,information,2,Reviewed exact raw-value mapping.
0.1,データサイエンス・社会科学,multi,information,1,Reviewed exact raw-value mapping.
0.1,データサイエンス・社会科学,multi,social_sciences,2,Reviewed exact raw-value mapping.
0.1,データサイエンス・経営,multi,information,1,Reviewed exact raw-value mapping.
0.1,データサイエンス・経営,multi,social_sciences,2,Reviewed exact raw-value mapping.
0.1,メディア・映像,single,arts_design,1,Reviewed exact raw-value mapping.
0.1,メディア・社会,multi,information,1,Reviewed exact raw-value mapping.
0.1,メディア・社会,multi,social_sciences,2,Reviewed exact raw-value mapping.
0.1,リハビリ・作業療法,single,nursing_health_welfare,1,Reviewed exact raw-value mapping.
0.1,リハビリ・理学療法,single,nursing_health_welfare,1,Reviewed exact raw-value mapping.
0.1,リハビリ・視覚機能,single,nursing_health_welfare,1,Reviewed exact raw-value mapping.
0.1,リハビリ・言語聴覚,single,nursing_health_welfare,1,Reviewed exact raw-value mapping.
0.1,ロボティクス,single,engineering,1,Reviewed exact raw-value mapping.
0.1,人文,single,humanities,1,Reviewed exact raw-value mapping.
0.1,人文・文化,single,humanities,1,Reviewed exact raw-value mapping.
0.1,人文・社会,multi,humanities,1,Reviewed exact raw-value mapping.
0.1,人文・社会,multi,social_sciences,2,Reviewed exact raw-value mapping.
0.1,人文社会・都市,multi,humanities,1,Reviewed exact raw-value mapping.
0.1,人文社会・都市,multi,social_sciences,2,Reviewed exact raw-value mapping.
0.1,人間・環境・理工,multi,natural_sciences,1,Reviewed exact raw-value mapping.
0.1,人間・環境・理工,multi,engineering,2,Reviewed exact raw-value mapping.
0.1,人間・環境・理工,multi,environment,3,Reviewed exact raw-value mapping.
0.1,人間科学,review_required,,,Raw label spans materially different disciplines across institutions.
0.1,人間科学・環境,single,environment,1,Reviewed exact raw-value mapping.
0.1,体育,single,sports,1,Reviewed exact raw-value mapping.
0.1,作業療法,single,nursing_health_welfare,1,Reviewed exact raw-value mapping.
0.1,保健・医療,single,nursing_health_welfare,1,Reviewed exact raw-value mapping.
0.1,保健・環境,multi,nursing_health_welfare,1,Reviewed exact raw-value mapping.
0.1,保健・環境,multi,environment,2,Reviewed exact raw-value mapping.
0.1,保健医療,single,nursing_health_welfare,1,Reviewed exact raw-value mapping.
0.1,保健医療・健康福祉,single,nursing_health_welfare,1,Reviewed exact raw-value mapping.
0.1,健康・スポーツ,multi,nursing_health_welfare,1,Reviewed exact raw-value mapping.
0.1,健康・スポーツ,multi,sports,2,Reviewed exact raw-value mapping.
0.1,健康科学,single,nursing_health_welfare,1,Reviewed exact raw-value mapping.
0.1,健康科学・福祉,single,nursing_health_welfare,1,Reviewed exact raw-value mapping.
0.1,公共政策,single,social_sciences,1,Reviewed exact raw-value mapping.
0.1,共生社会・福祉,multi,nursing_health_welfare,1,Reviewed exact raw-value mapping.
0.1,共生社会・福祉,multi,social_sciences,2,Reviewed exact raw-value mapping.
0.1,創薬科学（4年制）,multi,life_sciences,1,Reviewed exact raw-value mapping.
0.1,創薬科学（4年制）,multi,pharmacy,2,Reviewed exact raw-value mapping.
0.1,動物医療,single,veterinary,1,Reviewed exact raw-value mapping.
0.1,動物応用科学,multi,life_sciences,1,Reviewed exact raw-value mapping.
0.1,動物応用科学,multi,veterinary,2,Reviewed exact raw-value mapping.
0.1,動物生命・動物危機管理,multi,life_sciences,1,Reviewed exact raw-value mapping.
0.1,動物生命・動物危機管理,multi,veterinary,2,Reviewed exact raw-value mapping.
0.1,動物生命・動物危機管理,multi,social_sciences,3,Reviewed exact raw-value mapping.
0.1,動物科学,multi,life_sciences,1,Reviewed exact raw-value mapping.
0.1,動物科学,multi,veterinary,2,Reviewed exact raw-value mapping.
0.1,化学,single,natural_sciences,1,Reviewed exact raw-value mapping.
0.1,化学・工学,multi,natural_sciences,1,Reviewed exact raw-value mapping.
0.1,化学・工学,multi,engineering,2,Reviewed exact raw-value mapping.
0.1,化学・材料,multi,natural_sciences,1,Reviewed exact raw-value mapping.
0.1,化学・材料,multi,engineering,2,Reviewed exact raw-value mapping.
0.1,化学・物理工学,multi,natural_sciences,1,Reviewed exact raw-value mapping.
0.1,化学・物理工学,multi,engineering,2,Reviewed exact raw-value mapping.
0.1,化学・生命,multi,natural_sciences,1,Reviewed exact raw-value mapping.
0.1,化学・生命,multi,life_sciences,2,Reviewed exact raw-value mapping.
0.1,化学・生命・環境,multi,natural_sciences,1,Reviewed exact raw-value mapping.
0.1,化学・生命・環境,multi,life_sciences,2,Reviewed exact raw-value mapping.
0.1,化学・生命・環境,multi,environment,3,Reviewed exact raw-value mapping.
0.1,化学・生命科学,multi,natural_sciences,1,Reviewed exact raw-value mapping.
0.1,化学・生命科学,multi,life_sciences,2,Reviewed exact raw-value mapping.
0.1,医学,single,medicine,1,Reviewed exact raw-value mapping.
0.1,医学科,single,medicine,1,Reviewed exact raw-value mapping.
0.1,医工学,multi,engineering,1,Reviewed exact raw-value mapping.
0.1,医工学,multi,nursing_health_welfare,2,Reviewed exact raw-value mapping.
0.1,医歯薬,multi,medicine,1,Reviewed exact raw-value mapping.
0.1,医歯薬,multi,dentistry,2,Reviewed exact raw-value mapping.
0.1,医歯薬,multi,pharmacy,3,Reviewed exact raw-value mapping.
0.1,医用工学,multi,engineering,1,Reviewed exact raw-value mapping.
0.1,医用工学,multi,nursing_health_welfare,2,Reviewed exact raw-value mapping.
0.1,医療,single,nursing_health_welfare,1,Reviewed exact raw-value mapping.
0.1,医療ビジネス・薬科学,multi,pharmacy,1,Reviewed exact raw-value mapping.
0.1,医療ビジネス・薬科学,multi,social_sciences,2,Reviewed exact raw-value mapping.
0.1,医療ビジネス薬科学（4年制）,multi,pharmacy,1,Reviewed exact raw-value mapping.
0.1,医療ビジネス薬科学（4年制）,multi,social_sciences,2,Reviewed exact raw-value mapping.
0.1,医療・リハビリ,single,nursing_health_welfare,1,Reviewed exact raw-value mapping.
0.1,医療・リハビリテーション,single,nursing_health_welfare,1,Reviewed exact raw-value mapping.
0.1,医療・保健,single,nursing_health_welfare,1,Reviewed exact raw-value mapping.
0.1,医療・健康,single,nursing_health_welfare,1,Reviewed exact raw-value mapping.
0.1,医療・理学療法,single,nursing_health_welfare,1,Reviewed exact raw-value mapping.
0.1,医療・生命,multi,life_sciences,1,Reviewed exact raw-value mapping.
0.1,医療・生命,multi,nursing_health_welfare,2,Reviewed exact raw-value mapping.
0.1,医療・福祉,single,nursing_health_welfare,1,Reviewed exact raw-value mapping.
0.1,医療・臨床工学,multi,engineering,1,Reviewed exact raw-value mapping.
0.1,医療・臨床工学,multi,nursing_health_welfare,2,Reviewed exact raw-value mapping.
0.1,医療・臨床検査,single,nursing_health_welfare,1,Reviewed exact raw-value mapping.
0.1,医療・診療放射線,single,nursing_health_welfare,1,Reviewed exact raw-value mapping.
0.1,医療工学,multi,engineering,1,Reviewed exact raw-value mapping.
0.1,医療工学,multi,nursing_health_welfare,2,Reviewed exact raw-value mapping.
0.1,医療工学・放射線,multi,engineering,1,Reviewed exact raw-value mapping.
0.1,医療工学・放射線,multi,nursing_health_welfare,2,Reviewed exact raw-value mapping.
0.1,医療工学・臨床工学,multi,engineering,1,Reviewed exact raw-value mapping.
0.1,医療工学・臨床工学,multi,nursing_health_welfare,2,Reviewed exact raw-value mapping.
0.1,医療技術,single,nursing_health_welfare,1,Reviewed exact raw-value mapping.
0.1,医療栄養,multi,nursing_health_welfare,1,Reviewed exact raw-value mapping.
0.1,医療栄養,multi,home_lifestyle,2,Reviewed exact raw-value mapping.
0.1,医療検査,single,nursing_health_welfare,1,Reviewed exact raw-value mapping.
0.1,危機管理,single,social_sciences,1,Reviewed exact raw-value mapping.
0.1,商学,single,social_sciences,1,Reviewed exact raw-value mapping.
0.1,商学・経営,single,social_sciences,1,Reviewed exact raw-value mapping.
0.1,商学・経済,single,social_sciences,1,Reviewed exact raw-value mapping.
0.1,国際,review_required,,,"Raw label alone does not distinguish humanities, social science, language, or regional studies."
0.1,国際・人文,single,humanities,1,Reviewed exact raw-value mapping.
0.1,国際・人文社会,multi,humanities,1,Reviewed exact raw-value mapping.
0.1,国際・人文社会,multi,social_sciences,2,Reviewed exact raw-value mapping.
0.1,国際・教育,single,education,1,Reviewed exact raw-value mapping.
0.1,国際・文化,single,humanities,1,Reviewed exact raw-value mapping.
0.1,国際・社会,single,social_sciences,1,Reviewed exact raw-value mapping.
0.1,国際・語学,single,humanities,1,Reviewed exact raw-value mapping.
0.1,国際・農食環境,multi,agriculture_fisheries,1,Reviewed exact raw-value mapping.
0.1,国際・農食環境,multi,life_sciences,2,Reviewed exact raw-value mapping.
0.1,国際・農食環境,multi,environment,3,Reviewed exact raw-value mapping.
0.1,国際農業・開発,multi,agriculture_fisheries,1,Reviewed exact raw-value mapping.
0.1,国際農業・開発,multi,social_sciences,2,Reviewed exact raw-value mapping.
0.1,国際食農,multi,agriculture_fisheries,1,Reviewed exact raw-value mapping.
0.1,国際食農,multi,life_sciences,2,Reviewed exact raw-value mapping.
0.1,土木・環境,multi,engineering,1,Reviewed exact raw-value mapping.
0.1,土木・環境,multi,environment,2,Reviewed exact raw-value mapping.
0.1,土木・都市,single,engineering,1,Reviewed exact raw-value mapping.
0.1,地域デザイン,review_required,,,Current rows cover community design and tourism design; raw label alone is not specific enough.
0.1,地域・公共,single,social_sciences,1,Reviewed exact raw-value mapping.
0.1,地域・文化,multi,humanities,1,Reviewed exact raw-value mapping.
0.1,地域・文化,multi,social_sciences,2,Reviewed exact raw-value mapping.
0.1,地域・環境,multi,social_sciences,1,Reviewed exact raw-value mapping.
0.1,地域・環境,multi,environment,2,Reviewed exact raw-value mapping.
0.1,地域・社会,single,social_sciences,1,Reviewed exact raw-value mapping.
0.1,地域・経営,single,social_sciences,1,Reviewed exact raw-value mapping.
0.1,地学,single,natural_sciences,1,Reviewed exact raw-value mapping.
0.1,地球・環境,multi,natural_sciences,1,Reviewed exact raw-value mapping.
0.1,地球・環境,multi,environment,2,Reviewed exact raw-value mapping.
0.1,地理・環境,multi,social_sciences,1,Reviewed exact raw-value mapping.
0.1,地理・環境,multi,environment,2,Reviewed exact raw-value mapping.
0.1,外国語,single,humanities,1,Reviewed exact raw-value mapping.
0.1,外国語・国際,single,humanities,1,Reviewed exact raw-value mapping.
0.1,学際,single,interdisciplinary,1,Reviewed exact raw-value mapping.
0.1,学際・総合,single,interdisciplinary,1,Reviewed exact raw-value mapping.
0.1,宇宙・半導体工学,single,engineering,1,Reviewed exact raw-value mapping.
0.1,工学,single,engineering,1,Reviewed exact raw-value mapping.
0.1,工学・スポーツ,multi,engineering,1,Reviewed exact raw-value mapping.
0.1,工学・スポーツ,multi,sports,2,Reviewed exact raw-value mapping.
0.1,工学・デザイン,multi,engineering,1,Reviewed exact raw-value mapping.
0.1,工学・デザイン,multi,arts_design,2,Reviewed exact raw-value mapping.
0.1,工学・マネジメント,multi,engineering,1,Reviewed exact raw-value mapping.
0.1,工学・マネジメント,multi,social_sciences,2,Reviewed exact raw-value mapping.
0.1,工学・ロボティクス,single,engineering,1,Reviewed exact raw-value mapping.
0.1,工学・交通,single,engineering,1,Reviewed exact raw-value mapping.
0.1,工学・共創,multi,engineering,1,Reviewed exact raw-value mapping.
0.1,工学・共創,multi,interdisciplinary,2,Reviewed exact raw-value mapping.
0.1,工学・化学,multi,natural_sciences,1,Reviewed exact raw-value mapping.
0.1,工学・化学,multi,engineering,2,Reviewed exact raw-value mapping.
0.1,工学・化学・材料,multi,natural_sciences,1,Reviewed exact raw-value mapping.
0.1,工学・化学・材料,multi,engineering,2,Reviewed exact raw-value mapping.
0.1,工学・化学・生命,multi,natural_sciences,1,Reviewed exact raw-value mapping.
0.1,工学・化学・生命,multi,engineering,2,Reviewed exact raw-value mapping.
0.1,工学・化学・生命,multi,life_sciences,3,Reviewed exact raw-value mapping.
0.1,工学・医療,multi,engineering,1,Reviewed exact raw-value mapping.
0.1,工学・医療,multi,nursing_health_welfare,2,Reviewed exact raw-value mapping.
0.1,工学・医薬,multi,engineering,1,Reviewed exact raw-value mapping.
0.1,工学・医薬,multi,pharmacy,2,Reviewed exact raw-value mapping.
0.1,工学・原子力,single,engineering,1,Reviewed exact raw-value mapping.
0.1,工学・土木,single,engineering,1,Reviewed exact raw-value mapping.
0.1,工学・土木・都市防災,single,engineering,1,Reviewed exact raw-value mapping.
0.1,工学・情報,multi,engineering,1,Reviewed exact raw-value mapping.
0.1,工学・情報,multi,information,2,Reviewed exact raw-value mapping.
0.1,工学・情報通信,multi,engineering,1,Reviewed exact raw-value mapping.
0.1,工学・情報通信,multi,information,2,Reviewed exact raw-value mapping.
0.1,工学・情報電子,multi,engineering,1,Reviewed exact raw-value mapping.
0.1,工学・情報電子,multi,information,2,Reviewed exact raw-value mapping.
0.1,工学・材料,single,engineering,1,Reviewed exact raw-value mapping.
0.1,工学・材料・化学,multi,natural_sciences,1,Reviewed exact raw-value mapping.
0.1,工学・材料・化学,multi,engineering,2,Reviewed exact raw-value mapping.
0.1,工学・材料・表面工学,single,engineering,1,Reviewed exact raw-value mapping.
0.1,工学・機械,single,engineering,1,Reviewed exact raw-value mapping.
0.1,工学・機械・情報,multi,engineering,1,Reviewed exact raw-value mapping.
0.1,工学・機械・情報,multi,information,2,Reviewed exact raw-value mapping.
0.1,工学・機械・電気,single,engineering,1,Reviewed exact raw-value mapping.
0.1,工学・機械情報,multi,engineering,1,Reviewed exact raw-value mapping.
0.1,工学・機械情報,multi,information,2,Reviewed exact raw-value mapping.
0.1,工学・機械航空,single,engineering,1,Reviewed exact raw-value mapping.
0.1,工学・物理,multi,natural_sciences,1,Reviewed exact raw-value mapping.
0.1,工学・物理,multi,engineering,2,Reviewed exact raw-value mapping.
0.1,工学・理学,multi,natural_sciences,1,Reviewed exact raw-value mapping.
0.1,工学・理学,multi,engineering,2,Reviewed exact raw-value mapping.
0.1,工学・環境,multi,engineering,1,Reviewed exact raw-value mapping.
0.1,工学・環境,multi,environment,2,Reviewed exact raw-value mapping.
0.1,工学・環境・化学,multi,natural_sciences,1,Reviewed exact raw-value mapping.
0.1,工学・環境・化学,multi,engineering,2,Reviewed exact raw-value mapping.
0.1,工学・環境・化学,multi,environment,3,Reviewed exact raw-value mapping.
0.1,工学・環境安全,multi,engineering,1,Reviewed exact raw-value mapping.
0.1,工学・環境安全,multi,environment,2,Reviewed exact raw-value mapping.
0.1,工学・環境科学,multi,engineering,1,Reviewed exact raw-value mapping.
0.1,工学・環境科学,multi,environment,2,Reviewed exact raw-value mapping.
0.1,工学・環境都市,multi,engineering,1,Reviewed exact raw-value mapping.
0.1,工学・環境都市,multi,environment,2,Reviewed exact raw-value mapping.
0.1,工学・生命科学,multi,engineering,1,Reviewed exact raw-value mapping.
0.1,工学・生命科学,multi,life_sciences,2,Reviewed exact raw-value mapping.
0.1,工学・社会基盤,single,engineering,1,Reviewed exact raw-value mapping.
0.1,工学・第一次産業,multi,engineering,1,Reviewed exact raw-value mapping.
0.1,工学・第一次産業,multi,agriculture_fisheries,2,Reviewed exact raw-value mapping.
0.1,工学・経営,multi,engineering,1,Reviewed exact raw-value mapping.
0.1,工学・経営,multi,social_sciences,2,Reviewed exact raw-value mapping.
0.1,工学・経営工学,single,engineering,1,Reviewed exact raw-value mapping.
0.1,工学・都市,single,engineering,1,Reviewed exact raw-value mapping.
0.1,工学・都市環境,multi,engineering,1,Reviewed exact raw-value mapping.
0.1,工学・都市環境,multi,environment,2,Reviewed exact raw-value mapping.
0.1,工学・電子,single,engineering,1,Reviewed exact raw-value mapping.
0.1,工学・電気,single,engineering,1,Reviewed exact raw-value mapping.
0.1,工学・電気・ロボティクス,single,engineering,1,Reviewed exact raw-value mapping.
0.1,工学・電気・情報通信,multi,engineering,1,Reviewed exact raw-value mapping.
0.1,工学・電気・情報通信,multi,information,2,Reviewed exact raw-value mapping.
0.1,工学・電気電子,single,engineering,1,Reviewed exact raw-value mapping.
0.1,工学・電気電子情報,multi,engineering,1,Reviewed exact raw-value mapping.
0.1,工学・電気電子情報,multi,information,2,Reviewed exact raw-value mapping.
0.1,工学・電気電子通信,single,engineering,1,Reviewed exact raw-value mapping.
0.1,建築,single,engineering,1,Reviewed exact raw-value mapping.
0.1,建築・デザイン,multi,engineering,1,Reviewed exact raw-value mapping.
0.1,建築・デザイン,multi,arts_design,2,Reviewed exact raw-value mapping.
0.1,建築・海洋,single,engineering,1,Reviewed exact raw-value mapping.
0.1,建築・環境,multi,engineering,1,Reviewed exact raw-value mapping.
0.1,建築・環境,multi,environment,2,Reviewed exact raw-value mapping.
0.1,建築・環境・都市,multi,engineering,1,Reviewed exact raw-value mapping.
0.1,建築・環境・都市,multi,environment,2,Reviewed exact raw-value mapping.
0.1,建築・生活,multi,engineering,1,Reviewed exact raw-value mapping.
0.1,建築・生活,multi,home_lifestyle,2,Reviewed exact raw-value mapping.
0.1,建築・都市,single,engineering,1,Reviewed exact raw-value mapping.
0.1,建築・都市工学,single,engineering,1,Reviewed exact raw-value mapping.
0.1,心理,single,humanities,1,Reviewed exact raw-value mapping.
0.1,心理・保健,multi,nursing_health_welfare,1,Reviewed exact raw-value mapping.
0.1,心理・保健,multi,humanities,2,Reviewed exact raw-value mapping.
0.1,心理・臨床心理,multi,nursing_health_welfare,1,Reviewed exact raw-value mapping.
0.1,心理・臨床心理,multi,humanities,2,Reviewed exact raw-value mapping.
0.1,応用化学,multi,natural_sciences,1,Reviewed exact raw-value mapping.
0.1,応用化学,multi,engineering,2,Reviewed exact raw-value mapping.
0.1,応用化学・生命科学,multi,natural_sciences,1,Reviewed exact raw-value mapping.
0.1,応用化学・生命科学,multi,life_sciences,2,Reviewed exact raw-value mapping.
0.1,情報,single,information,1,Reviewed exact raw-value mapping.
0.1,情報システム,single,information,1,Reviewed exact raw-value mapping.
0.1,情報・AI,single,information,1,Reviewed exact raw-value mapping.
0.1,情報・IoT,single,information,1,Reviewed exact raw-value mapping.
0.1,情報・ソフトウェア,single,information,1,Reviewed exact raw-value mapping.
0.1,情報・デザイン,multi,information,1,Reviewed exact raw-value mapping.
0.1,情報・デザイン,multi,arts_design,2,Reviewed exact raw-value mapping.
0.1,情報・デジタル,single,information,1,Reviewed exact raw-value mapping.
0.1,情報・データサイエンス,single,information,1,Reviewed exact raw-value mapping.
0.1,情報・データ・文化,multi,information,1,Reviewed exact raw-value mapping.
0.1,情報・データ・文化,multi,humanities,2,Reviewed exact raw-value mapping.
0.1,情報・データ科学,single,information,1,Reviewed exact raw-value mapping.
0.1,情報・メディア,multi,information,1,Reviewed exact raw-value mapping.
0.1,情報・メディア,multi,arts_design,2,Reviewed exact raw-value mapping.
0.1,情報・メディアサイエンス,multi,information,1,Reviewed exact raw-value mapping.
0.1,情報・メディアサイエンス,multi,arts_design,2,Reviewed exact raw-value mapping.
0.1,情報・メディア工学,multi,engineering,1,Reviewed exact raw-value mapping.
0.1,情報・メディア工学,multi,information,2,Reviewed exact raw-value mapping.
0.1,情報・メディア工学,multi,arts_design,3,Reviewed exact raw-value mapping.
0.1,情報・人文,multi,information,1,Reviewed exact raw-value mapping.
0.1,情報・人文,multi,humanities,2,Reviewed exact raw-value mapping.
0.1,情報・人間科学,single,information,1,Reviewed exact raw-value mapping.
0.1,情報・健康,multi,information,1,Reviewed exact raw-value mapping.
0.1,情報・健康,multi,nursing_health_welfare,2,Reviewed exact raw-value mapping.
0.1,情報・医療,multi,information,1,Reviewed exact raw-value mapping.
0.1,情報・医療,multi,nursing_health_welfare,2,Reviewed exact raw-value mapping.
0.1,情報・学際,multi,information,1,Reviewed exact raw-value mapping.
0.1,情報・学際,multi,interdisciplinary,2,Reviewed exact raw-value mapping.
0.1,情報・工学,multi,engineering,1,Reviewed exact raw-value mapping.
0.1,情報・工学,multi,information,2,Reviewed exact raw-value mapping.
0.1,情報・工学・ロボティクス,multi,engineering,1,Reviewed exact raw-value mapping.
0.1,情報・工学・ロボティクス,multi,information,2,Reviewed exact raw-value mapping.
0.1,情報・心理・スポーツ,multi,information,1,Reviewed exact raw-value mapping.
0.1,情報・心理・スポーツ,multi,humanities,2,Reviewed exact raw-value mapping.
0.1,情報・心理・スポーツ,multi,sports,3,Reviewed exact raw-value mapping.
0.1,情報・数学,multi,natural_sciences,1,Reviewed exact raw-value mapping.
0.1,情報・数学,multi,information,2,Reviewed exact raw-value mapping.
0.1,情報・数理,multi,natural_sciences,1,Reviewed exact raw-value mapping.
0.1,情報・数理,multi,information,2,Reviewed exact raw-value mapping.
0.1,情報・理学,multi,natural_sciences,1,Reviewed exact raw-value mapping.
0.1,情報・理学,multi,information,2,Reviewed exact raw-value mapping.
0.1,情報・理工,multi,natural_sciences,1,Reviewed exact raw-value mapping.
0.1,情報・理工,multi,engineering,2,Reviewed exact raw-value mapping.
0.1,情報・理工,multi,information,3,Reviewed exact raw-value mapping.
0.1,情報・環境・生命,multi,information,1,Reviewed exact raw-value mapping.
0.1,情報・環境・生命,multi,life_sciences,2,Reviewed exact raw-value mapping.
0.1,情報・環境・生命,multi,environment,3,Reviewed exact raw-value mapping.
0.1,情報・生命,multi,information,1,Reviewed exact raw-value mapping.
0.1,情報・生命,multi,life_sciences,2,Reviewed exact raw-value mapping.
0.1,情報・社会,multi,information,1,Reviewed exact raw-value mapping.
0.1,情報・社会,multi,social_sciences,2,Reviewed exact raw-value mapping.
0.1,情報・社会情報,multi,information,1,Reviewed exact raw-value mapping.
0.1,情報・社会情報,multi,social_sciences,2,Reviewed exact raw-value mapping.
0.1,情報・融合工学,multi,engineering,1,Reviewed exact raw-value mapping.
0.1,情報・融合工学,multi,information,2,Reviewed exact raw-value mapping.
0.1,情報・融合工学,multi,interdisciplinary,3,Reviewed exact raw-value mapping.
0.1,情報・通信,multi,engineering,1,Reviewed exact raw-value mapping.
0.1,情報・通信,multi,information,2,Reviewed exact raw-value mapping.
0.1,情報・通信工学,multi,engineering,1,Reviewed exact raw-value mapping.
0.1,情報・通信工学,multi,information,2,Reviewed exact raw-value mapping.
0.1,情報・電気電子,multi,engineering,1,Reviewed exact raw-value mapping.
0.1,情報・電気電子,multi,information,2,Reviewed exact raw-value mapping.
0.1,情報工学,multi,engineering,1,Reviewed exact raw-value mapping.
0.1,情報工学,multi,information,2,Reviewed exact raw-value mapping.
0.1,情報理工,multi,natural_sciences,1,Reviewed exact raw-value mapping.
0.1,情報理工,multi,engineering,2,Reviewed exact raw-value mapping.
0.1,情報理工,multi,information,3,Reviewed exact raw-value mapping.
0.1,情報科学,single,information,1,Reviewed exact raw-value mapping.
0.1,情報通信・ネットワーク,multi,engineering,1,Reviewed exact raw-value mapping.
0.1,情報通信・ネットワーク,multi,information,2,Reviewed exact raw-value mapping.
0.1,情報通信工学,multi,engineering,1,Reviewed exact raw-value mapping.
0.1,情報通信工学,multi,information,2,Reviewed exact raw-value mapping.
0.1,政策・社会・情報,multi,information,1,Reviewed exact raw-value mapping.
0.1,政策・社会・情報,multi,social_sciences,2,Reviewed exact raw-value mapping.
0.1,救急救命・医療,single,nursing_health_welfare,1,Reviewed exact raw-value mapping.
0.1,教育,single,education,1,Reviewed exact raw-value mapping.
0.1,教育・保育,single,education,1,Reviewed exact raw-value mapping.
0.1,教育・子ども,single,education,1,Reviewed exact raw-value mapping.
0.1,教育・工学,multi,engineering,1,Reviewed exact raw-value mapping.
0.1,教育・工学,multi,education,2,Reviewed exact raw-value mapping.
0.1,教育・教員養成,single,education,1,Reviewed exact raw-value mapping.
0.1,教育・理数,multi,natural_sciences,1,Reviewed exact raw-value mapping.
0.1,教育・理数,multi,education,2,Reviewed exact raw-value mapping.
0.1,教育・福祉,multi,nursing_health_welfare,1,Reviewed exact raw-value mapping.
0.1,教育・福祉,multi,education,2,Reviewed exact raw-value mapping.
0.1,教育支援,single,education,1,Reviewed exact raw-value mapping.
0.1,数学,single,natural_sciences,1,Reviewed exact raw-value mapping.
0.1,数学・教員養成,multi,natural_sciences,1,Reviewed exact raw-value mapping.
0.1,数学・教員養成,multi,education,2,Reviewed exact raw-value mapping.
0.1,数理工学,multi,natural_sciences,1,Reviewed exact raw-value mapping.
0.1,数理工学,multi,engineering,2,Reviewed exact raw-value mapping.
0.1,数理科学,single,natural_sciences,1,Reviewed exact raw-value mapping.
0.1,数理科学・統計,multi,natural_sciences,1,Reviewed exact raw-value mapping.
0.1,数理科学・統計,multi,information,2,Reviewed exact raw-value mapping.
0.1,文化・地域,multi,humanities,1,Reviewed exact raw-value mapping.
0.1,文化・地域,multi,social_sciences,2,Reviewed exact raw-value mapping.
0.1,文化・情報,multi,information,1,Reviewed exact raw-value mapping.
0.1,文化・情報,multi,humanities,2,Reviewed exact raw-value mapping.
0.1,文化・文学,single,humanities,1,Reviewed exact raw-value mapping.
0.1,文化政策,multi,humanities,1,Reviewed exact raw-value mapping.
0.1,文化政策,multi,social_sciences,2,Reviewed exact raw-value mapping.
0.1,文学・日本語,single,humanities,1,Reviewed exact raw-value mapping.
0.1,文学・英語,single,humanities,1,Reviewed exact raw-value mapping.
0.1,文理融合,single,interdisciplinary,1,Reviewed exact raw-value mapping.
0.1,日本文学,single,humanities,1,Reviewed exact raw-value mapping.
0.1,未来工学・データサイエンス,multi,engineering,1,Reviewed exact raw-value mapping.
0.1,未来工学・データサイエンス,multi,information,2,Reviewed exact raw-value mapping.
0.1,材料,single,engineering,1,Reviewed exact raw-value mapping.
0.1,材料・化学,multi,natural_sciences,1,Reviewed exact raw-value mapping.
0.1,材料・化学,multi,engineering,2,Reviewed exact raw-value mapping.
0.1,材料・半導体,single,engineering,1,Reviewed exact raw-value mapping.
0.1,栄養,multi,nursing_health_welfare,1,Reviewed exact raw-value mapping.
0.1,栄養,multi,home_lifestyle,2,Reviewed exact raw-value mapping.
0.1,栄養・健康科学,multi,nursing_health_welfare,1,Reviewed exact raw-value mapping.
0.1,栄養・健康科学,multi,home_lifestyle,2,Reviewed exact raw-value mapping.
0.1,栄養・医療,multi,nursing_health_welfare,1,Reviewed exact raw-value mapping.
0.1,栄養・医療,multi,home_lifestyle,2,Reviewed exact raw-value mapping.
0.1,栄養・食品,multi,life_sciences,1,Reviewed exact raw-value mapping.
0.1,栄養・食品,multi,nursing_health_welfare,2,Reviewed exact raw-value mapping.
0.1,栄養・食品,multi,home_lifestyle,3,Reviewed exact raw-value mapping.
0.1,栄養科学,multi,nursing_health_welfare,1,Reviewed exact raw-value mapping.
0.1,栄養科学,multi,home_lifestyle,2,Reviewed exact raw-value mapping.
0.1,森林・環境,multi,agriculture_fisheries,1,Reviewed exact raw-value mapping.
0.1,森林・環境,multi,environment,2,Reviewed exact raw-value mapping.
0.1,森林科学,single,agriculture_fisheries,1,Reviewed exact raw-value mapping.
0.1,機械,single,engineering,1,Reviewed exact raw-value mapping.
0.1,機械・ロボティクス,single,engineering,1,Reviewed exact raw-value mapping.
0.1,機械工学,single,engineering,1,Reviewed exact raw-value mapping.
0.1,機械工学・ものづくり,single,engineering,1,Reviewed exact raw-value mapping.
0.1,歯学,single,dentistry,1,Reviewed exact raw-value mapping.
0.1,歯学・福祉,multi,dentistry,1,Reviewed exact raw-value mapping.
0.1,歯学・福祉,multi,nursing_health_welfare,2,Reviewed exact raw-value mapping.
0.1,歯科衛生,multi,dentistry,1,Reviewed exact raw-value mapping.
0.1,歯科衛生,multi,nursing_health_welfare,2,Reviewed exact raw-value mapping.
0.1,歴史・民俗,single,humanities,1,Reviewed exact raw-value mapping.
0.1,水産,single,agriculture_fisheries,1,Reviewed exact raw-value mapping.
0.1,法,single,social_sciences,1,Reviewed exact raw-value mapping.
0.1,法・行政,single,social_sciences,1,Reviewed exact raw-value mapping.
0.1,法学,single,social_sciences,1,Reviewed exact raw-value mapping.
0.1,海洋・学際,single,interdisciplinary,1,Reviewed exact raw-value mapping.
0.1,海洋・工学,single,engineering,1,Reviewed exact raw-value mapping.
0.1,海洋・機械電気,single,engineering,1,Reviewed exact raw-value mapping.
0.1,海洋・水産,single,agriculture_fisheries,1,Reviewed exact raw-value mapping.
0.1,海洋・環境,multi,natural_sciences,1,Reviewed exact raw-value mapping.
0.1,海洋・環境,multi,environment,2,Reviewed exact raw-value mapping.
0.1,海洋・生命,multi,agriculture_fisheries,1,Reviewed exact raw-value mapping.
0.1,海洋・生命,multi,life_sciences,2,Reviewed exact raw-value mapping.
0.1,海洋工学,single,engineering,1,Reviewed exact raw-value mapping.
0.1,海洋政策・社会,single,social_sciences,1,Reviewed exact raw-value mapping.
0.1,海洋生命科学,multi,agriculture_fisheries,1,Reviewed exact raw-value mapping.
0.1,海洋生命科学,multi,life_sciences,2,Reviewed exact raw-value mapping.
0.1,海洋生物,multi,agriculture_fisheries,1,Reviewed exact raw-value mapping.
0.1,海洋生物,multi,life_sciences,2,Reviewed exact raw-value mapping.
0.1,海洋資源・エネルギー,multi,engineering,1,Reviewed exact raw-value mapping.
0.1,海洋資源・エネルギー,multi,environment,2,Reviewed exact raw-value mapping.
0.1,物流・情報,multi,information,1,Reviewed exact raw-value mapping.
0.1,物流・情報,multi,social_sciences,2,Reviewed exact raw-value mapping.
0.1,物理,single,natural_sciences,1,Reviewed exact raw-value mapping.
0.1,獣医,single,veterinary,1,Reviewed exact raw-value mapping.
0.1,獣医保健看護,single,veterinary,1,Reviewed exact raw-value mapping.
0.1,獣医学,single,veterinary,1,Reviewed exact raw-value mapping.
0.1,理学,single,natural_sciences,1,Reviewed exact raw-value mapping.
0.1,理学・化学,single,natural_sciences,1,Reviewed exact raw-value mapping.
0.1,理学・化学・生命科学,multi,natural_sciences,1,Reviewed exact raw-value mapping.
0.1,理学・化学・生命科学,multi,life_sciences,2,Reviewed exact raw-value mapping.
0.1,理学・地球環境,multi,natural_sciences,1,Reviewed exact raw-value mapping.
0.1,理学・地球環境,multi,environment,2,Reviewed exact raw-value mapping.
0.1,理学・地球科学,multi,natural_sciences,1,Reviewed exact raw-value mapping.
0.1,理学・地球科学,multi,environment,2,Reviewed exact raw-value mapping.
0.1,理学・工学,multi,natural_sciences,1,Reviewed exact raw-value mapping.
0.1,理学・工学,multi,engineering,2,Reviewed exact raw-value mapping.
0.1,理学・情報・学際,multi,natural_sciences,1,Reviewed exact raw-value mapping.
0.1,理学・情報・学際,multi,information,2,Reviewed exact raw-value mapping.
0.1,理学・情報・学際,multi,interdisciplinary,3,Reviewed exact raw-value mapping.
0.1,理学・数学,single,natural_sciences,1,Reviewed exact raw-value mapping.
0.1,理学・数学・教員養成,multi,natural_sciences,1,Reviewed exact raw-value mapping.
0.1,理学・数学・教員養成,multi,education,2,Reviewed exact raw-value mapping.
0.1,理学・数学・物理,single,natural_sciences,1,Reviewed exact raw-value mapping.
0.1,理学・物理,single,natural_sciences,1,Reviewed exact raw-value mapping.
0.1,理学・環境,multi,natural_sciences,1,Reviewed exact raw-value mapping.
0.1,理学・環境,multi,environment,2,Reviewed exact raw-value mapping.
0.1,理学・生命,multi,natural_sciences,1,Reviewed exact raw-value mapping.
0.1,理学・生命,multi,life_sciences,2,Reviewed exact raw-value mapping.
0.1,理学・生物,multi,natural_sciences,1,Reviewed exact raw-value mapping.
0.1,理学・生物,multi,life_sciences,2,Reviewed exact raw-value mapping.
0.1,理学・自然科学,single,natural_sciences,1,Reviewed exact raw-value mapping.
0.1,理学療法,single,nursing_health_welfare,1,Reviewed exact raw-value mapping.
0.1,理工,multi,natural_sciences,1,Reviewed exact raw-value mapping.
0.1,理工,multi,engineering,2,Reviewed exact raw-value mapping.
0.1,理工・情報,multi,natural_sciences,1,Reviewed exact raw-value mapping.
0.1,理工・情報,multi,engineering,2,Reviewed exact raw-value mapping.
0.1,理工・情報,multi,information,3,Reviewed exact raw-value mapping.
0.1,理工・情報・工学・化学,multi,natural_sciences,1,Reviewed exact raw-value mapping.
0.1,理工・情報・工学・化学,multi,engineering,2,Reviewed exact raw-value mapping.
0.1,理工・情報・工学・化学,multi,information,3,Reviewed exact raw-value mapping.
0.1,理工・機械・物理,multi,natural_sciences,1,Reviewed exact raw-value mapping.
0.1,理工・機械・物理,multi,engineering,2,Reviewed exact raw-value mapping.
0.1,理工・物質生命,multi,natural_sciences,1,Reviewed exact raw-value mapping.
0.1,理工・物質生命,multi,engineering,2,Reviewed exact raw-value mapping.
0.1,理工・物質生命,multi,life_sciences,3,Reviewed exact raw-value mapping.
0.1,理工・生命,multi,natural_sciences,1,Reviewed exact raw-value mapping.
0.1,理工・生命,multi,engineering,2,Reviewed exact raw-value mapping.
0.1,理工・生命,multi,life_sciences,3,Reviewed exact raw-value mapping.
0.1,環境,single,environment,1,Reviewed exact raw-value mapping.
0.1,環境・人間,single,environment,1,Reviewed exact raw-value mapping.
0.1,環境・化学,multi,natural_sciences,1,Reviewed exact raw-value mapping.
0.1,環境・化学,multi,environment,2,Reviewed exact raw-value mapping.
0.1,環境・化学工学,multi,natural_sciences,1,Reviewed exact raw-value mapping.
0.1,環境・化学工学,multi,engineering,2,Reviewed exact raw-value mapping.
0.1,環境・化学工学,multi,environment,3,Reviewed exact raw-value mapping.
0.1,環境・森林,multi,agriculture_fisheries,1,Reviewed exact raw-value mapping.
0.1,環境・森林,multi,environment,2,Reviewed exact raw-value mapping.
0.1,環境・生命,multi,life_sciences,1,Reviewed exact raw-value mapping.
0.1,環境・生命,multi,environment,2,Reviewed exact raw-value mapping.
0.1,環境・生態,multi,life_sciences,1,Reviewed exact raw-value mapping.
0.1,環境・生態,multi,environment,2,Reviewed exact raw-value mapping.
0.1,環境・社会,multi,social_sciences,1,Reviewed exact raw-value mapping.
0.1,環境・社会,multi,environment,2,Reviewed exact raw-value mapping.
0.1,環境・経営,multi,social_sciences,1,Reviewed exact raw-value mapping.
0.1,環境・経営,multi,environment,2,Reviewed exact raw-value mapping.
0.1,環境・都市,multi,engineering,1,Reviewed exact raw-value mapping.
0.1,環境・都市,multi,environment,2,Reviewed exact raw-value mapping.
0.1,環境工学・農業工学,multi,engineering,1,Reviewed exact raw-value mapping.
0.1,環境工学・農業工学,multi,agriculture_fisheries,2,Reviewed exact raw-value mapping.
0.1,環境工学・農業工学,multi,environment,3,Reviewed exact raw-value mapping.
0.1,環境科学,multi,natural_sciences,1,Reviewed exact raw-value mapping.
0.1,環境科学,multi,environment,2,Reviewed exact raw-value mapping.
0.1,環境科学・文理融合,multi,natural_sciences,1,Reviewed exact raw-value mapping.
0.1,環境科学・文理融合,multi,environment,2,Reviewed exact raw-value mapping.
0.1,環境科学・文理融合,multi,interdisciplinary,3,Reviewed exact raw-value mapping.
0.1,生体医用工学,multi,engineering,1,Reviewed exact raw-value mapping.
0.1,生体医用工学,multi,nursing_health_welfare,2,Reviewed exact raw-value mapping.
0.1,生命・化学,multi,natural_sciences,1,Reviewed exact raw-value mapping.
0.1,生命・化学,multi,life_sciences,2,Reviewed exact raw-value mapping.
0.1,生命・環境,multi,life_sciences,1,Reviewed exact raw-value mapping.
0.1,生命・環境,multi,environment,2,Reviewed exact raw-value mapping.
0.1,生命・農学,multi,agriculture_fisheries,1,Reviewed exact raw-value mapping.
0.1,生命・農学,multi,life_sciences,2,Reviewed exact raw-value mapping.
0.1,生命工学,multi,engineering,1,Reviewed exact raw-value mapping.
0.1,生命工学,multi,life_sciences,2,Reviewed exact raw-value mapping.
0.1,生命工学・電気電子,multi,engineering,1,Reviewed exact raw-value mapping.
0.1,生命工学・電気電子,multi,life_sciences,2,Reviewed exact raw-value mapping.
0.1,生命科学,single,life_sciences,1,Reviewed exact raw-value mapping.
0.1,生命科学・バイオ,single,life_sciences,1,Reviewed exact raw-value mapping.
0.1,生命科学・動物,multi,life_sciences,1,Reviewed exact raw-value mapping.
0.1,生命科学・動物,multi,veterinary,2,Reviewed exact raw-value mapping.
0.1,生命科学・化学,multi,natural_sciences,1,Reviewed exact raw-value mapping.
0.1,生命科学・化学,multi,life_sciences,2,Reviewed exact raw-value mapping.
0.1,生命科学・医工学,multi,engineering,1,Reviewed exact raw-value mapping.
0.1,生命科学・医工学,multi,life_sciences,2,Reviewed exact raw-value mapping.
0.1,生命科学・医工学,multi,nursing_health_welfare,3,Reviewed exact raw-value mapping.
0.1,生命科学・医情報,multi,information,1,Reviewed exact raw-value mapping.
0.1,生命科学・医情報,multi,life_sciences,2,Reviewed exact raw-value mapping.
0.1,生命科学・医情報,multi,nursing_health_welfare,3,Reviewed exact raw-value mapping.
0.1,生命科学・医療,multi,life_sciences,1,Reviewed exact raw-value mapping.
0.1,生命科学・医療,multi,nursing_health_welfare,2,Reviewed exact raw-value mapping.
0.1,生命科学・医科学,multi,life_sciences,1,Reviewed exact raw-value mapping.
0.1,生命科学・医科学,multi,medicine,2,Reviewed exact raw-value mapping.
0.1,生命科学・微生物,single,life_sciences,1,Reviewed exact raw-value mapping.
0.1,生命科学・情報,multi,information,1,Reviewed exact raw-value mapping.
0.1,生命科学・情報,multi,life_sciences,2,Reviewed exact raw-value mapping.
0.1,生命科学・海洋,multi,agriculture_fisheries,1,Reviewed exact raw-value mapping.
0.1,生命科学・海洋,multi,life_sciences,2,Reviewed exact raw-value mapping.
0.1,生命科学・環境,multi,life_sciences,1,Reviewed exact raw-value mapping.
0.1,生命科学・環境,multi,environment,2,Reviewed exact raw-value mapping.
0.1,生命科学・環境・化学,multi,natural_sciences,1,Reviewed exact raw-value mapping.
0.1,生命科学・環境・化学,multi,life_sciences,2,Reviewed exact raw-value mapping.
0.1,生命科学・環境・化学,multi,environment,3,Reviewed exact raw-value mapping.
0.1,生命科学・生物,single,life_sciences,1,Reviewed exact raw-value mapping.
0.1,生命科学・生物工学,multi,engineering,1,Reviewed exact raw-value mapping.
0.1,生命科学・生物工学,multi,life_sciences,2,Reviewed exact raw-value mapping.
0.1,生命科学・生物資源,multi,agriculture_fisheries,1,Reviewed exact raw-value mapping.
0.1,生命科学・生物資源,multi,life_sciences,2,Reviewed exact raw-value mapping.
0.1,生命科学・薬学,multi,life_sciences,1,Reviewed exact raw-value mapping.
0.1,生命科学・薬学,multi,pharmacy,2,Reviewed exact raw-value mapping.
0.1,生活・デザイン,multi,arts_design,1,Reviewed exact raw-value mapping.
0.1,生活・デザイン,multi,home_lifestyle,2,Reviewed exact raw-value mapping.
0.1,生活科学,single,home_lifestyle,1,Reviewed exact raw-value mapping.
0.1,生物資源,multi,agriculture_fisheries,1,Reviewed exact raw-value mapping.
0.1,生物資源,multi,life_sciences,2,Reviewed exact raw-value mapping.
0.1,看護,single,nursing_health_welfare,1,Reviewed exact raw-value mapping.
0.1,看護・保健,single,nursing_health_welfare,1,Reviewed exact raw-value mapping.
0.1,看護・医療,single,nursing_health_welfare,1,Reviewed exact raw-value mapping.
0.1,看護・医療・情報,multi,information,1,Reviewed exact raw-value mapping.
0.1,看護・医療・情報,multi,nursing_health_welfare,2,Reviewed exact raw-value mapping.
0.1,看護・養護教育,multi,nursing_health_welfare,1,Reviewed exact raw-value mapping.
0.1,看護・養護教育,multi,education,2,Reviewed exact raw-value mapping.
0.1,社会,single,social_sciences,1,Reviewed exact raw-value mapping.
0.1,社会・データサイエンス,multi,information,1,Reviewed exact raw-value mapping.
0.1,社会・データサイエンス,multi,social_sciences,2,Reviewed exact raw-value mapping.
0.1,社会・国際,single,social_sciences,1,Reviewed exact raw-value mapping.
0.1,社会・地域,single,social_sciences,1,Reviewed exact raw-value mapping.
0.1,社会・情報,multi,information,1,Reviewed exact raw-value mapping.
0.1,社会・情報,multi,social_sciences,2,Reviewed exact raw-value mapping.
0.1,社会学,single,social_sciences,1,Reviewed exact raw-value mapping.
0.1,福祉,single,nursing_health_welfare,1,Reviewed exact raw-value mapping.
0.1,科学コミュニケーション,single,interdisciplinary,1,Reviewed exact raw-value mapping.
0.1,経営,single,social_sciences,1,Reviewed exact raw-value mapping.
0.1,経営・デザイン,multi,social_sciences,1,Reviewed exact raw-value mapping.
0.1,経営・デザイン,multi,arts_design,2,Reviewed exact raw-value mapping.
0.1,経営・デザイン科学,multi,social_sciences,1,Reviewed exact raw-value mapping.
0.1,経営・デザイン科学,multi,arts_design,2,Reviewed exact raw-value mapping.
0.1,経営・国際,single,social_sciences,1,Reviewed exact raw-value mapping.
0.1,経営・情報,multi,information,1,Reviewed exact raw-value mapping.
0.1,経営・情報,multi,social_sciences,2,Reviewed exact raw-value mapping.
0.1,経営・経済,single,social_sciences,1,Reviewed exact raw-value mapping.
0.1,経営工学,single,engineering,1,Reviewed exact raw-value mapping.
0.1,経済,single,social_sciences,1,Reviewed exact raw-value mapping.
0.1,経済・データ分析,multi,information,1,Reviewed exact raw-value mapping.
0.1,経済・データ分析,multi,social_sciences,2,Reviewed exact raw-value mapping.
0.1,経済・経営,single,social_sciences,1,Reviewed exact raw-value mapping.
0.1,経済・経営・国際,single,social_sciences,1,Reviewed exact raw-value mapping.
0.1,経済・経営・情報,multi,information,1,Reviewed exact raw-value mapping.
0.1,経済・経営・情報,multi,social_sciences,2,Reviewed exact raw-value mapping.
0.1,経済学,single,social_sciences,1,Reviewed exact raw-value mapping.
0.1,総合,single,interdisciplinary,1,Reviewed exact raw-value mapping.
0.1,美術,single,arts_design,1,Reviewed exact raw-value mapping.
0.1,美術・工芸,single,arts_design,1,Reviewed exact raw-value mapping.
0.1,臨床検査,single,nursing_health_welfare,1,Reviewed exact raw-value mapping.
0.1,臨床検査・生命科学,multi,life_sciences,1,Reviewed exact raw-value mapping.
0.1,臨床検査・生命科学,multi,nursing_health_welfare,2,Reviewed exact raw-value mapping.
0.1,自然資源・経営,multi,agriculture_fisheries,1,Reviewed exact raw-value mapping.
0.1,自然資源・経営,multi,social_sciences,2,Reviewed exact raw-value mapping.
0.1,航空マネジメント,multi,social_sciences,1,Reviewed exact raw-value mapping.
0.1,航空マネジメント,multi,tourism_hospitality,2,Reviewed exact raw-value mapping.
0.1,航空・ドローン,single,engineering,1,Reviewed exact raw-value mapping.
0.1,航空・パイロット,review_required,,,Pilot training is not safely equivalent to engineering or tourism/hospitality.
0.1,航空・マネジメント,multi,social_sciences,1,Reviewed exact raw-value mapping.
0.1,航空・マネジメント,multi,tourism_hospitality,2,Reviewed exact raw-value mapping.
0.1,航空・宇宙,single,engineering,1,Reviewed exact raw-value mapping.
0.1,航空・整備,single,engineering,1,Reviewed exact raw-value mapping.
0.1,航空・機械工学,single,engineering,1,Reviewed exact raw-value mapping.
0.1,航空工学・ドローン,single,engineering,1,Reviewed exact raw-value mapping.
0.1,航空技術,single,engineering,1,Reviewed exact raw-value mapping.
0.1,芸術,single,arts_design,1,Reviewed exact raw-value mapping.
0.1,芸術・スポーツ,multi,arts_design,1,Reviewed exact raw-value mapping.
0.1,芸術・スポーツ,multi,sports,2,Reviewed exact raw-value mapping.
0.1,芸術・デザイン,single,arts_design,1,Reviewed exact raw-value mapping.
0.1,芸術・人文,multi,humanities,1,Reviewed exact raw-value mapping.
0.1,芸術・人文,multi,arts_design,2,Reviewed exact raw-value mapping.
0.1,芸術・体育,multi,arts_design,1,Reviewed exact raw-value mapping.
0.1,芸術・体育,multi,sports,2,Reviewed exact raw-value mapping.
0.1,芸術・工学,multi,engineering,1,Reviewed exact raw-value mapping.
0.1,芸術・工学,multi,arts_design,2,Reviewed exact raw-value mapping.
0.1,芸術・工芸,single,arts_design,1,Reviewed exact raw-value mapping.
0.1,芸術・文化,multi,humanities,1,Reviewed exact raw-value mapping.
0.1,芸術・文化,multi,arts_design,2,Reviewed exact raw-value mapping.
0.1,芸術学,single,arts_design,1,Reviewed exact raw-value mapping.
0.1,芸術文化・観光,multi,humanities,1,Reviewed exact raw-value mapping.
0.1,芸術文化・観光,multi,arts_design,2,Reviewed exact raw-value mapping.
0.1,芸術文化・観光,multi,tourism_hospitality,3,Reviewed exact raw-value mapping.
0.1,薬学,single,pharmacy,1,Reviewed exact raw-value mapping.
0.1,薬学・創薬科学,multi,life_sciences,1,Reviewed exact raw-value mapping.
0.1,薬学・創薬科学,multi,pharmacy,2,Reviewed exact raw-value mapping.
0.1,薬学（6年制）,single,pharmacy,1,Reviewed exact raw-value mapping.
0.1,薬科学,multi,life_sciences,1,Reviewed exact raw-value mapping.
0.1,薬科学,multi,pharmacy,2,Reviewed exact raw-value mapping.
0.1,薬科学・創薬,multi,life_sciences,1,Reviewed exact raw-value mapping.
0.1,薬科学・創薬,multi,pharmacy,2,Reviewed exact raw-value mapping.
0.1,薬科学（4年制）,multi,life_sciences,1,Reviewed exact raw-value mapping.
0.1,薬科学（4年制）,multi,pharmacy,2,Reviewed exact raw-value mapping.
0.1,視機能療法,single,nursing_health_welfare,1,Reviewed exact raw-value mapping.
0.1,観光,single,tourism_hospitality,1,Reviewed exact raw-value mapping.
0.1,観光・国際,multi,social_sciences,1,Reviewed exact raw-value mapping.
0.1,観光・国際,multi,tourism_hospitality,2,Reviewed exact raw-value mapping.
0.1,言語聴覚,single,nursing_health_welfare,1,Reviewed exact raw-value mapping.
0.1,診療放射線・医療情報,multi,information,1,Reviewed exact raw-value mapping.
0.1,診療放射線・医療情報,multi,nursing_health_welfare,2,Reviewed exact raw-value mapping.
0.1,認知・情報科学,multi,information,1,Reviewed exact raw-value mapping.
0.1,認知・情報科学,multi,humanities,2,Reviewed exact raw-value mapping.
0.1,資源・地球科学,multi,natural_sciences,1,Reviewed exact raw-value mapping.
0.1,資源・地球科学,multi,environment,2,Reviewed exact raw-value mapping.
0.1,農学,single,agriculture_fisheries,1,Reviewed exact raw-value mapping.
0.1,農学・デザイン,multi,agriculture_fisheries,1,Reviewed exact raw-value mapping.
0.1,農学・デザイン,multi,arts_design,2,Reviewed exact raw-value mapping.
0.1,農学・国際共生,multi,agriculture_fisheries,1,Reviewed exact raw-value mapping.
0.1,農学・国際共生,multi,social_sciences,2,Reviewed exact raw-value mapping.
0.1,農学・地域,multi,agriculture_fisheries,1,Reviewed exact raw-value mapping.
0.1,農学・地域,multi,social_sciences,2,Reviewed exact raw-value mapping.
0.1,農学・地域資源,multi,agriculture_fisheries,1,Reviewed exact raw-value mapping.
0.1,農学・地域資源,multi,social_sciences,2,Reviewed exact raw-value mapping.
0.1,農学・工学,multi,engineering,1,Reviewed exact raw-value mapping.
0.1,農学・工学,multi,agriculture_fisheries,2,Reviewed exact raw-value mapping.
0.1,農学・情報,multi,information,1,Reviewed exact raw-value mapping.
0.1,農学・情報,multi,agriculture_fisheries,2,Reviewed exact raw-value mapping.
0.1,農学・理科教育,multi,natural_sciences,1,Reviewed exact raw-value mapping.
0.1,農学・理科教育,multi,agriculture_fisheries,2,Reviewed exact raw-value mapping.
0.1,農学・理科教育,multi,education,3,Reviewed exact raw-value mapping.
0.1,農学・環境,multi,agriculture_fisheries,1,Reviewed exact raw-value mapping.
0.1,農学・環境,multi,environment,2,Reviewed exact raw-value mapping.
0.1,農学・生命,multi,agriculture_fisheries,1,Reviewed exact raw-value mapping.
0.1,農学・生命,multi,life_sciences,2,Reviewed exact raw-value mapping.
0.1,農学・生命科学,multi,agriculture_fisheries,1,Reviewed exact raw-value mapping.
0.1,農学・生命科学,multi,life_sciences,2,Reviewed exact raw-value mapping.
0.1,農学・社会,multi,agriculture_fisheries,1,Reviewed exact raw-value mapping.
0.1,農学・社会,multi,social_sciences,2,Reviewed exact raw-value mapping.
0.1,農学・食,multi,agriculture_fisheries,1,Reviewed exact raw-value mapping.
0.1,農学・食,multi,life_sciences,2,Reviewed exact raw-value mapping.
0.1,農学・食品,multi,agriculture_fisheries,1,Reviewed exact raw-value mapping.
0.1,農学・食品,multi,life_sciences,2,Reviewed exact raw-value mapping.
0.1,農獣医,multi,agriculture_fisheries,1,Reviewed exact raw-value mapping.
0.1,農獣医,multi,veterinary,2,Reviewed exact raw-value mapping.
0.1,農芸化学,multi,natural_sciences,1,Reviewed exact raw-value mapping.
0.1,農芸化学,multi,agriculture_fisheries,2,Reviewed exact raw-value mapping.
0.1,農芸化学,multi,life_sciences,3,Reviewed exact raw-value mapping.
0.1,造園・環境,multi,agriculture_fisheries,1,Reviewed exact raw-value mapping.
0.1,造園・環境,multi,arts_design,2,Reviewed exact raw-value mapping.
0.1,造園・環境,multi,environment,3,Reviewed exact raw-value mapping.
0.1,都市・環境工学,multi,engineering,1,Reviewed exact raw-value mapping.
0.1,都市・環境工学,multi,environment,2,Reviewed exact raw-value mapping.
0.1,都市・社会,single,social_sciences,1,Reviewed exact raw-value mapping.
0.1,都市・経営,single,social_sciences,1,Reviewed exact raw-value mapping.
0.1,醸造・発酵,single,life_sciences,1,Reviewed exact raw-value mapping.
0.1,電子・情報,multi,engineering,1,Reviewed exact raw-value mapping.
0.1,電子・情報,multi,information,2,Reviewed exact raw-value mapping.
0.1,電子工学,single,engineering,1,Reviewed exact raw-value mapping.
0.1,電気・電子,single,engineering,1,Reviewed exact raw-value mapping.
0.1,電気・電子・情報,multi,engineering,1,Reviewed exact raw-value mapping.
0.1,電気・電子・情報,multi,information,2,Reviewed exact raw-value mapping.
0.1,電気・電子工学,single,engineering,1,Reviewed exact raw-value mapping.
0.1,電気工学,single,engineering,1,Reviewed exact raw-value mapping.
0.1,電気電子,single,engineering,1,Reviewed exact raw-value mapping.
0.1,電気電子・情報,multi,engineering,1,Reviewed exact raw-value mapping.
0.1,電気電子・情報,multi,information,2,Reviewed exact raw-value mapping.
0.1,電気電子・情報工学,multi,engineering,1,Reviewed exact raw-value mapping.
0.1,電気電子・情報工学,multi,information,2,Reviewed exact raw-value mapping.
0.1,電気電子・情報通信,multi,engineering,1,Reviewed exact raw-value mapping.
0.1,電気電子・情報通信,multi,information,2,Reviewed exact raw-value mapping.
0.1,電気電子・材料,single,engineering,1,Reviewed exact raw-value mapping.
0.1,電気電子工学,single,engineering,1,Reviewed exact raw-value mapping.
0.1,音楽,single,arts_design,1,Reviewed exact raw-value mapping.
0.1,音楽・芸術,single,arts_design,1,Reviewed exact raw-value mapping.
0.1,食・データサイエンス,multi,information,1,Reviewed exact raw-value mapping.
0.1,食・データサイエンス,multi,life_sciences,2,Reviewed exact raw-value mapping.
0.1,食・生命科学,single,life_sciences,1,Reviewed exact raw-value mapping.
0.1,食品・健康,multi,life_sciences,1,Reviewed exact raw-value mapping.
0.1,食品・健康,multi,nursing_health_welfare,2,Reviewed exact raw-value mapping.
0.1,食品・栄養・生命,multi,life_sciences,1,Reviewed exact raw-value mapping.
0.1,食品・栄養・生命,multi,nursing_health_welfare,2,Reviewed exact raw-value mapping.
0.1,食品・栄養・生命,multi,home_lifestyle,3,Reviewed exact raw-value mapping.
0.1,食品・生命,single,life_sciences,1,Reviewed exact raw-value mapping.
0.1,食品・生命科学,single,life_sciences,1,Reviewed exact raw-value mapping.
0.1,食品・経営,multi,life_sciences,1,Reviewed exact raw-value mapping.
0.1,食品・経営,multi,social_sciences,2,Reviewed exact raw-value mapping.
0.1,食品・農業経済,multi,agriculture_fisheries,1,Reviewed exact raw-value mapping.
0.1,食品・農業経済,multi,life_sciences,2,Reviewed exact raw-value mapping.
0.1,食品・農業経済,multi,social_sciences,3,Reviewed exact raw-value mapping.
0.1,食品・香粧・化学,multi,natural_sciences,1,Reviewed exact raw-value mapping.
0.1,食品・香粧・化学,multi,life_sciences,2,Reviewed exact raw-value mapping.
0.1,食品科学,single,life_sciences,1,Reviewed exact raw-value mapping.
0.1,食料・環境政策,multi,agriculture_fisheries,1,Reviewed exact raw-value mapping.
0.1,食料・環境政策,multi,social_sciences,2,Reviewed exact raw-value mapping.
0.1,食料・環境政策,multi,environment,3,Reviewed exact raw-value mapping.
0.1,食料・環境経済,multi,agriculture_fisheries,1,Reviewed exact raw-value mapping.
0.1,食料・環境経済,multi,social_sciences,2,Reviewed exact raw-value mapping.
0.1,食料・環境経済,multi,environment,3,Reviewed exact raw-value mapping.
0.1,食料・農業政策,multi,agriculture_fisheries,1,Reviewed exact raw-value mapping.
0.1,食料・農業政策,multi,social_sciences,2,Reviewed exact raw-value mapping.
0.1,高度情報科学,single,information,1,Reviewed exact raw-value mapping.
