taxonomy_version,group_code,display_label,description,display_order
0.1,natural_sciences,理学,数学・物理・化学・地球科学などの自然科学,1
0.1,engineering,工学・建築,工学・建築・土木・機械・電気電子・材料など,2
0.1,information,情報・データサイエンス,情報科学・計算機・AI・データサイエンスなど,3
0.1,agriculture_fisheries,農学・水産,農学・森林・水産・農業資源など,4
0.1,life_sciences,生命科学,生命科学・生物学・バイオ・食品発酵など,5
0.1,medicine,医学,人の医学,6
0.1,dentistry,歯学,歯学・歯科,7
0.1,pharmacy,薬学,薬学・薬科学・創薬,8
0.1,nursing_health_welfare,看護・保健・医療・福祉,看護・保健・医療技術・リハビリ・健康・福祉,9
0.1,veterinary,獣医・動物,獣医学・動物科学・動物医療,10
0.1,humanities,人文,文学・言語・歴史・文化・心理など,11
0.1,social_sciences,社会科学,法・政治・経済・経営・政策・社会など,12
0.1,education,教育・保育,教育・教員養成・保育・子ども,13
0.1,arts_design,芸術・デザイン,芸術・美術・音楽・映像・工芸・デザイン,14
0.1,home_lifestyle,生活・家政,生活科学・家政・栄養・住生活,15
0.1,sports,スポーツ,スポーツ・体育,16
0.1,environment,環境,環境・生態・サステナビリティを明示する分野,17
0.1,tourism_hospitality,観光・ホスピタリティ,観光・ホスピタリティ,18
0.1,interdisciplinary,総合・学際,総合・学際・融合・共創を明示する分野,19
