institution_type,university,undergraduate_scope,research_status,master_rows,current_year_status,fallback_status,checked_on,official_source_url,notes
国立,北海道大学,学部入試対象,Master反映済・追加項目再監査済,19,2027年度情報を反映,不要（現行情報あり）,2026-09-17,https://www.hokudai.ac.jp/admission/faculty/ao/,全国Coverage母集団は2026年4月現在の現行リスト基準。 v1.0：フロンティア入試Type I・IIの19募集単位について、専願・併願根拠と成績関係書類を2027年度公式募集要項で再監査済。 追加7項目の再監査は完了。既存の学部別出願資格・英語・履修科目等は今後精緻化する。
国立,北海道教育大学,学部入試対象,Master反映済・追加項目再監査済,4,2027年度情報を反映,不要（現行情報あり）,2026-09-17,https://www.hokkyodai.ac.jp/exam/faculties/exam/download/,全国Coverage母集団は2026年4月現在の現行リスト基準。 v1.1：総合型選抜4募集単位について、専願根拠・成績関係書類・選考方法・日程を2027年度公式募集要項で再監査済。
国立,室蘭工業大学,学部入試対象,Master反映済・追加項目再監査済,2,2027年度情報を反映,不要（現行情報あり）,2026-09-17,https://muroran-it.ac.jp/entrance/admission/exam/uee/,全国Coverage母集団は2026年4月現在の現行リスト基準。 v1.2：学校推薦型選抜2募集単位について、専願根拠・成績関係書類・共通テスト科目/配点・選考方法・日程を2027年度公式募集要項で再監査済。
国立,小樽商科大学,学部入試対象,Master反映済・追加項目再監査済,5,2027年度情報を反映（昼間推薦の詳細募集要項は未公表）,不要（2027年度選抜要項で主要項目確認済）,2026-09-17,https://nyushi.otaru-uc.ac.jp/examination/guideline/,全国Coverage母集団は2026年4月現在の現行リスト基準。 v1.3：旧3レコードを募集枠単位で5レコードへ正規化。グローカル一般枠/理系枠、昼間推薦一般枠/専門学科・総合学科枠、夜間主推薦について、専願・推薦人数・成績書類・選考方法を2027年度公式資料で再監査。昼間推薦の詳細募集要項は2026年10月上旬公表後に追加確認する。
国立,帯広畜産大学,学部入試対象,Master反映済・追加項目再監査済,4,2027年度情報を反映,不要（現行情報あり）,2026-09-17,https://www.obihiro.ac.jp/undergrad-adm,全国Coverage母集団は2026年4月現在の現行リスト基準。 v1.4：学校推薦型A/B/C推薦3募集単位＋総合型選抜1募集単位を2027年度公式募集要項から新規詳細抽出。専願根拠、評定/履修条件、成績書類、選考方法、日程を精査済。学校推薦型の学校あたり推薦人数上限は要項上明示を確認できず。
国立,北見工業大学,学部入試対象,Master反映済・追加項目再監査済,21,2027年度情報を反映（学校推薦型詳細募集要項は未公表）,不要（2027年度選抜要項で主要項目確認済）,2026-09-17,https://koho5.office.kitami-it.ac.jp/admission/undergraduate-admissions/,全国Coverage母集団は2026年4月現在の現行リスト基準。 v1.5：総合型20募集単位（9ユニット×一般/女子特別＋第一次産業＋冬季スポーツ）と学校推薦型1募集単位を新規詳細抽出。学校推薦型詳細募集要項は10月上旬公表後に再確認。
国立,旭川医科大学,学部入試対象,Master反映済・追加項目再監査済,3,2027年度情報を反映,不要（現行情報あり）,2026-09-17,https://www.asahikawa-med.ac.jp/admission/exam/faculty_app_guidebook/,全国Coverage母集団は2026年4月現在の現行リスト基準。 v1.6：医学科北海道特別・道北道東特別、看護学科推薦の3募集単位を2027年度公式募集要項で全面再監査。専願、評定、推薦人数、調査書、共通テスト/課題論文/面接・集団討論、日程を精密化。
国立,弘前大学,学部入試対象,Master反映済・追加項目再監査済,33,2027年度情報を反映,不要（現行情報あり）,2026-09-17,https://nyushi.hirosaki-u.ac.jp/documents/,全国Coverage母集団は2026年4月現在の現行リスト基準。 v1.7：2027年度総合型選抜を33募集単位へ新規詳細抽出。IB・専門高校・地域志向教員・医学地域枠などの内包枠を別レコード化し、capacityに内数を明示。専願、調査書、選考フラグ、口頭試問・プレゼン・共通テスト、日程を精密化。
国立,岩手大学,学部入試対象,Master反映済・追加項目再監査済,43,2027年度情報を反映,不要（現行情報あり）,2026-09-17,https://www.iwate-u.ac.jp/admission/undergraduate/info.html,全国Coverage母集団は2026年4月現在の現行リスト基準。 v1.8：学校推薦型24、教育総合型Ⅰ3、理工総合型6、農学総合型8、共同獣医総合型2の計43募集単位を2027年度公式要項から新規詳細抽出。女子枠・専門高校枠・地域枠等は別レコード化し、内数はcapacityに明示。
国立,東北大学,学部入試対象,Master反映済・追加項目再監査済,20,2027年度情報を反映,不要（現行情報あり）,2026-09-17,https://admissions.tohoku.ac.jp/ja/entrance-info/undergraduate-info/ao/,全国Coverage母集団は2026年4月現在の現行リスト基準。 v0.9：AO入試Ⅱ期20募集単位について、専願・併願根拠、成績関係書類、学習成績概評/IB基準を2027年度公式資料で再監査済。
国立,宮城教育大学,学部入試対象,Master反映済・追加項目再監査済,13,2027年度情報を反映,不要（現行情報あり）,2026-09-17,https://www.miyakyo-u.ac.jp/admissions/faculty-education-info/index.html,全国Coverage母集団は2026年4月現在の現行リスト基準。 v1.9：学校推薦型3募集単位＋総合型10募集単位を2027年度公式募集要項から新規詳細抽出。総合型地域定着枠は5教科別の出願単位を別レコード化しつつ、8名共有枠をcapacityに明示。
国立,秋田大学,学部入試対象,Master反映済・追加項目再監査済,37,2027年度情報を反映（医学科秋田県地域枠の募集人員のみ未確定）,不要（現行情報あり）,2026-09-17,https://www.akita-u.ac.jp/honbu/exam/ex_kind.html,全国Coverage母集団は2026年4月現在の現行リスト基準。 v2.0：学校推薦型17＋総合型20＝37募集単位を2027年度公式資料から新規詳細抽出。医学科秋田県地域枠は募集人員未確定のためcapacityを未定として保持。
国立,山形大学,学部入試対象,Master反映済・追加項目再監査済,56,2027年度情報を反映,不要（現行情報あり),2026-09-17,https://www.yamagata-u.ac.jp/jp/entrance/,全国Coverage母集団は2026年4月現在の現行リスト基準。 v2.1：総合型18＋学校推薦型Ⅰ30＋学校推薦型Ⅱ8＝56募集単位を2027年度公式入学者選抜要項から新規詳細抽出。工学推薦の一般/工業系資格、教育の実技型、医学地域枠等を別レコード化。
国立,福島大学,学部入試対象,Master反映済・追加項目再監査済,24,2027年度情報を反映,不要（現行情報あり）,2026-09-17,https://nyushi.adb.fukushima-u.ac.jp/yoko.html,全国Coverage母集団は2026年4月現在の現行リスト基準。 v2.2：2027年度学士課程再編後の新4学部制に合わせ、総合型14＋学校推薦型10＝24募集単位を現行要項から新規詳細抽出。教育探究枠7系、理工女性枠、食農2枠、政経A/B推薦、教育推薦7系等を別レコード化。
国立,東京大学,学部入試対象,Master反映済・追加項目再監査済,11,2027年度情報を反映,不要（現行情報あり）,2026-09-17,https://www.u-tokyo.ac.jp/ja/admissions/undergraduate/e01_28.html,全国Coverage母集団は2026年4月現在の現行リスト基準。 v0.8：追加7項目（専願・併願根拠／成績関係書類）と募集人員を2027年度公式情報で再監査済。
国立,東京外国語大学,学部入試対象,Master反映済・追加項目再監査済,28,2027年度情報を反映,不要（現行情報あり）,2026-09-17,https://www.tufs.ac.jp/admission/exam/guideline/suisen.html,全国Coverage母集団は2026年4月現在の現行リスト基準。 v2.3：学校推薦型選抜を公式募集単位どおり、言語文化15・国際社会12・国際日本1＝28募集単位として新規詳細抽出。国際社会・国際日本の探究/国際交流活動要件をResearchRequirementsにも構造化。
国立,東京科学大学,学部入試対象,Master反映済・追加項目再監査済,13,2027年度情報を反映,不要（現行情報あり）,2026-09-17,,全国Coverage母集団は2026年4月現在の現行リスト基準。 v0.7追加7項目（専願・併願根拠／成績関係書類）を2027年度公式要項で再監査済。
国立,東京学芸大学,学部入試対象,Master反映済・追加項目再監査済,33,2027年度情報を反映,不要（現行情報あり）,2026-09-18,https://www.u-gakugei.ac.jp/nyushi/gakubu/,全国Coverage母集団は2026年4月現在の現行リスト基準。 v2.4：学校推薦型22募集単位（計134人）＋総合型11募集単位（計52人）を2027年度公式資料から新規詳細抽出。推薦可能人数・評定・履修/活動要件、小論文・実技・口頭試問・プレゼン・ディスカッション等を構造化。
国立,東京農工大学,学部入試対象,Master反映済・追加項目再監査済,18,2027年度情報を反映,不要（現行情報あり）,2026-09-18,https://www.tuat.ac.jp/admission/nyushi_gakubu/youkou/,全国Coverage母集団は2026年4月現在の現行リスト基準。 v2.5：総合型6（環境資源ゼミナール1＋工学SAIL5）、学校推薦型11、産業動物獣医師養成枠1の計18募集単位を2027年度公式資料から新規詳細抽出。SAILの必須特別活動5件をResearchRequirementsにも追加。
国立,東京藝術大学,学部入試対象,Master反映済・追加項目再監査済,3,2027年度情報を反映,不要（現行情報あり）,2026-09-18,https://admissions.geidai.ac.jp/undergraduate/music/application/,全国Coverage母集団は2026年4月現在の現行リスト基準。 v2.6：2027年度に通常の学校推薦型・総合型を実施しないことを確認。早期入試DB対象として音楽学部SSP（飛び入学）のピアノ・弦楽・管打楽3募集単位を新規詳細抽出。入学確約の明記は確認できないためexclusive_enrollment_statusは『不明』とした。
国立,東京海洋大学,学部入試対象,Master反映済・追加項目再監査済,42,2027年度情報を反映,不要（現行情報あり）,2026-09-18,https://www.kaiyodai.ac.jp/entranceexamination/undergraduate/requirements/,全国Coverage母集団は2026年4月現在の現行リスト基準。 v2.7：総合型32募集単位＋学校推薦型10募集単位＝42募集単位を2027年度公式資料から新規詳細抽出。海洋生命・工学・資源環境のA/B/C-I/C-II/D/E、学校推薦A/B、水産教員養成課程の内数を募集単位として構造化。
国立,お茶の水女子大学,学部入試対象,Master反映済・追加項目再監査済,21,2027年度情報を反映,不要（現行情報あり）,2026-09-18,https://www.ao.ocha.ac.jp/application/faculty/body/application_faculty.html,全国Coverage母集団は2026年4月現在の現行リスト基準。 v2.8：総合型（新フンボルト）13募集単位＋学校推薦型8募集単位＝21募集単位を2027年度公式要項から新規詳細抽出。文系総合型は6学科で12名共有枠としてcapacityに明示。食物栄養学科の自主研究ポスター要件をResearchRequirementsへ追加。
国立,電気通信大学,学部入試対象,Master反映済・追加項目再監査済,19,2027年度情報を反映,不要（現行情報あり）,2026-09-18,https://www.uec.ac.jp/education/undergraduate/admission/senbatsu_type.html,全国Coverage母集団は2026年4月現在の現行リスト基準。 v2.9：総合型3類＋学校推薦型15専門教育プログラム＋夜間主コース総合型1＝19募集単位を2027年度公式資料から新規詳細抽出。総合型3類の必須活動実績報告をResearchRequirementsにも追加。
国立,一橋大学,学部入試対象,Master反映済・追加項目再監査済,5,2027年度主要情報を反映（学校推薦型詳細募集要項は9月下旬公表予定）,不要（前年情報で穴埋めせず、2027選抜要項のみ使用）,2026-09-18,https://juken.hit-u.ac.jp/admission/info/guidelines/,全国Coverage母集団は2026年4月現在の現行リスト基準。 v3.0：商・経済・法・社会・ソーシャルデータサイエンスの学校推薦型5募集単位を2027年度入学者選抜要項から新規詳細抽出。詳細学校推薦型募集要項が未公表のため推薦人数上限・出願様式等は未確定として保持。非語学系の代替出願資格をResearchRequirementsに12件追加。
国立,政策研究大学院大学,対象外（大学院大学）,対象外,0,学部入試なし,対象外,2026-09-17,,全国Coverage母集団は2026年4月現在の現行リスト基準。
国立,茨城大学,学部入試対象,Master反映済・追加項目再監査済,47,2027年度情報を反映,不要（現行情報あり）,2026-09-18,https://www.ibaraki.ac.jp/admission/application/2027/index.html,全国Coverage母集団は2026年4月現在の現行リスト基準。 v3.1：総合型8＋学校推薦型39＝47募集単位を2027年度公式資料から新規詳細抽出。地域未来共創学環の活動要件、理学部推薦の研究経験代替、保健体育の競技実績をResearchRequirementsにも構造化。
国立,筑波大学,学部入試対象,Master反映済・追加項目再監査済,35,2027年度情報を再監査済,不要（現行情報あり）,2026-09-18,https://ac.tsukuba.ac.jp/apply/application-guidelines/,全国Coverage母集団は2026年4月現在の現行リスト基準。 v3.1：既存35募集単位を新共通スキーマで再監査。AC8は体育のみ専願、他7は条件付き。推薦26は専願。研究型人材は推薦/一般と併願可・特定特別入試とは併願不可のため条件付きとして構造化。
国立,筑波技術大学,学部入試対象,Master反映済・追加項目再監査済,14,2027年度情報を反映・聴覚障害側7募集単位を追加,不要（現行情報あり）,2026-09-18,https://www.tsukuba-tech.ac.jp/admission/it/guideline.html,全国Coverage母集団は2026年4月現在の現行リスト基準。 v3.2：既存の視覚障害側7募集単位を再監査し、聴覚障害側の推薦3＋総合型4を新規追加して計14募集単位。両系とも選抜要項に入学確約の明記を確認できないため、専願を推測せずexclusive_enrollment_status='不明'。
国立,宇都宮大学,学部入試対象,Master反映済・追加項目再監査済,42,2027年度総合型Aを詳細反映・学校推薦型は主要項目反映,不要（2027年度公式情報のみ使用）,2026-09-18,https://admission.utsunomiya-u.ac.jp/entrance-exam-info/faculty-entrance-exam/,全国Coverage母集団は2026年4月現在の現行リスト基準。 v3.2：総合型A一般23＋特別未来デザイン6＋学校推薦型13＝42募集単位を2027年度公式資料から新規抽出。未来デザイン6件のGSC等第一段階修了要件をResearchRequirementsに追加。学校推薦型は詳細募集要項の再確認が必要なためpartial/B。
国立,群馬大学,学部入試対象,Master反映済・追加項目再監査済,31,2027年度総合型選抜・学校推薦型選抜を詳細反映,不要（2027年度公式情報のみ使用）,2026-09-18,https://www.gunma-u.ac.jp/admission/g3000/,全国Coverage母集団は2026年4月現在の現行リスト基準。v3.3：学校推薦型22＋総合型9＝31募集単位を2027年度公式資料から反映。iTFL2件の研究・コンテスト要件をResearchRequirementsへ構造化。医学科地域医療枠12名は臨時定員増が認められた場合。
国立,埼玉大学,学部入試対象,Master反映済・追加項目再監査済,37,2027年度総合型選抜・学校推薦型選抜を詳細反映,不要（2027年度公式情報のみ使用）,2026-09-18,https://www.saitama-u.ac.jp/entrance/,全国Coverage母集団は2026年4月現在の現行リスト基準。v3.4：総合型3＋学校推薦型34＝37募集単位を2027年度公式資料から反映。教育学部の全国枠・地域枠、工学部の一般枠・女子枠等を募集単位ごとに分割。
国立,千葉大学,学部入試対象,Master反映済・追加項目再監査済,55,2027年度総合型・学校推薦型・先進科学プログラム早期方式を詳細反映,不要（2027年度公式情報のみ使用）,2026-09-18,https://www.chiba-u.jp/admissions/gakubu/special.html,全国Coverage母集団は2026年4月現在の現行リスト基準。v3.5：教育学部方式I/II/IIIの30募集単位を2027年度要項で再構成し、各学部の総合型・推薦、園芸学部独自選抜、先進科学プログラム早期方式4件を含む計55募集単位を反映。教育学部方式IIIは千葉県・千葉市の教員採用試験受験確約であり入学確約ではないため、専願扱いせず不明で保持。先進科学プログラムも入学確約の明記未確認のため不明で保持。
国立,横浜国立大学,学部入試対象,Master反映済・追加項目再監査済,26,2027年度公式募集要項確認済,不要（現行情報あり）,2026-09-18,https://www.ynu.ac.jp/exam/faculty/essential/index.html,2027年度の総合型選抜・学校推薦型選抜を募集単位で反映。教育学部専門領域、都市科学部学科、理工学部推薦一般枠・女子枠等を分割収録。
国立,総合研究大学院大学,対象外（大学院大学）,対象外,0,学部入試なし,対象外,2026-09-17,,全国Coverage母集団は2026年4月現在の現行リスト基準。
国立,新潟大学,学部入試対象,Master反映済・追加項目再監査済,77,2027年度公式募集要項確認済（医学科のみ未公表）,医学部医学科のみ2026年度公式情報を前年参考として使用,2026-09-18,https://www.niigata-u.ac.jp/admissions/faculty/recommendation/,総合型15＋学校推薦型60を2027年度公式要項から反映。医学部医学科2枠のみ2027年度要項未公表のため2026年度公式情報を前年参考として明示。
国立,長岡技術科学大学,学部入試対象,Master反映済・追加項目再監査済,6,2027年度公式募集要項確認済,不要（現行情報あり）,2026-09-18,https://www.nagaokaut.ac.jp/admissions/exam/bachelor1/outline/index.html,従来の工業等に関する学科・総合学科5分野を詳細再監査し、普通科・理数科等枠10人を追加。
国立,上越教育大学,学部入試対象,Master反映済・追加項目再監査済,3,2027年度主要情報反映（学校推薦型詳細募集要項待ち）,不要（現行情報あり）,2026-09-18,https://www.juen.ac.jp/060admissions/020faculty/005exam/comprehensive.html,総合型選抜Ⅰ・Ⅱを2027年度公式情報で再監査。学校推薦型は2027年度入学者選抜要項・公式ページの主要情報を反映し、詳細募集要項公表後に再確認予定。
国立,山梨大学,学部入試対象,Master反映済・追加項目再監査済,50,2027年度公式募集要項確認済,不要（現行情報あり）,2026-09-18,https://www.yamanashi.ac.jp/admission/291,教育15、医学・看護3、工学28、生命環境4の計50募集単位を2027年度公式募集要項から反映。工学部推薦の一般枠・女子枠を別募集単位として収録。
国立,信州大学,学部入試対象,Master反映済・追加項目再監査済,79,2027年度公式募集要項確認済（医学科は詳細募集要項待ち）,不要（現行情報あり）,2026-09-18,https://www.shinshu-u.ac.jp/ad_portal/selection/,総合型26＋学校推薦型53＝79募集単位を反映。医学科は2027年度入学者選抜要項の主要情報を収録し、詳細募集要項公表後に再確認予定。
国立,富山大学,学部入試対象,Master反映済・追加項目再監査済,37,2027年度公式募集要項・募集人員確認済（医学科総合型Ⅱの詳細要項のみ未公表）,前年fallback不使用。医学科総合型Ⅱ3枠は2027年度実施計画としてpartial収録,2026-09-18,https://www.u-toyama.ac.jp/admission/undergraduate-exam/number/,2027年度公式募集要項を基準に37募集単位を収録。医学科総合型Ⅱ（富山大学地域枠10、富山県特別枠10、新潟県特別枠2）は募集人員・実施計画のみ現行公式で確認し、詳細募集要項待ちとして明示。
国立,金沢大学,学部入試対象,Master反映済・追加項目再監査済,36,2027年度KUGS募集要項・入学者選抜要項確認済,不要（2027年度現行情報で収録）,2026-09-18,https://www.kanazawa-u.ac.jp/admission/boshuyoko,KUGS総合型選抜Ⅰ/Ⅱ・KUGS学校推薦型選抜Ⅰ/Ⅱを36募集単位として収録。A-lympiad、超然文学、女子枠等の別種の特別選抜は本DBの現行調査範囲に合わせて本バッチでは対象外。KUGSのGSC/STELLA等は研究実績必須ではなく出願資格の代替経路として記録。
国立,北陸先端科学技術大学院大学,対象外（大学院大学）,対象外,0,学部入試なし,対象外,2026-09-17,,全国Coverage母集団は2026年4月現在の現行リスト基準。
国立,福井大学,学部入試対象,Master反映済・追加項目再監査済,31,2027年度入学者選抜要項・公開済み各募集要項確認済,不要（2027年度現行情報で収録）,2026-09-18,https://www.u-fukui.ac.jp/user_admission/examination/essential_point/,教育学部11、医学部4、工学部14、国際地域学部2の計31募集単位。医学科推薦Ⅱは全国枠5（総数34から地元14・地域15を差引）、地元出身者枠14、地域枠15程度として2027年度選抜要項から構造化。
国立,静岡大学,学部入試対象,Master反映済・追加項目再監査済,54,2027年度総合型選抜・学校推薦型選抜募集要項確認済,不要（2027年度公式募集要項あり）,2026-09-18,https://www.shizuoka.ac.jp/nyushi/guide/boshu/,総合型14募集単位＋学校推薦型40募集単位を2027年度公式募集要項から反映。
国立,浜松医科大学,学部入試対象,Master反映済・追加項目再監査済,3,2027年度学校推薦型選抜募集要項確認済,不要（2027年度公式募集要項あり）,2026-09-18,https://www.hama-med.ac.jp/admission/faculty/guideline/,医学科一般枠・地域枠、看護学科の3募集単位を2027年度公式募集要項から反映。
国立,岐阜大学,学部入試対象,Master反映済・追加項目再監査済,42,学校推薦型選抜Ⅰは2027詳細要項確認済／学校推薦型選抜Ⅱは2027入学者選抜要項確認済・詳細要項待ち,推薦Ⅱは前年情報を混在させず2027現行資料で確認可能な項目のみpartial収録,2026-09-18,https://www.gifu-u.ac.jp/admission/f_applicant/guide.html,推薦Ⅰ6募集単位＋推薦Ⅱ36募集単位。推薦Ⅱは詳細募集要項未公表のため出願資格・専願等を未確定のまま保持。
国立,名古屋大学,学部入試対象,Master反映済・追加項目再監査済,36,2027年度公式情報確認済,なし,2026-09-18,https://www.nagoya-u.ac.jp/admissions/exam/us-exam/,2027年度総合型選抜5件を追加項目再監査し、学校推薦型選抜31募集単位を新規反映。
国立,愛知教育大学,学部入試対象,Master反映済・追加項目再監査済,42,2027年度公式情報確認済,なし,2026-09-18,https://www.aichi-edu.ac.jp/exam/faculty/info/,2027年度総合型選抜17＋学校推薦型選抜25＝42募集単位を公式募集要項から反映。
国立,名古屋工業大学,学部入試対象,Master反映済・追加項目再監査済,19,2027年度公式情報確認済,なし,2026-09-18,https://www.nitech.ac.jp/examination/gakubu/request.html,2027年度総合型4＋学校推薦型15＝19募集単位を反映。共通テストを課す推薦6件は詳細募集要項準備中のためpartial。
国立,豊橋技術科学大学,学部入試対象,Master反映済・追加項目再監査済,6,2027年度募集要項公開済・詳細反映済,不要（2027年度公式情報で反映）,2026-09-18,https://www.tut.ac.jp/exam/entrance/collect.html,2027年度第1年次学校推薦型選抜6募集単位を公式要項で詳細抽出。推薦人数制限なし・入学確約・適性検査等を構造化。
国立,三重大学,学部入試対象,Master反映済・追加項目再監査済,57,2027年度募集要項公開済・詳細反映済,不要（2027年度公式情報で反映）,2026-09-18,https://www.mie-u.ac.jp/exam/faculty/guidelines/,2027年度総合型12＋学校推薦型45＝57募集単位を公式要項で詳細抽出。医学科総合Ⅱ等の研究・活動実績要件を子テーブル化。
国立,滋賀大学,学部入試対象,Master反映済・追加項目再監査済,30,2027年度募集要項公開済・詳細反映済,不要（2027年度公式情報で反映）,2026-09-18,https://www.shiga-u.ac.jp/admission/examination_info/guideline/,2027年度総合型4＋学校推薦型26＝30募集単位。教育学部の専攻再編後の地域枠・一般枠・特技枠を募集要項どおり再構成。
国立,滋賀医科大学,学部入試対象,Master反映済・追加項目再監査済,4,2027年度募集要項を反映,不要（現行情報あり）,2026-09-18,https://www.shiga-med.ac.jp/admission/undergraduate/requirements,医学科（一般枠・地元医療枠）と看護学科（一般枠・地元医療枠）の4募集単位を2027年度募集要項で精査。
国立,京都大学,学部入試対象,Master反映済・追加項目再監査済,33,2027年度特色入試募集要項を反映,不要（現行情報あり）,2026-09-18,https://www.kyoto-u.ac.jp/ja/admissions/tokusyoku/,既存33募集単位を全面再監査。専願・調査書・推薦人数・選考方法を更新し、研究・課題活動要件13件を子テーブル化。
国立,京都教育大学,学部入試対象,Master反映済・追加項目再監査済,42,2027年度募集要項・入学者選抜要項を反映,不要（現行情報あり）,2026-09-18,https://www.kyokyo-u.ac.jp/admission/r9s-youkou.pdf,通常推薦14募集単位＋地域指定A/B各14専攻＝42募集単位。地域指定は各約10名の共有枠として構造化。
国立,京都工芸繊維大学,学部入試対象,Master反映済・追加項目再監査済,49,2027年度公式募集要項を反映,不要（現行情報あり）,2026-09-18,https://ac.web.kit.ac.jp/02/nyushi/gakubu_yoko.html,ダビンチ入試35募集単位＋学校推薦型14募集単位を2027年度公式募集要項から収録。専願根拠、成績関係書類、選考方法、日程を確認。
国立,大阪大学,学部入試対象,Master反映済・追加項目再監査済,13,2027年度公式募集要項を反映,不要（現行情報あり）,2026-09-18,https://www.nyusi.icho.osaka-u.ac.jp/up/pdf/R9sougougakusui_bosyuyoukou.pdf,既存13募集単位を2027年度公式募集要項で全面再監査。専願根拠を確定し、成績関係書類・選考方法を補完。理学部研究奨励型の研究要件8件を子テーブル化。
国立,大阪教育大学,学部入試対象,Master反映済・追加項目再監査済,29,2027年度公式募集要項を反映,不要（現行情報あり）,2026-09-18,https://osaka-kyoiku.ac.jp/admission/department/gakubuis_r9/gakubu_suisen.html,学校推薦型選抜29募集単位を2027年度公式募集要項から収録。共通テスト有無、地域教員希望枠、高大接続枠、実技・面接等を分解。
国立,兵庫教育大学,学部入試対象,Master反映済・追加項目再監査済,3,2027年度公式募集要項を反映,不要（現行情報あり）,2026-09-18,https://www.hyogo-u.ac.jp/admission/education/request.php,2027年度公式募集要項で総合型〈一般枠16〉・〈地域教員希望枠8〉・学校推薦型56を精査。専願根拠、評定3.5、選考方法、推薦人数上限なし等を反映。
国立,神戸大学,学部入試対象,Master反映済・追加項目再監査済,16,2027年度公式募集要項を反映,不要（現行情報あり）,2026-09-18,https://www.office.kobe-u.ac.jp/stdnt-examinavi/juken/kokorozashi/index.html,2027年度「志」特別選抜を16募集単位・計61人へ展開。専願、評定・履修条件、選考方法を再監査。環境共生学科の研究活動要件3件をResearchRequirementsへ追加。
国立,奈良教育大学,学部入試対象,Master反映済・追加項目再監査済,41,2027年度公式募集要項を反映,不要（現行情報あり）,2026-09-18,https://www.nara-edu.ac.jp/admissions/claiml.html,2027年度総合型選抜を41募集単位（意欲重視型19・一般型Ⅰ13・一般型Ⅱ9、計66人）として収録。専願、評定、共通テスト、専修別選考を反映。
国立,奈良女子大学,学部入試対象,Master反映済・追加項目再監査済,34,2027年度公式募集要項確認済,不使用,2026-09-18,https://www.nara-wu.ac.jp/nyusi/nyusi2_a.html,v5.9：学校推薦型、探究力入試Q、高大接続PICASOを募集単位へ展開し追加項目再監査。
国立,奈良先端科学技術大学院大学,対象外（大学院大学）,対象外,0,学部入試なし,対象外,2026-09-17,,全国Coverage母集団は2026年4月現在の現行リスト基準。
国立,和歌山大学,学部入試対象,Master反映済・追加項目再監査済,12,2027年度公式募集要項確認済,不使用,2026-09-18,https://www.wakayama-u.ac.jp/admission/faculty/invitation,v5.9：教育・経済・システム工学・観光・社会インフォマティクスの総合型/学校推薦型を募集単位へ展開。
国立,鳥取大学,学部入試対象,Master反映済・追加項目再監査済,23,2027年度公式募集要項確認済,不使用,2026-09-18,https://www.admissions.adm.tottori-u.ac.jp/,v5.9：総合型I/II、学校推薦型I/IIを2027年度募集要項から募集単位へ展開。
国立,島根大学,学部入試対象,Master反映済・追加項目再監査済,43,2027年度公式募集要項公開済,なし,2026-09-18,https://www.shimane-u.ac.jp/nyushi/information/application/2027/2027gakubu.html,総合型選抜Ⅰ「へるん入試」35募集単位＋学校推薦型等8募集単位を精査。
国立,岡山大学,学部入試対象,Master反映済・追加項目再監査済,42,2027年度公式募集要項公開済（一部医学科地域枠は公式予告段階）,なし,2026-09-18,https://www.okayama-u.ac.jp/tp/admission/suisenshakaibosyuyoko.html,総合型12＋学校推薦型27＋医学科地域枠公式予告3。地域枠3件は正式募集要項11月上旬予定のため予告として明示。
国立,広島大学,学部入試対象,Master反映済・追加項目再監査済,60,2027年度公式募集要項公開済（一部医学科ふるさと枠は11月下旬予定）,医学部医学科ふるさと枠のみ2026年度公式情報を前年参考として収録,2026-09-18,https://www.hiroshima-u.ac.jp/nyushi/yoko_doga/yoko,総合型51＋学校推薦型I 2＋学校推薦型II 6＋医学科ふるさと枠前年参考1。旧2件を全置換。
国立,山口大学,学部入試対象,Master反映済・追加項目再監査待ち,48,2027総合型詳細要項公開済／学校推薦型は医学科以外9月下旬・医学科11月下旬公表予定（9/20再確認）,前年情報不使用,2026-09-20,https://www.yamaguchi-u.ac.jp/nyushi/yoko/index.html,総合型13行は2027詳細要項公開済でA。学校推薦型35行は2027入学者選抜要項まで確認済。2026-09-20再確認でも学校推薦型詳細要項は医学科以外9月下旬・医学科11月下旬公表予定のため、B/partialを維持し、未公表項目は不明/Unknownのまま。
国立,徳島大学,学部入試対象,Master反映済・追加項目再監査待ち,49,2027入学者選抜要項公開済／推薦Ⅰ・共テあり総合型は9月下旬、推薦Ⅱ・共テなし総合型は11月下旬公表予定（9/20再確認）,前年情報不使用,2026-09-20,https://www.tokushima-u.ac.jp/admission/admission/senbatsuyoko.html,49行すべて2027入学者選抜要項で確認済。2026-09-20再確認でも、学校推薦型Ⅰおよび共通テストを課す総合型は9月下旬、学校推薦型Ⅱおよび共通テストを課さない総合型は11月下旬公表予定。全49行B/partialを維持。
国立,鳴門教育大学,学部入試対象,Master反映済・追加項目再監査済,13,2027年度学校推薦型選抜学生募集要項確認済,前年情報不使用,2026-09-18,https://www.naruto-u.ac.jp/admissions/undergraduate03/,学校推薦型Ⅰ4募集単位、Ⅱ9募集単位を2027年度公式学生募集要項で精査。
国立,香川大学,学部入試対象,Master反映済・追加項目再監査済,37,2027年度詳細学生募集要項による追加項目再監査済,前年情報不使用,2026-09-19,https://www.kagawa-u.ac.jp/admission/admission_guide/29/,2027年度学校推薦型選抜Ⅰ・Ⅱおよび総合型選抜Ⅰの詳細学生募集要項で37行を再監査。専願、成績関係書類、出願書類、選考方法、検索用選考フラグ、日程を確認。学校あたり推薦人数が明記されない募集単位は推測せず不明として保持。
国立,愛媛大学,学部入試対象,Master反映済・追加項目再監査済,63,2027年度詳細学生募集要項による追加項目再監査済,前年情報不使用,2026-09-19,https://www.ehime-u.ac.jp/entrance/guidelines-download/,2027年度学校推薦型・総合型Ⅰ・Ⅱの詳細学生募集要項が公開済となったため63行を再監査。出願期間・合格発表日等を補完し、検索用選考フラグを更新。看護学科総合型ⅠB（社会人枠）は公式要項に入学確約条件の明記を確認できず、専願区分は不明のまま保持。
国立,高知大学,学部入試対象,Master反映済・追加項目再監査済,41,2027年度詳細学生募集要項による追加項目再監査済,前年情報不使用,2026-09-19,https://nyusi.kochi-u.ac.jp/nyushi/admissions,2027年度総合型Ⅰ・Ⅱ、学校推薦型Ⅰ・Ⅱの詳細学生募集要項（8月7日改訂版等）で41行を再監査。推薦Ⅰは11/2〜11/6出願・12/1合格発表、推薦Ⅱは学部別日程、総合Ⅱは12/2〜12/7出願・2/10合格発表を反映。学校あたり推薦人数が確認できない募集単位は不明として保持。
国立,福岡教育大学,学部入試対象,Master反映済・追加項目再監査済,15,2027年度学校推薦型選抜詳細学生募集要項による追加項目再監査済,前年情報不使用,2026-09-19,https://www.fukuoka-edu.ac.jp/admissions/information/recommendation.html,学校推薦型Ⅰ12＋Ⅱ3＝15募集単位を2027年度詳細学生募集要項で再監査。専願根拠、評定、推薦人数、調査書、専攻別の小論文・実技・口頭試問・面接、共通テスト利用、2027日程を反映。
国立,九州大学,学部入試対象,Master反映済・追加項目再監査済,54,2027年度総合型Ⅰ・Ⅱ・次世代研究者発掘入試Ⅰ/Ⅱ・学校推薦型 詳細学生募集要項再監査済,前年情報不使用,2026-09-19,https://www.kyushu-u.ac.jp/ja/admission/faculty/selection,54募集単位を2027年度各詳細学生募集要項で再監査。総合型Ⅰ、総合型Ⅱ、次世代研究者発掘入試Ⅰ/Ⅱ、学校推薦型はいずれも当年度詳細要項公開済。公式文言で確定できない専願・推薦人数・評定等は不明のまま保持。
国立,九州工業大学,学部入試対象,Master反映済・追加項目再監査待ち,34,学校推薦型・総合Ⅰ詳細要項公開済／総合Ⅱ10月下旬・IB 11月上旬公表予定（9/20再確認）,前年情報不使用,2026-09-20,https://www.kyutech.ac.jp/examination,学校推薦型8・総合Ⅰ8は2027年度詳細要項でA。2026-09-20再確認でも、総合Ⅱ9は令和9年度版学生募集要項が10月下旬、IB9は11月上旬公表予定。該当18行はB/partialを維持。
国立,佐賀大学,学部入試対象,Master反映済・追加項目再監査済,46,2027年度学校推薦型・佐賀県推薦・総合型の詳細学生募集要項再監査済,前年情報不使用,2026-09-19,https://www.sao.saga-u.ac.jp/gakubugakububosyuuyoukou.html,46募集単位を2027年度現行詳細募集要項で再監査。学校推薦Ⅰは学部別評定・推薦人数、推薦Ⅱ医学科は概評A・一般2名/佐賀県枠制限なし、佐賀県推薦医学科は概評A・入学/修学資金/地域医療従事確約を反映。総合型Ⅰ/Ⅱも当年度詳細要項公開を確認しAへ更新。
国立,長崎大学,学部入試対象,Master反映済・追加項目再監査済,49,2027年度学校推薦型・総合型詳細学生募集要項再監査済,前年情報不使用,2026-09-19,https://www.nagasaki-u.ac.jp/nyugaku/admission/selection/,49募集単位を2027年度学校推薦型・総合型の詳細募集要項で再監査。推薦Ⅰ/Ⅱの出願期間・試験日・2/10最終発表、総合型Ⅰの9/1〜9/7出願・11/2合格発表等を反映。専願・推薦人数等、公式文言で確定できない行は不明のまま保持。
国立,熊本大学,学部入試対象,Master反映済・追加項目再監査待ち,29,総合型Ⅰ/Ⅱ詳細要項精査済／学校推薦Ⅰは9月下旬・Ⅱは11月下旬公表予定（9/20再確認）,前年情報不使用,2026-09-20,https://www.kumamoto-u.ac.jp/nyuushi/gakubunyushi/gakuseibosyuyoukoutou,29行を再確認。総合型5行は2027年度詳細要項でA。学校推薦Ⅰ3行は9月下旬、推薦Ⅱ21行は11月下旬に学生募集要項公表予定で、2026-09-20時点では未公表。推薦24行はB/partialのまま、未公表項目を不明/Unknownで維持。
国立,大分大学,学部入試対象,Master反映済・追加項目再監査待ち,44,2027年度入学者選抜要項公開済／学生募集要項は順次発行予定・9/20時点未掲載,前年情報不使用,2026-09-20,https://www.oita-u.ac.jp/06nyushi/02gakubu.html,44行すべて2027年度入学者選抜要項（概要資料）から募集単位・主要項目を確認。要項表紙に『各選抜の詳細は順次発行する学生募集要項により確認』と明記され、2026-09-20時点で公式入試ページに詳細学生募集要項は未掲載。44行B/partialを維持。
国立,宮崎大学,学部入試対象,Master反映済・追加項目再監査待ち,58,総合型Ⅰ14・工学部学校推薦Ⅰ24を2027詳細要項で精査済／その他20は9月下旬公表予定,前年情報不使用,2026-09-20,https://www.miyazaki-u.ac.jp/exam/department-exam/selection.html,58行中、2027年度総合型選抜Ⅰ（教育4・工学6・農学4）14行と工学部学校推薦型選抜Ⅰ24行を学生募集要項本文で詳細精査しAへ更新（計38行A）。残る学校推薦型Ⅰ/Ⅱ・総合型Ⅱ20行は、大学公式公表予定表で9月下旬公表予定のためB/partialを維持。
国立,鹿児島大学,学部入試対象,Master反映済・追加項目再監査待ち,109,AO型2・学校推薦型Ⅰ20を2027詳細要項で精査済／自己推薦型・推薦Ⅱ・IBは9月下旬公表予定,前年情報不使用,2026-09-20,https://www.kagoshima-u.ac.jp/exam/youkou.html,109行中、AO型2件＋学校推薦型Ⅰ20件＝22件を2027年度学生募集要項本文でAへ更新。自己推薦型12・学校推薦型Ⅱ32・IB43の計87件は9月下旬公表予定のためB/partialを維持。
国立,鹿屋体育大学,学部入試対象,Master反映済・追加項目再監査済,5,2027年度A.C.E.アスリート・新設A.C.E.サポーター・学校推薦型 公式募集要項確認済,前年情報不使用,2026-09-20,https://www.nifs-k.ac.jp/admission/faculty/exam/recommendation/,既存4行を再監査し、新設A.C.E.サポーター（スポーツ総合5）を追加。アスリート13（スポーツ10・武道3）、サポーター5、学校推薦67（スポーツ52・武道15）を実募集単位5行で収録。選考方法、専願性、2027日程を現行公式情報で確認。成績関係書類は公開ページで明示確認できずUnknownとして保持。
国立,琉球大学,学部入試対象,Master反映済・追加項目再監査待ち,65,総合型17件は2027詳細要項精査済／学校推薦型Ⅰ・Ⅱ48件は2026年9月公表予定・9/20時点未掲載,前年情報不使用,2026-09-20,https://www.u-ryukyu.ac.jp/admissions/recruitment/,総合型Ⅰ12・Ⅱ5の17件はA。学校推薦型Ⅰ14・Ⅱ34の48件は公式ページ上で2026年9月公表予定だが、2026-09-20時点で令和9年度募集要項リンク未掲載。前年要項を使わずB/partial維持。
公立,札幌医科大学,学部入試対象,Master反映済・追加項目再監査済,5,2027年度公式募集要項・選抜要項確認済,前年情報不使用,2026-09-19,https://web.sapmed.ac.jp/jp/public/exam/l0re8300000000eh.html,医学部総合型・学校推薦型、保健医療学部学校推薦型を2027年度選抜要項で精査。医学科特別枠は臨時増員8名申請分を含み現時点で確定定員ではない旨を注記。
公立,釧路公立大学,学部入試対象,Master反映済・追加項目再監査済,4,2027年度学校推薦型選抜学生募集要項・追加項目再監査済,前年情報不使用,2026-09-20,https://www.kushiro-pu.ac.jp/examinfo/entrance_examination/recruit.html,4募集区分すべてA。専願・評定3.5・調査書・小論文・面接・日程を公式要項で確認。学校あたり推薦人数上限は要項全文を再監査しても明示がないため、不明を正式値として再監査完了。
公立,公立はこだて未来大学,学部入試対象,Master反映済・追加項目再監査済,4,2027年度総合型・学校推薦型学生募集要項を再監査済,前年情報不使用,2026-09-20,https://www.fun.ac.jp/admission/,4募集単位すべてA。学校推薦型3枠の学校あたり推薦人数上限は、2027年度募集要項・公式概要・Q&Aを再監査しても明示がないため、『不明（公式資料に明示なし）』を正式値として追加項目再監査完了。
公立,名寄市立大学,学部入試対象,Master反映済・追加項目再監査済,12,2027年度公式募集要項確認済,前年情報不使用,2026-09-19,https://www.nayoro.ac.jp/exam/bosyu/,2027年度公式募集要項から募集単位・募集人員・出願資格・専願条件・主要提出書類・選考方法を精査済。
公立,札幌市立大学,学部入試対象,Master反映済・追加項目再監査済,4,2027年度公式募集要項確認済,前年情報不使用,2026-09-19,https://www2.scu.ac.jp/special-admission/design/info/,2027年度公式募集要項から募集単位・募集人員・出願資格・専願条件・主要提出書類・選考方法を精査済。
公立,公立千歳科学技術大学,学部入試対象,Master反映済・追加項目再監査済,3,2027年度総合型・学校推薦型A/B 詳細公式情報確認済,前年情報不使用,2026-09-20,https://www.chitose.ac.jp/juken/exam/sogo_index,総合型18、学校推薦A（地域）12、学校推薦B（全国）30の3募集単位。推薦Aを新規追加。評定3.7、推薦人数制限なし、専願、調査書、小論文・基礎学力検査・面接、総合型のグループワーク/プレゼン、2027日程を公式情報で精査。
公立,旭川市立大学,学部入試対象,Master反映済・追加項目再監査済,13,2027年度公式募集要項確認済,前年情報不使用,2026-09-19,https://www.asahikawa-u.ac.jp/admission-information/requirements/,2027年度公式募集要項から募集単位・募集人員・出願資格・専願条件・主要提出書類・選考方法を精査済。
公立,青森県立保健大学,学部入試対象,Master反映済・追加項目再監査済,5,2027年度学校推薦型選抜学生募集要項・追加項目再監査済,前年情報不使用,2026-09-20,https://www.auhw.ac.jp/boshu/exam/shiryou.html,5募集単位すべてA。2027年度募集要項に『各校からの推薦人数は制限を設けません』と明記されているため、全5行のschool_nomination_limitを『制限なし』に確定し再監査完了。
公立,青森公立大学,学部入試対象,Master反映済・追加項目再監査待ち,20,総合型Ⅰ詳細要項公開済／総合型Ⅱ・学校推薦型は追加項目再監査待ち（9/20再確認）,前年情報不使用,2026-09-20,https://admission.nebuta.ac.jp/admission/selection/,20行中、総合型Ⅰ3行と学校推薦型8行は既存Aを維持。総合型Ⅱ9行はB。学校推薦型は主要条件を2027年度公式資料で確認済だが、学校あたり推薦人数上限等を詳細学生募集要項で再監査する必要があるため、大学単位では再監査待ちを維持。
公立,岩手県立大学,学部入試対象,Master反映済・追加項目再監査済,12,2027年度入学者選抜要項・学校推薦型募集要項確認済,前年情報不使用,2026-09-19,https://www.iwate-pu.ac.jp/admission/about/brochure/request/download,総合型3募集単位、学校推薦型一般7募集単位、専門高校・総合学科2募集単位を2027年度公式資料で精査。専願、推薦人数、評定、選考方法まで確認済。
公立,宮城大学,学部入試対象,Master反映済・追加項目再監査済,9,2027年度公式募集要項・入学者選抜要項確認済,前年情報不使用,2026-09-19,https://www.myu.ac.jp/admissions/colleges/guidelines/,総合型6学類、学校推薦型3学群を2027年度詳細募集要項で精査。総合型は探究活動報告書、推薦は評定・推薦人数・入学確約・共通テスト利用まで確認済。
公立,秋田県立大学,学部入試対象,Master反映済・追加項目再監査済,36,2027年度公式募集要項・入学者選抜要項確認済,前年情報不使用,2026-09-19,https://www.akita-pu.ac.jp/event2/,システム科学技術学部20件、生物資源科学部16件。総合型・推薦Ⅰ・Ⅱ・指定校推薦を2027年度選抜要項で精査。
公立,国際教養大学,学部入試対象,Master反映済・追加項目再監査済,7,2027年度特別選抜7方式 公式募集要項・選抜要項確認済,前年情報不使用,2026-09-20,https://admission.aiu.ac.jp/ug/,従来の学校推薦1行のみから、2027年度実募集単位7方式へ再構成。グローバル・セミナー15（併願可）、ワークショップ10、総合選抜型10、学校推薦35、社会人若干、ギャップイヤー5、国際5。専願/併願、英語・成績条件、選考法、4月/9月入学日程を公式情報で精査。総合選抜型Ⅱは2027年度から国際入試へ再編されたため収録しない。
公立,秋田公立美術大学,学部入試対象,Master反映済・追加項目再監査済,5,2027年度公式募集要項・入学者選抜要項確認済,前年情報不使用,2026-09-19,https://www.akibi.ac.jp/user/entry,推薦選抜Ⅰ4区分、推薦選抜Ⅱ1区分を2027年度詳細募集要項で精査。専願、評定、実技・小論文、共通テスト利用まで確認済。
公立,山形県立保健医療大学,学部入試対象,Master反映済・追加項目再監査済,4,2027年度公式募集要項・選抜要項確認済,前年情報不使用,2026-09-19,https://www.yachts.ac.jp/admission/faculty/overview/entry-74.html,学校推薦型3学科＋総合型山形県内定着枠（看護）を2027年度詳細募集要項で精査。推薦人数上限、入学確約、共通テスト、小論文・面接/口頭試問まで確認済。
公立,山形県立米沢栄養大学,学部入試対象,Master反映済・追加項目再監査待ち,1,2027年度募集人員・日程確認済／詳細学生募集要項10月上旬公表予定（9/20再確認）,前年情報不使用,2026-09-20,https://www.u.yone.ac.jp/exam/,学校推薦型14名、出願11/2〜11/9、試験11/19、合格発表12/1を2027公式情報で確認。令和9年度学生募集要項は10月上旬頃公表予定のため、推薦人数・専願・評定・成績書類・選考詳細は前年値を流用せずB/partialを維持。
公立,東北農林専門職大学,学部入試対象,Master反映済・追加項目再監査済,8,2027年度公式募集要項・選抜要項・追加項目再監査済,前年情報不使用,2026-09-20,https://tpuaf.ac.jp/university/exam/info/,8募集単位すべてA。残課題だった社会人特別選抜の成績関係書類は、2027年度特別選抜募集要項で提出指定なし（卒業証明書等のみ）と確認。私費外国人留学生は成績証明書等が必要。入学確約・併願可の明示がない特別選抜は不明を正式値として再監査完了。
公立,東北公益文科大学,学部入試対象,Master反映済・追加項目再監査済,4,2027年度公式募集要項・選抜要項確認済,前年情報不使用,2026-09-19,https://www.koeki-u.ac.jp/site/admissions/entrance-examination-outline.html,公益学部・国際学部の総合型・学校推薦型4募集単位を2027年度学生募集要項で精査。評定・資格・推薦人数・専願・選考方法まで確認済。
公立,福島県立医科大学,学部入試対象,Master反映済・追加項目再監査済,10,2027年度公式入学者選抜要項・各選抜資料で追加項目再監査済,前年情報不使用,2026-09-20,https://www.fmu.ac.jp/admission/medicine/guidelines.html,10募集単位すべてA。保健科学部4学科の残課題だった評定条件を令和9年度入学者選抜に関する要項で再監査し、評定平均等の数値要件なしと確定。1校各学科2名・入学確約・所定科目履修・総合問題＋面接＋出願書類も確認済。
公立,会津大学,学部入試対象,Master反映済・追加項目再監査待ち,3,推薦A/B詳細要項再監査済／早期（飛び）入学は9月下旬頃公表予定（9/20再確認）,前年情報不使用,2026-09-20,https://u-aizu.ac.jp/materials/,3募集単位中、学校推薦型A/Bの2件はA。早期（飛び）入学1件は2027年度入学者選抜要項まで反映済だが、大学公式ページで詳細募集要項が9月下旬頃公開予定のためB/partialを維持。
公立,茨城県立医療大学,学部入試対象,Master反映済・追加項目再監査待ち,4,2027年度学校推薦型情報は公式確認済／現行詳細PDF本文の独立再取得待ち（9/20）,前年情報不使用,2026-09-20,https://www.ipu.ac.jp/entrance-exam-admission/faculty/g-info/,4学科ともB。9/17までに2027年度公式情報を確認済みだが、2026-09-20再確認では学校推薦型ページがJavaScript/robot検証となり、現行詳細PDF本文を独立再取得できなかった。既確認値を保持し、日程・細部の最終再監査待ち。
公立,群馬県立女子大学,学部入試対象,Master反映済・追加項目再監査済,10,2027年度総合型・学校推薦型詳細学生募集要項再監査済,前年情報不使用,2026-09-20,https://www.gpwu.ac.jp/exam/dep/requirement/requirement/,v5.51で2027公式要項を再確認。国文学科推薦は県内10/県外5。推薦は合格時の入学義務あり。推薦人数は国文学/英米/美学/文化情報が県内校4・県外校2、国際コミュニケーションが県内校3・県外校1。
公立,群馬県立県民健康科学大学,学部入試対象,Master反映済・追加項目再監査済,2,2027年度公式募集要項確認済,前年情報不使用,2026-09-19,https://www.gchs.ac.jp/admissionsinfo/facadinfo/facref,看護・診療放射線の学校推薦型2募集単位を2027年度詳細募集要項で精査。出願時の入学確約文言はなく、合格後辞退制限のため専願区分は「条件付き」。
公立,高崎経済大学,学部入試対象,Master反映済・追加項目再監査済,6,2027年度経済学部・地域政策学部学校推薦型募集要項・追加項目再監査済,前年情報不使用,2026-09-20,https://www.tcue.ac.jp/leafpage/314.html,6募集単位すべてA。地域政策学部学校推薦型Ⅰ・Ⅱの残課題だった学校あたり推薦人数上限を2027年度募集要項全文で再監査し、明示がないことを確認。『不明（公式要項に明示なし）』を正式値として大学単位の再監査完了。
公立,前橋工科大学,学部入試対象,Master反映済・追加項目再監査待ち,14,2027年度公式募集要項確認済,前年情報不使用,2026-09-19,https://www.maebashi-it.ac.jp/examinee/admission/boshuyoko.html,総合型6プログラム、公募推薦6プログラム、高大接続型2学群を2027年度詳細募集要項で反映。公募型の学校推薦人数上限のみUnknownとして再監査対象。
公立,埼玉県立大学,学部入試対象,Master反映済・追加項目再監査済,8,2027年度公式募集要項・入試ページ確認済,前年情報不使用,2026-09-19,https://www.spu.ac.jp/admissions/,2027年度学校推薦型選抜募集要項で募集人員・出願資格・専願・評定・推薦人数・選考方法・日程を精査済。
公立,千葉県立保健医療大学,学部入試対象,Master反映済・追加項目再監査済,5,2027年度公式募集要項・入試ページ確認済,前年情報不使用,2026-09-19,https://www.pref.chiba.lg.jp/hoidai/nyushijoho/tokubetsu_haihu.html,2027年度学校推薦型選抜募集要項で募集人員・出願資格・専願・評定・推薦人数・選考方法・日程を精査済。
公立,東京都立大学,学部入試対象,Master反映済・追加項目再監査済,48,2027年度一般推薦・総合型各方式 詳細学生募集要項再監査済,前年情報不使用,2026-09-20,https://www.tmu.ac.jp/entrance/faculty/application_guideline.html,v5.51で2027募集人員表を再照合し、総合型等29行の募集人員を補正。一般推薦19行は1校各学科1名・入学確約。ゼミナール、グローバル人材、研究室探検、情報I・II等の専願・成績書類・選考フラグを現行要項に合わせて補正。
公立,東京都立産業技術大学院大学,対象外（大学院大学）,対象外,0,学部入試なし,対象外,2026-09-17,,全国Coverage母集団は2026年4月現在の現行リスト基準。
公立,神奈川県立保健福祉大学,学部入試対象,Master反映済・追加項目再監査済,5,2027年度学校推薦型選抜公式募集要項再監査済,前年情報不使用,2026-09-20,https://www.kuhs.ac.jp/admission/undergraduate/recommendation/,看護45・栄養20・社会福祉26・理学療法10・作業療法10の5募集単位。全区分専願。評定4.0/3.8等、1校推薦人数（看護4・栄養2・他制限なし）、調査書、小論文＋面接、11/1〜11/6出願・11/23試験・12/8発表を2027公式情報で精査。
公立,横浜市立大学,学部入試対象,Master反映済・追加項目再監査済,25,2027年度総合型・学校推薦型・IB・科学オリンピック詳細公式情報再監査済,前年情報不使用,2026-09-20,https://www.yokohama-cu.ac.jp/admissions/admissions/special_selection/,既存8行から25募集単位へ拡張。総合型4、公募推薦4、指定校推薦5、特別公募推薦（医学科県内/県外・看護）3、IB6、科学オリンピック3を収録。総合型・各推薦は専願根拠、調査書/IB成績、共通テスト利用、学部別日程を2027公式情報で精査。
公立,川崎市立看護大学,学部入試対象,Master反映済・追加項目再監査待ち,2,2027年度公式募集要項・入試ページ確認済,前年情報不使用,2026-09-19,https://www.kawasaki-cn.ac.jp/entranceexam/entrance_selection/index2.html,公募推薦は2027年度公式ページで詳細確認済。指定校推薦10名は対象校への個別通知のため、非公開項目をUnknownとして再監査待ち。
公立,新潟県立看護大学,学部入試対象,Master反映済・追加項目再監査待ち,1,2027年度入学者選抜要項確認済・学校推薦型詳細募集要項公表待ち,前年情報不使用,2026-09-19,https://www.niigata-cn.ac.jp/examination/undergraduate/suisen.html,推薦40人を反映。2027年度選抜要項で評定3.8、1校5人、入学確約、小論文・面接、日程を確認。提出書類詳細のみ再監査待ち。
公立,新潟県立大学,学部入試対象,Master反映済・追加項目再監査待ち,5,2027年度総合型・学校推薦型詳細募集要項確認済,前年情報不使用,2026-09-19,https://www.unii.ac.jp/admissions/essential-point/,総合型1＋推薦4を反映。推薦人数上限の明示のみ確認できずUnknownとして再監査対象。
公立,三条市立大学,学部入試対象,Master反映済・追加項目再監査済,4,2027年度総合型・学校推薦型詳細学生募集要項再監査済,前年情報不使用,2026-09-20,https://admissions.sanjo-u.ac.jp/information/application/,総合型30＋学校推薦市内2程度・県内4程度・工業系6程度の4募集単位。推薦は評定不問・1校推薦人数制限なし・専願・調査書＋口頭試問＋面接。総合型は調査書＋グループワーク100・プレゼン70・小論文30。両区分とも共通テストは合格後の入学前教育で、合否には不使用。
公立,長岡造形大学,学部入試対象,Master反映済・追加項目再監査済,6,2027年度総合型・学校推薦型詳細学生募集要項再監査済,前年情報不使用,2026-09-20,https://www.nagaoka-id.ac.jp/examination/outline/list/,既存の学校推薦1行を実出願単位へ再構成。総合型3（デザイン39・美術工芸8・建築環境13）＋学校推薦3（26・5・9）＝6行。両方式とも第一志望・入学確約。推薦は評定3.5以上、調査書必須。総合型は課題制作＋面接、推薦は提案書＋面接・調査書を2027詳細要項で精査。
公立,山梨県立大学,学部入試対象,Master反映済・追加項目再監査待ち,9,2027年度入学者選抜要項・総合型募集要項確認済,前年情報不使用,2026-09-19,https://www.yamanashi-ken.ac.jp/exam/facultyentrance/entry_requirements/,推薦5＋総合型4を反映。推薦は現行選抜要項で募集人員・評定・専願・推薦人数・選考方法まで確認、詳細提出書類は推薦募集要項公開後に再監査。
公立,都留文科大学,学部入試対象,Master反映済・追加項目再監査待ち,29,2027年度各種詳細募集要項確認済,前年情報不使用,2026-09-19,https://www.tsuru.ac.jp/admission/requirements/,推薦一般18、共通テスト推薦3、IB推薦1、総合型7を反映。学校あたり推薦人数上限が公開要項で明示確認できず再監査対象。
公立,長野県看護大学,学部入試対象,Master反映済・追加項目再監査待ち,4,2027年度入学者選抜要項確認済・詳細募集要項は公表待ち,前年情報不使用,2026-09-19,https://www.nagano-nurs.ac.jp/admissions/faculty/yoko/,推薦A・地域特別枠・社会人・推薦Bを反映。A24人は地域特別枠・社会人若干名を内数。提出書類詳細は募集要項公表後に再監査。
公立,長野県立大学,学部入試対象,Master反映済・追加項目再監査済,6,2027年度総合型・学校推薦型詳細募集要項確認済,前年情報不使用,2026-09-19,https://www.u-nagano.ac.jp/admissions/overview/,総合型2、学校推薦型4を2027年度詳細募集要項で精査。入学確約、評定、英語資格、推薦人数、選考方法まで確認済。
公立,長野大学,学部入試対象,Master反映済・追加項目再監査済,13,2027年度総合型・学校推薦型詳細募集要項確認済,前年情報不使用,2026-09-19,https://www.nagano.ac.jp/admission/exam/application/16,総合型7、学校推薦型6を反映。大学は『第一志望（専願）』と規定するが合格時入学確約の明示文言がないため、DB定義に従い専願区分は条件付き。
公立,公立諏訪東京理科大学,学部入試対象,Master反映済・追加項目再監査済,10,2027年度学校推薦型詳細募集要項確認済,前年情報不使用,2026-09-19,https://www.sus.ac.jp/admissions/under_graduate/suisen_koubo/,5推薦枠×2学科＝10募集単位を反映。募集人員、地域要件、入学確約、推薦人数制限なし、数学基礎力調査・面接まで確認済。
公立,富山県立大学,学部入試対象,Master反映済・追加項目再監査待ち,9,2027年度学校推薦型募集要項公開・募集単位確認済,前年情報不使用,2026-09-19,https://www.pu-toyama.ac.jp/admissions/faculty_exam/requirements/,9学科の推薦を反映。現行詳細PDFの取得制限により、専願根拠・日程・提出書類細部は前年値で補完せずUnknown/再監査待ち。
公立,石川県立看護大学,学部入試対象,Master反映済・追加項目再監査済,1,2027年度公式詳細募集要項確認済,前年情報不使用,2026-09-19,https://www.ishikawa-nu.ac.jp/admission/admissioninfo,学校推薦型30人を2027年度詳細要項で精査。評定4.0、1校5人、入学確約、小論文・面接・活動報告書まで確認済。
公立,石川県立大学,学部入試対象,Master反映済・追加項目再監査待ち,9,2027年度募集人員・日程確認済／学校推薦型詳細学生募集要項10月配付予定,前年情報不使用,2026-09-20,https://www.ishikawa-pu.ac.jp/admission/faculty_admission/faculty_2027-2/,A3行＋B/C各3行＝9実出願単位に再構成。Aは各学科6、B/Cは各学科2名を共有。出願11/2〜11/9、試験11/14、発表12/1を2027公式確認。詳細募集要項は10月に石川県内高校へ配付予定のため、専願・評定・推薦人数・成績書類・選考法は推測せずB/partialを維持。
公立,金沢美術工芸大学,学部入試対象,Master反映済・追加項目再監査済,3,2027年度公式詳細募集要項確認済,前年情報不使用,2026-09-19,https://www.kanazawa-bidai.ac.jp/admission-info/recommendation/,芸術学3・インダストリアルデザイン2・工芸6の推薦3募集単位を2027年度詳細要項で精査。専願、推薦人数、作品/ポートフォリオ、実技・面接、日程まで確認済。
公立,公立小松大学,学部入試対象,Master反映済・追加項目再監査済,14,2027年度公式詳細募集要項確認済,前年情報不使用,2026-09-19,https://www.komatsu-u.ac.jp/admission/info/,地域推薦9、一般推薦4、外国ルーツ看護1の14募集単位を2027年度詳細要項で精査。地域別推薦人数、評定3.5、入学確約、共通テスト利用区分まで確認済。
公立,福井県立大学,学部入試対象,Master反映済・追加項目再監査済,37,2027年度公式詳細募集要項確認済,前年情報不使用,2026-09-19,https://www.fpu.ac.jp/news_category/category/entrance-examination/q156691.html,総合型選抜15募集単位、学校推薦型選抜22募集単位を2027年度公式募集要項から反映。地域枠・女子枠・出身学科指定/非指定・理数科目重視を出願判断単位として分離。
公立,敦賀市立看護大学,学部入試対象,Master反映済・追加項目再監査待ち,1,2027年度公式募集要項公開済・本文再取得待ち,前年情報不使用（2026年度公式要項は補助確認のみ）,2026-09-19,https://tsuruga-nu.ac.jp/pages/51/,2027年度募集要項の公開を確認。公式サイトの動的配信により本文を再取得できないため、大学公式の選抜方針で確認できる評定4.0・小論文・面接・調査書等のみ反映。専願・募集人員・地域別推薦人数・日程は本文再取得後に再監査。
公立,岐阜県立看護大学,学部入試対象,Master反映済・追加項目再監査待ち,2,推薦A：2027詳細募集要項確認済／推薦B：2027選抜要項確認済・詳細要項10月上旬公表予定,前年情報不使用,2026-09-19,https://www.gifu-cn.ac.jp/admission/examination/requirements/,推薦Aは2027年度学生募集要項で詳細確認済。推薦Bは2027年度入学者選抜要項で募集人員・要件・共通テスト・日程を反映し、2026年10月上旬公表予定の詳細募集要項後に再監査。
公立,情報科学芸術大学院大学,対象外（大学院大学）,対象外,0,学部入試なし,対象外,2026-09-17,,全国Coverage母集団は2026年4月現在の現行リスト基準。
公立,岐阜薬科大学,学部入試対象,Master反映済・追加項目再監査待ち,2,推薦A：2027詳細募集要項確認済／推薦B：2027選抜要項確認済・詳細要項10月下旬予定,前年情報不使用,2026-09-19,https://www.gifu-pu.ac.jp/admissions/undergrad/,学校推薦型A・Bを反映。Aは2027年度詳細募集要項で精査済。Bは2027年度選抜要項まで反映し、10月下旬予定の詳細学生募集要項後に推薦人数等を再監査。
公立,静岡県立大学,学部入試対象,Master反映済・追加項目再監査待ち,13,共通テスト免除：2027詳細募集要項確認済／共通テスト課す：2027選抜要項確認済・詳細要項10月下旬予定,前年情報不使用,2026-09-19,https://www.u-shizuoka-ken.ac.jp/admissions/faculty/guide/,既存の薬学部4行を再精査し、食品栄養科学部3・国際関係学部4・経営情報1・看護1を含む計13募集単位へ拡張。共通テスト免除型は詳細要項確認済、課す型4行は10月下旬予定の詳細要項後に再監査。
公立,静岡文化芸術大学,学部入試対象,Master反映済・追加項目再監査済,5,2027年度学校推薦型選抜詳細募集要項確認済,前年情報不使用,2026-09-19,https://www.suac.ac.jp/exam/faculty/selectionmethods/,公募制4募集単位＋国際文化学科英語重点型公募制1募集単位を2027年度公式募集要項から反映。学校あたり推薦人数上限は要項に明記を確認できず「不明」とした。
公立,静岡社会健康医学大学院大学,対象外（大学院大学）,対象外,0,学部入試なし,対象外,2026-09-17,,全国Coverage母集団は2026年4月現在の現行リスト基準。
公立,静岡県立農林環境専門職大学,学部入試対象,Master反映済・追加項目再監査済,1,2027年度学校長推薦選抜詳細募集要項確認済,前年情報不使用,2026-09-19,https://shizuoka-norin-u.ac.jp/entrance/fouryears/,4年制の学校長推薦選抜1募集単位を2027年度公式募集要項から反映。募集12、評定平均3.8以上、1校3名、入学確約、小論文・農林業口頭試問を含む面接を確認。
公立,愛知県立大学,学部入試対象,Master反映済・追加項目再監査待ち,25,共通テストを課さない推薦：2027詳細募集要項確認済／共通テストを課す推薦・総合型：2027選抜要項確認済・詳細要項10月上旬予定,前年情報不使用,2026-09-19,https://www.aichi-pu.ac.jp/prospective/undergraduate/guide.html,外国語14、日本文化2、教育福祉5、看護2、情報2の計25募集単位を反映。共通テストを課さない推薦は詳細要項まで確認済。共通テストを課す推薦5単位と総合型1単位は10月上旬の詳細要項後に再監査。
公立,愛知県立芸術大学,学部入試対象,Master反映済・追加項目再監査済,10,2027年度音楽学部推薦・総合型／美術学部総合型 詳細募集要項確認済,前年情報不使用,2026-09-19,https://www.aichi-fam-u.ac.jp/admission/information/02.html,音楽学部5募集単位（推薦3・総合型2）＋美術学部総合型5募集単位を2027年度公式募集要項から反映。各専攻の実技・口述・小論文・作品審査等を個別に構造化。
公立,名古屋市立大学,学部入試対象,Master反映済・追加項目再監査待ち,29,推薦A8募集単位・芸術工学部総合型：2027詳細募集要項確認済／その他20募集単位：2027公式日程・概要確認済、詳細要項10月中旬予定,前年情報不使用,2026-09-19,https://www.nagoya-cu.ac.jp/admissions/undergraduate/guide/,既存29行を再監査。学校推薦型Aの8募集単位と芸術工学部総合型は2027年度詳細募集要項で専願・評定・推薦人数・調査書・選考方法を更新。残る20募集単位は募集人員・日程・共通テスト利用等まで反映し、方式別詳細要項後に再監査。
公立,三重県立看護大学,学部入試対象,Master反映済・追加項目再監査待ち,3,2027年度入学者選抜要項確認済・学生募集要項9月下旬以降予定,前年情報不使用,2026-09-19,https://www.mcn.ac.jp/examination/data/,学校推薦型一般32、地域推薦6、東紀州地域指定校推薦2の3募集単位として反映。2027選抜要項で専願・評定・主要選考方法・日程を確認。学校あたり推薦人数や提出書類細部は9月下旬以降の詳細要項後に再監査。
公立,滋賀県立大学,学部入試対象,Master反映済・追加項目再監査待ち,29,2027年度公式募集要項公開済／募集人員・実施教科科目・日程確認済、募集要項PDF本文再取得待ち,前年情報不使用,2026-09-19,https://www.usp.ac.jp/nyushi/senbatsuyoukou/tokubetu/,環境7、工学12、人間文化8、人間看護2＝29募集単位を2027公式資料から反映。募集要項PDF自体は公開済みだがWeb取得がタイムアウトするため、専願・評定・学校推薦人数・成績書類は推測せず不明/Unknownとして再監査待ち。
公立,京都府立大学,学部入試対象,Master反映済・追加項目再監査済,25,2027年度学校推薦型選抜詳細学生募集要項再監査済,前年情報不使用,2026-09-20,https://www.kpu.ac.jp/admissions/exam/guide/recommendation/,25募集単位を2027年度詳細募集要項で再監査。全区分で合格時の入学確約、学科別の推薦人数上限・履修条件、調査書提出、学科別の小論文/総合問題/面接/テーマ作文/グループディスカッションを反映。栄養科学科のみ共通テストを使用し最終発表2/10、他学科は12/10。
公立,京都府立医科大学,学部入試対象,Master反映済・追加項目再監査済,3,2027年度医学科学校推薦型・看護学科学校推薦型 詳細募集要項確認済,前年情報不使用,2026-09-19,https://www.kpu-m.ac.jp/doc/examination/exam_gakubu/info.html,医学科地域枠7・全国一般枠5以内、看護学科40の3募集単位を2027年度公式募集要項から反映。専願根拠、評定、共通テスト、学校推薦人数、調査書、面接・小論文、地域勤務条件まで精査済。
公立,京都市立芸術大学,学部入試対象,対象外,0,2027年度入学者選抜要項確認済：対象となる総合型・学校推薦型選抜なし,対象外,2026-09-19,https://www.kcua.ac.jp/examinee/,2027年度学部入試の公式選抜要項は美術学部・音楽学部の一般選抜を掲載し、音楽学部音楽学専攻の社会人特別選抜を除き、総合型選抜・学校推薦型選抜は設定されていないため本DB対象外。
公立,福知山公立大学,学部入試対象,Master反映済・追加項目再監査済,9,2027年度学校推薦型選抜概要・出願書類、総合型選抜詳細募集要項確認済,前年情報不使用,2026-09-19,https://www.fukuchiyama.ac.jp/admission/examination06/,地域経営学部の学校推薦型3＋総合型Ⅰ1、情報学部の学校推薦型3＋総合型Ⅰ・Ⅱ2＝9募集単位を反映。学校推薦型は全国・地域・専門学科枠を分離し、推薦人数上限なし、評定3.8、専願、選考・日程を2027公式概要で確認。
公立,大阪公立大学,学部入試対象,Master反映済・追加項目再監査待ち,49,2027年度総合型・学校推薦型・IB・SSH/ユネスコ・専門学科卒業生・産業動物獣医師枠 詳細要項確認済,前年情報不使用,2026-09-20,https://www.omu.ac.jp/admissions/ug/exam_info/special/,既存4行から49実出願単位へ拡張。総合型4、学校推薦36、IB5、SSH/ユネスコ2、専門学科・総合学科卒業生1、産業動物獣医師地域枠1。2027詳細要項で募集人員・専願・調査書等を確認。学校推薦の一般31行は学部別評定・選考フラグの追加構造化が残るためCoverageは再監査待ちを維持。
公立,兵庫県立大学,学部入試対象,Master反映済・追加項目再監査済,26,2027年度学校推薦型選抜詳細募集要項確認済,前年情報不使用,2026-09-19,https://www.u-hyogo.ac.jp/hyogoon/admissions/guideline/school/,国際商経3、社会情報1、工学15、理学2、環境人間4、看護1＝26募集単位を2027公式詳細要項から反映。専願、推薦人数、評定、履修条件、共通テスト、選考方法、日程まで精査済。
公立,芸術文化観光専門職大学,学部入試対象,Master反映済・追加項目再監査済,2,2027年度学校推薦型・総合型選抜 詳細募集要項確認済,前年情報不使用,2026-09-19,https://www.at-hyogo.jp/admission/application/,学校推薦型30、総合型30の2募集単位を反映。推薦は評定3.8・入学確約・地域別推薦人数上限あり。総合型は大学公式Q&Aで他大学の総合型との併願可を確認。両方式とも調査書・活動報告、小論文・グループワーク・個人面接を構造化。
公立,神戸市外国語大学,学部入試対象,Master反映済・追加項目再監査済,17,2027年度総合型・学校推薦型 詳細学生募集要項再監査済,前年情報不使用,2026-09-20,https://www.kobe-cufs.ac.jp/admissions/university/guide/index.html,総合型6＋学校推薦型11＝17実出願単位。総合型募集人員7/4/3/3/11/2。推薦は評定3.8以上、CEFR B1、合格時入学確約。全国枠推薦人数制限なし、市内枠は学部1校合計5・各学科1、第2部2。
公立,神戸市看護大学,学部入試対象,Master反映済・追加項目再監査済,1,2027年度学校推薦型選抜詳細募集要項再監査済,前年情報不使用,2026-09-20,https://www.kobe-ccn.ac.jp/entrance_examination/department_recommended/,学校推薦型30名（市内優先枠7を内数）。1校推薦人数制限なし、評定4.0以上、専願、調査書、小論文・面接、11/2〜11/9出願・11/21試験・12/4発表を2027公式情報で精査。
公立,奈良県立医科大学,学部入試対象,Master反映済・追加項目再監査待ち,3,看護：2027詳細要項再監査済／医学：2027選抜要項公開済・学校推薦型詳細要項11月予定,前年情報不使用,2026-09-20,https://www.naramed-u.ac.jp/university/nyushijoho.html,看護学科地域枠35は2027詳細募集要項でA再監査：評定3.8、入学確約、小論文200＋面接100、11/21試験・12/8発表。医学科の緊急医師確保15・地域枠20は2027選抜要項まで確認済だが詳細募集要項は11月予定のためB維持。
公立,奈良県立大学,学部入試対象,Master反映済・追加項目再監査済,3,2027年度総合型A・B／学校推薦型 詳細学生募集要項確認済,前年情報不使用,2026-09-19,https://www.narapu.ac.jp/admission/recruitment/,総合型A5・総合型B5・学校推薦型25の3募集単位を2027年度学生募集要項から反映。総合型は入学確約・調査書・課題レポート・面接・共通テストまで、推薦型は推薦人数制限なし・調査書・学力試験/小論文・面接まで精査済。
公立,和歌山県立医科大学,学部入試対象,Master反映済・追加項目再監査待ち,7,保健看護：2027詳細要項再監査済／医学・薬学：2027選抜要項確認済・詳細要項11月中旬予定,前年情報不使用,2026-09-20,https://www.wakayama-med.ac.jp/nyushi/,保健看護40は2027詳細募集要項でA：評定4.0、入学確約、小論文250＋面接、第2段階で共通テスト500、最終2/5。医学4枠・薬学2枠は2027選抜要項まで確認し、詳細学生募集要項は11月中旬予定のためB維持。
公立,公立鳥取環境大学,学部入試対象,Master反映済・追加項目再監査済,7,2027年度総合型・学校推薦型Ⅰ/Ⅱ/Ⅲ 詳細学生募集要項確認済,前年情報不使用,2026-09-19,https://www.kankyo-u.ac.jp/exam/r9/,既存7行を2027年度詳細募集要項で再監査。全方式の入学確約、調査書、選考方法、日程を更新。Ⅰ型は鳥取県外高校のみ両学部合計4名以内、Ⅲ型は1校2名。Ⅱ型の学校推薦人数上限は要項に明記を確認できず不明のまま保持。経営Ⅰ型の地域枠15・専門高校枠8は出願時に指定しない内数のため独立行に分割せず注記。
公立,島根県立大学,学部入試対象,Master反映済・追加項目再監査済,23,浜田・出雲・松江3キャンパスの2027年度総合型・学校推薦型詳細募集要項確認済,前年情報不使用,2026-09-19,https://www.u-shimane.ac.jp/admission/hamada/application.html,浜田8、出雲10、松江5＝23募集単位を反映。自己推薦・地域枠・指定校・一般推薦・専門高校/総合学科・地域教員希望枠等を実際の出願単位で分離。入学確約、評定、調査書、推薦人数、共通テスト、選考方法を2027公式要項で精査。
公立,岡山県立大学,学部入試対象,Master反映済・追加項目再監査待ち,14,総合型：2027詳細要項公開済・追加監査／学校推薦型：2027詳細要項作成中,前年情報不使用,2026-09-20,https://www.oka-pu.ac.jp/exam/page-15832/page-449/,14行を再監査。総合型4は2027募集要項が7/31公開済で、現代福祉は書類＋個人面接（英語・公共の口頭試問）、デザイン3学科は実技＋面接を反映。ただし専願・成績書類の一部構造化が残るためB。学校推薦10は公式ページ上『作成中』のためB/partialを維持。
公立,新見公立大学,学部入試対象,Master反映済・追加項目再監査済,11,2027年度総合型・学校推薦型詳細学生募集要項確認済,前年情報不使用,2026-09-19,"https://www.niimi-u.ac.jp/index.cfm/12,0,52,html",健康保育AO2、学校推薦型9（健康保育3・看護3・地域福祉3）＝11募集単位。入学確約、調査書、評定、地域条件、小論文・面接・プレゼン等を2027公式要項で精査。学校あたり推薦人数上限は明記を確認できず不明として保持。
公立,県立広島大学,学部入試対象,Master反映済・追加項目再監査済,29,2027年度総合型・学校推薦型 詳細学生募集要項確認済,前年情報不使用,2026-09-19,https://www.pu-hiroshima.ac.jp/site/undergraduate-selection/boshuyoukou.html,総合型2、学校推薦型27＝29募集単位を2027公式詳細要項から反映。地域創生・生物資源科学・保健福祉の県内/全国/専門高校等を出願単位で分離し、専願、評定、推薦人数、調査書、共通テスト、面接・小論文・プレゼン等を精査済。
公立,叡啓大学,学部入試対象,Master反映済・追加項目再監査済,3,2027年度総合型専願枠・併願枠・学校推薦型 詳細情報確認済,前年情報不使用,2026-09-19,https://admissions.eikei.ac.jp/info/,総合型専願枠20・併願枠30・学校推薦型15の3募集単位。専願/併願区分、CEFR B1、調査書/成績証明書、グループディスカッション、日英個人面接、推薦人数2名を2027公式情報で確認。
公立,広島市立大学,学部入試対象,Master反映済・追加項目再監査済,10,2027年度総合型（国際・情報・芸術）／学校推薦型 詳細学生募集要項確認済,前年情報不使用,2026-09-19,https://www.hiroshima-cu.ac.jp/guide/category0001/c00045406/,総合型6（国際1・情報1・芸術4）＋学校推薦型4（国際市内/全国、情報市内/全国）＝10募集単位。専願、調査書、評定、推薦人数、小論文・口頭試問・実技・作品審査等を2027公式要項で精査済。
公立,尾道市立大学,学部入試対象,Master反映済・追加項目再監査済,5,2027年度学校推薦型選抜・入学者選抜実施要項確認済,前年情報不使用,2026-09-19,https://www.onomichi-u.ac.jp/guidance/selection_guidline_suisen.html,経済情報学科3枠、日本文学科1、美術学科1＝5募集単位。募集人員、評定、入学確約、推薦人数制限なし、調査書、英語基礎学力検査・小論文・口頭試問・実技・面接を2027公式要項で精査。
公立,福山市立大学,学部入試対象,Master反映済・追加項目再監査済,10,2027年度総合型・学校推薦型 詳細募集要項確認済,前年情報不使用,2026-09-19,https://www.fcu.ac.jp/guide/faculty/post_28.html,教育4・都市経営2・情報推薦3・情報総合型1＝10募集単位。地域/全国/専門高校枠を分離し、評定4.0、専願、推薦人数上限なし、調査書、基礎学力検査・小論文・面接を2027公式資料で精査。
公立,山口県立大学,学部入試対象,Master反映済・追加項目再監査済,18,2027年度総合型・学校推薦型（県内高校枠／地域貢献人材発掘枠）公式募集要項・選抜資料確認済,前年情報不使用,2026-09-19,https://www.yamaguchi-pu.ac.jp/ee/eo/youkou-pdf/,6学科×総合型・県内高校枠・地域貢献人材発掘枠＝18募集単位。募集人員、専願、学科別評定・英語資格/履修条件、調査書、活動報告書、講義理解力試験・プレゼン・小論文・総合問題・面接等を2027公式資料で精査。学校あたり推薦人数上限は現行公式資料で確認できず不明として保持。
公立,下関市立大学,学部入試対象,Master反映済・追加項目再監査済,13,2027年度入学者選抜要項・公式入試情報確認済,前年情報不使用,2026-09-19,https://www.shimonoseki-cu.ac.jp/nyushi/admiss/yoko,経済学部9・データサイエンス学部2・看護学部2＝13募集単位。募集人員、評定、専願、学校別推薦人数、調査書、小論文・面接、2027日程を公式入学者選抜要項で精査。
公立,山陽小野田市立山口東京理科大学,学部入試対象,Master反映済・追加項目再監査済,39,2027年度学校推薦型・総合型Ⅰ/Ⅱ 公式募集要項・入試Q&A確認済,前年情報不使用,2026-09-19,https://www.socu.ac.jp/examinee/department-entrance.html,学校推薦型28・総合型Ⅰ5・総合型Ⅱ6＝39募集単位。募集人員、推薦人数、専願/条件付き、調査書、主要選考法、2027日程を公式情報で反映。学校推薦型の学習成績具体値は公式PDF本文の直接抽出未了のため、該当行はpartial/Bとして保持。
公立,周南公立大学,学部入試対象,Master反映済・追加項目再監査済,15,2027年度総合型・学校推薦型 公式学生募集要項・日程確認済,前年情報不使用,2026-09-19,https://www.shunan-u.ac.jp/admission/info/guideline/,既存15募集単位を2027年度公式学生募集要項で再監査。専願根拠、調査書、主要提出書類、選考法、2027日程を更新。学校推薦人数上限は公式資料で確認できず不明として保持。
公立,香川県立保健医療大学,学部入試対象,Master反映済・追加項目再監査済,2,2027年度入学者選抜要項・公式入試ページ確認済,前年情報不使用,2026-09-19,https://www.kagawa-puhs.ac.jp/admission/about/,看護35・臨床検査10の2募集単位。県内高校卒業見込み、評定3.8/4.0、専願、看護推薦人数制限なし・臨床検査1校3人以内、調査書、小論文・個人面接、共通テスト基準、2027日程を公式要項で反映。出願書類の全細目は学生募集要項確認待ちのためMasterはB/partial。
公立,愛媛県立医療技術大学,学部入試対象,Master反映済・追加項目再監査済,2,2027年度学校推薦型選抜学生募集要項確認済,前年情報不使用,2026-09-19,https://www.epu.ac.jp/admission/about/post-65.html,看護36・臨床検査10の2募集単位。愛媛県内住所・高校要件、専願、調査書/活動報告書、小論文、看護は集団面接・臨床検査は個人面接、共通テスト指定3科目基準を2027公式募集要項で精査。学校あたり推薦人数上限は確認できず不明。
公立,高知県立大学,学部入試対象,Master反映済・追加項目再監査済,9,2027年度学校推薦型選抜（昼間4学科・夜間主）公式学生募集要項確認済,前年情報不使用,2026-09-19,https://www.u-kochi.ac.jp/site/nyushi/guide.html,昼間4学科×県内/全国8枠＋文化学部夜間主1枠＝9募集単位。評定4.0（夜間主3.8）、専願、学校別推薦人数、調査書、学科別小論文・面接・集団討論・プレゼン・口頭試問、2027日程を公式募集要項で精査。
公立,高知工科大学,学部入試対象,Master反映済・追加項目再監査済,12,2027年度総合型・学校推薦（一般区分）公式募集要項・Q&A確認済,前年情報不使用,2026-09-19,https://www.kochi-tech.ac.jp/entrance_info/admission/bachelors/,総合型8（情報A/B、経済・マネジメント一般/特定スポーツ/スポーツを独立募集単位化）＋学校推薦4＝12行。専願、調査書、評定、推薦人数制限なし、適性検査・口頭試問・実技・面接、2027日程を公式資料で再監査。
公立,九州歯科大学,学部入試対象,Master反映済・追加項目再監査済,4,2027年度総合型・学校推薦型 公式学生募集要項確認済,前年情報不使用,2026-09-19,https://www.kyu-dent.ac.jp/admissions/departments/examination/,歯学科・口腔保健学科×総合型/学校推薦型＝4募集単位。専願、学校推薦人数、評定、調査書、共通テスト段階表示基準、小論文・個人面接・集団討論、2027日程を公式募集要項で精査。
公立,福岡女子大学,学部入試対象,Master反映済・追加項目再監査待ち,8,2027年度公式変更予告・新学科情報確認済／詳細学生募集要項直接取得待ち（9/20再確認）,前年情報不使用,2026-09-20,https://www.fwu.ac.jp/information/detail/i/1835/,国際教養・環境理学・生活情報科学・食・健康の4学科×総合型/学校推薦型＝8募集単位を収録。2027改組・募集人員・選抜方法変更予告は公式確認済。2026-09-20再確認でも詳細学生募集要項を大学公式サイトから直接確認できないため、専願・評定・成績書類・日程等は推測せず不明/Unknown、B/partialを維持。
公立,福岡県立大学,学部入試対象,Master反映済・追加項目再監査済,12,2027年度学校推薦型・全国児童養護施設等推薦特別選抜 公式学生募集要項確認済,前年情報不使用,2026-09-19,https://www.fukuoka-pu.ac.jp/admission/,人間社会学部3学科×県内/全国/特別9枠＋看護学科県内/全国2枠＋全国児童養護施設等推薦特別選抜1枠＝12募集単位。専願、推薦人数、調査書、小論文・英語試験・面接、合格者の共通テスト英語受験義務等を2027公式学生募集要項で精査。
公立,北九州市立大学,学部入試対象,Master反映済・追加項目再監査待ち,29,2027年度総合型詳細要項・募集人員・入試日程確認済／学校推薦型学生募集要項は10月上旬公開予定,前年情報不使用,2026-09-20,https://www.kitakyu-u.ac.jp/entrance-exam/faculty/application.html,総合型6＋学校推薦型23＝29募集単位。総合型6件は2027年度公式募集要項で専願・調査書・学科別選考・日程を精査済。学校推薦型23件は2027年度公式募集人員表・入試日程を確認済だが、学生募集要項は公式ページで10月上旬公開予定。専願・評定・成績書類・個別選考を推測せずB/partialで保持。
公立,長崎県立大学,学部入試対象,Master反映済・追加項目再監査済,22,2027年度学校推薦型・国際社会学部総合型 公式入学者選抜要項確認済,前年情報不使用,2026-09-19,https://sun.ac.jp/examination/info/schedule/,学校推薦型21＋国際社会学部総合型1＝22募集単位。県内/県外・普通/専門・離島等を実募集単位に分離し、評定、専願、推薦人数、調査書、共通テスト利用条件、小論文・面接・集団討論、2027日程を公式入学者選抜要項で精査。
公立,熊本県立大学,学部入試対象,Master反映済・追加項目再監査済,16,2027年度学校推薦型・農林水産工業科推薦・くまもと夢実現・自己推薦型 公式募集要項確認済,前年情報不使用,2026-09-19,https://www.pu-kumamoto.ac.jp/examination/special-selection/,通常学校推薦7、農業・林業・水産・工業科推薦1、“くまもと夢実現”6、自己推薦型2＝16募集単位。評定、専願、推薦人数、調査書、学部別小論文/総合問題/口頭試問/プレゼン等を2027公式要項で精査。夢実現は6募集単位全体で県内2名以内。
公立,大分県立看護科学大学,学部入試対象,Master反映済・追加項目再監査済,1,2027年度学校推薦型選抜 公式学生募集要項確認済,前年情報不使用,2026-09-19,https://www.oita-nhs.ac.jp/site/examination/documents.html,既存1行を2027年度公式学生募集要項で完全再監査。募集30、評定4.0以上、専願、推薦人数制限なし、調査書・活動報告書、小論文・個人面接、共通テスト不要、2027日程を反映。
公立,宮崎県立看護大学,学部入試対象,Master反映済・追加項目再監査済,2,2027年度学校推薦型（みやざきの医療枠・地域推薦枠）公式学生募集要項確認済,前年情報不使用,2026-09-19,https://www.mpu.ac.jp/examination/faculty/document/,みやざきの医療枠・地域推薦枠の2募集単位。医療枠は評定4.0以上・1校5名、地域枠は指定教科平均4.3以上・学校→市町村1名、専願、調査書、小論文・面接、地域就業義務、医療枠への組入れ判定を2027公式要項で精査。
公立,宮崎公立大学,学部入試対象,Master反映済・追加項目再監査済,4,2027年度学校推薦型選抜Ⅰ・Ⅱ 公式入試ページ確認済,前年情報不使用,2026-09-19,https://www.miyazaki-mu.ac.jp/entrance/entrance-exam/school-recommendation/index.html,国際文化学科・国際情報学科×学校推薦型Ⅰ（県内）/Ⅱ（全国）＝4募集単位。評定4.0、英語4.3または英検CSE要件、専願、推薦人数制限なし、調査書、小論文・個人面接、2027日程を公式入試ページで再監査。
公立,沖縄県立芸術大学,学部入試対象,Master反映済・追加項目再監査済,26,2027年度学校推薦型選抜 公式学生募集要項・Q&A確認済,前年情報不使用,2026-09-19,https://www.okigei.ac.jp/examination/,美術工芸学部4専攻×県内/全国8枠＋音楽学部9コース×県内/全国18枠＝26募集単位。美術は概評B以上・共通テスト受験義務、音楽は評定3.0以上・共通テスト免除。専願、推薦人数、調査書、課題作品・小論文・口述・実技・プレゼン・面接を2027公式要項で精査。音楽の募集人員は専攻単位のためコース行では共有枠として明示。
公立,沖縄県立看護大学,学部入試対象,Master反映済・追加項目再監査済,2,2027年度看護学部特別選抜（離島・過疎地域推薦／高校推薦）公式募集要項確認済,前年情報不使用,2026-09-19,https://www.okinawa-nurs.ac.jp/nyugakuannai/pages19798/,離島・過疎地域推薦8、高校推薦18の2募集単位。専願、学校推薦人数2/3名、調査書・実績報告書・自己推薦書、面接、入学前プログラム受講義務、2027日程を公式募集要項で精査。2027年度はグループ討論なし。
公立,名桜大学,学部入試対象,Master反映済・追加項目再監査済,22,2027年度総合型・学校推薦型 公式学生募集要項確認済,前年情報不使用,2026-09-19,https://www.meio-u.ac.jp/admission/exam/guide/undergraduate/,総合型4＋学校推薦型18＝22募集単位。学校推薦は一般・専門高校/総合学科・地域枠A/B/Cを実募集単位に分離。専願、評定、調査書、実績報告書、小論文・総合問題・プレゼン・面接、地域枠条件、2027日程を公式募集要項で精査。
