provisional_id,university,institution_type,faculty_school,selection_name,selection_family,special_filter_tag,information_year,public_status,known_scope,known_detail,unknown_detail,official_source_url,previous_year_source_url,previous_year_detail,release_expected_text,verified_on,related_update_queue_id
PA-2027-0001,北海道教育大学,国立,教育学部,学校推薦型選抜（一般・地域指定）,recommendation,none,2027,details_pending,学校推薦型選抜（一般・地域指定）の実施を2027年度入学者選抜要項で確認,大学公式の2027年度選抜要項に選抜体系を掲載,各校・専攻・分野・コースの実出願単位と併願・志望順位および詳細条件,https://www.hokkyodai.ac.jp/exam/faculties/exam/download/,https://www.hokkyodai.ac.jp/exam/faculties/exam/download/kako.html,2026年度学校推薦型選抜（一般・地域指定）の募集要項を参考閲覧可能,2026年9月下旬,2026-09-28,UQ-2027-0046
PA-2027-0002,帯広畜産大学,国立,畜産学部,私費外国人留学生選抜,other,private_foreign_student,2027,previous_year_reference,2027年度入学者選抜要項で私費外国人留学生選抜の実施予定を確認,2027年度詳細要項は10月中旬公表予定,2027年度の出願課程単位・EJU/英語・書類・選考・日程・手続期限,https://www.obihiro.ac.jp/undergrad-adm,https://www.obihiro.ac.jp/wp/wp-content/uploads/2025/10/9fd021704ed6da7648254fe94c474981.pdf,2026年度の私費外国人留学生選抜募集要項は参考情報であり当年度条件ではない,2026年10月中旬,2026-09-28,UQ-2027-0048
PA-2027-0003,金沢大学,国立,医薬保健学域 医学類,KUGS学校推薦型選抜Ⅱ 特別枠,recommendation,none,2027,publication_pending,医学類特別枠の2027年度実施計画と認可申請中であることを公式案内で確認,大学公式の募集要項ページは認可後に詳細要項を公表すると案内,認可結果・募集人員・石川県枠/富山県枠の実出願単位・資格・日程,https://www.kanazawa-u.ac.jp/admission/boshuyoko,,,文部科学省の認可が下り次第公表,2026-09-28,UQ-2027-0034
PA-2027-0004,小樽商科大学,国立,商学部 昼間コース,私費外国人留学生入試,other,private_foreign_student,2027,previous_year_reference,2027年度入試日程・募集人員表に私費外国人留学生入試を掲載,2027年度詳細要項は10月上旬公表予定,2027年度の出願単位・資格・提出書類・日程詳細,https://nyushi.otaru-uc.ac.jp/examination/guideline/,https://nyushi.otaru-uc.ac.jp/wp-content/uploads/sites/2/2025/10/shihigai2026.pdf,2026年度要項では商学部一括募集と記載されるが2027年度の出願単位は要確認,2026年10月上旬（予定）,2026-09-28,
PA-2027-0005,茨城大学,国立,地域未来共創学環,私費外国人留学生選抜,other,private_foreign_student,2027,details_pending,地域未来共創学環の2027年度入試概要に私費外国人留学生選抜を掲載,募集人員は若干名と案内,出願時の選択単位・資格・提出書類・選考・日程,https://www.mirai.ibaraki.ac.jp/admission/,,,詳細要項の公表時期は未確認,2026-09-29,UQ-2027-0057
PA-2027-0006,琉球大学,国立,,社会人特別選抜,other,adult,2027,previous_year_reference,大学公式の2027年度募集要項公表予定一覧に社会人特別選抜を掲載,2027年度詳細要項は2026年9月公表予定,対象学部・出願単位・資格・提出書類・日程,https://www.u-ryukyu.ac.jp/admissions/recruitment/,https://www.u-ryukyu.ac.jp/admissions/shakaijin/,2026年度要項と様式は参考掲載で2027年度には使用不可,2026年9月,2026-09-28,UQ-2027-0054
PA-2027-0007,琉球大学,国立,,帰国生徒特別選抜,other,returnee,2027,previous_year_reference,大学公式の2027年度募集要項公表予定一覧に帰国生徒特別選抜を掲載,2027年度詳細要項は2026年9月公表予定,対象学部・出願単位・資格・提出書類・日程,https://www.u-ryukyu.ac.jp/admissions/recruitment/,https://www.u-ryukyu.ac.jp/admissions/kikokuseito/,2026年度要項と様式は参考掲載で2027年度には使用不可,2026年9月,2026-09-28,UQ-2027-0055
PA-2027-0008,琉球大学,国立,,私費外国人留学生特別選抜,other,private_foreign_student,2027,previous_year_reference,大学公式の2027年度募集要項公表予定一覧に私費外国人留学生特別選抜を掲載,2027年度詳細要項は2026年9月公表予定,対象学部・出願単位・資格・提出書類・日程,https://www.u-ryukyu.ac.jp/admissions/recruitment/,https://www.u-ryukyu.ac.jp/admissions/shihiryugakusei/,2026年度要項と様式は参考掲載で2027年度には使用不可,2026年9月,2026-09-28,UQ-2027-0056
PA-2027-0009,東京薬科大学,私立,生命科学部,社会人特別選抜（専願制）,other,adult,2027,details_pending,生命科学部の2027年度公式入試概要に社会人特別選抜を掲載,薬学部の既収録社会人選抜とは対象学部が異なる,生命科学部の学科別出願選択と募集単位・詳細条件,https://www.toyaku.ac.jp/examinee/admissions/about/info-lifescience/,,,,2026-09-29,UQ-2027-0089
PA-2027-0010,東海大学,私立,,留学生一般選抜（一期・二期）,other,unclassified_international,2027,details_pending,大学公式の2027年度入試案内に留学生一般選抜を掲載,一期・二期とA/B方式を公式案内で確認,対象学部・学科と方式/期別の実出願単位・併願・詳細条件,https://www.u-tokai.ac.jp/examination-admissions/examination-system/international/,,,,2026-09-29,UQ-2027-0093
