from_taxonomy_version,from_group_code,to_taxonomy_version,to_group_code,relationship,note
0.1,natural_sciences,0.2,natural_sciences,identity,Documentation and migration aid only; not a runtime expansion rule.
0.1,engineering,0.2,engineering,split_or_refined,Documentation and migration aid only; not a runtime expansion rule.
0.1,engineering,0.2,architecture_urban,split_or_refined,Documentation and migration aid only; not a runtime expansion rule.
0.1,information,0.2,information,identity,Documentation and migration aid only; not a runtime expansion rule.
0.1,agriculture_fisheries,0.2,agriculture_fisheries,identity,Documentation and migration aid only; not a runtime expansion rule.
0.1,life_sciences,0.2,life_sciences,split_or_refined,Documentation and migration aid only; not a runtime expansion rule.
0.1,life_sciences,0.2,food_nutrition,split_or_refined,Documentation and migration aid only; not a runtime expansion rule.
0.1,medicine,0.2,medicine,identity,Documentation and migration aid only; not a runtime expansion rule.
0.1,dentistry,0.2,dentistry,identity,Documentation and migration aid only; not a runtime expansion rule.
0.1,pharmacy,0.2,pharmacy,identity,Documentation and migration aid only; not a runtime expansion rule.
0.1,nursing_health_welfare,0.2,nursing_health,split_or_refined,Documentation and migration aid only; not a runtime expansion rule.
0.1,nursing_health_welfare,0.2,welfare,split_or_refined,Documentation and migration aid only; not a runtime expansion rule.
0.1,nursing_health_welfare,0.2,food_nutrition,split_or_refined,Documentation and migration aid only; not a runtime expansion rule.
0.1,veterinary,0.2,veterinary,identity,Documentation and migration aid only; not a runtime expansion rule.
0.1,humanities,0.2,humanities_culture_history,split_or_refined,Documentation and migration aid only; not a runtime expansion rule.
0.1,humanities,0.2,languages,split_or_refined,Documentation and migration aid only; not a runtime expansion rule.
0.1,humanities,0.2,psychology,split_or_refined,Documentation and migration aid only; not a runtime expansion rule.
0.1,humanities,0.2,humanities_social_general,split_or_refined,Documentation and migration aid only; not a runtime expansion rule.
0.1,humanities,0.2,international_regional,split_or_refined,Documentation and migration aid only; not a runtime expansion rule.
0.1,social_sciences,0.2,law_politics_policy,split_or_refined,Documentation and migration aid only; not a runtime expansion rule.
0.1,social_sciences,0.2,economics,split_or_refined,Documentation and migration aid only; not a runtime expansion rule.
0.1,social_sciences,0.2,business_commerce,split_or_refined,Documentation and migration aid only; not a runtime expansion rule.
0.1,social_sciences,0.2,sociology_community,split_or_refined,Documentation and migration aid only; not a runtime expansion rule.
0.1,social_sciences,0.2,media_communication,split_or_refined,Documentation and migration aid only; not a runtime expansion rule.
0.1,social_sciences,0.2,international_regional,split_or_refined,Documentation and migration aid only; not a runtime expansion rule.
0.1,social_sciences,0.2,humanities_social_general,split_or_refined,Documentation and migration aid only; not a runtime expansion rule.
0.1,education,0.2,education_childcare,split_or_refined,Documentation and migration aid only; not a runtime expansion rule.
0.1,arts_design,0.2,arts_design,identity,Documentation and migration aid only; not a runtime expansion rule.
0.1,home_lifestyle,0.2,home_lifestyle,split_or_refined,Documentation and migration aid only; not a runtime expansion rule.
0.1,home_lifestyle,0.2,food_nutrition,split_or_refined,Documentation and migration aid only; not a runtime expansion rule.
0.1,sports,0.2,sports,identity,Documentation and migration aid only; not a runtime expansion rule.
0.1,environment,0.2,environment,identity,Documentation and migration aid only; not a runtime expansion rule.
0.1,tourism_hospitality,0.2,tourism_hospitality,identity,Documentation and migration aid only; not a runtime expansion rule.
0.1,interdisciplinary,0.2,interdisciplinary,identity,Documentation and migration aid only; not a runtime expansion rule.
