taxonomy_version,group_code,display_label_ja,ui_section,display_order,description,status
0.2,humanities_culture_history,文学・文化・歴史・哲学,人文・社会,1,文学、文化、歴史、哲学、思想、宗教を含む人文学系,active
0.2,languages,外国語・言語,人文・社会,2,外国語、日本語、語学、言語学を含む言語系,active
0.2,psychology,心理,人文・社会,3,心理学、臨床心理、認知・行動を含む心理系,active
0.2,law_politics_policy,法学・政治・公共政策,人文・社会,4,法学、政治学、公共政策、行政を含む分野,active
0.2,economics,経済,人文・社会,5,経済学、国際・地域・公共経済、経済データ分析を含む分野,active
0.2,business_commerce,経営・商,人文・社会,6,経営、商学、会計、マーケティングを含む分野,active
0.2,sociology_community,社会学・地域社会,人文・社会,7,社会学、地域社会、コミュニティを含む分野,active
0.2,media_communication,メディア・コミュニケーション,人文・社会,8,メディア、映像、コミュニケーション、ジャーナリズムを含む分野,active
0.2,international_regional,国際・地域研究,人文・社会,9,国際関係、国際研究、地域研究、グローバル研究を含む分野,active
0.2,education_childcare,教育・保育,人文・社会,10,教員養成、保育、幼児教育、教育支援を含む分野,active
0.2,humanities_social_general,人文・社会（総合）,人文・社会,11,人文・社会を横断し、より狭い分野へ安全に限定できない総合分野,active
0.2,natural_sciences,理学,理工・情報,1,数学、物理、化学、生物、地球・宇宙科学を含む理学系,active
0.2,engineering,工学,理工・情報,2,機械、電気電子、材料、化学工学、土木などの工学系,active
0.2,architecture_urban,建築・都市,理工・情報,3,建築、都市計画、まちづくり、建築デザインを含む分野,active
0.2,information,情報・データサイエンス,理工・情報,4,情報科学、AI、データサイエンス、情報システム、通信を含む分野,active
0.2,environment,環境,理工・情報,5,環境科学、生態、森林、環境工学、サステナビリティを含む分野,active
0.2,agriculture_fisheries,農学・水産,生命・農・医療,1,農学、水産・海洋、森林資源、農業経済を含む分野,active
0.2,life_sciences,生命科学,生命・農・医療,2,生物、バイオ、生命工学、微生物、医科学を含む分野,active
0.2,food_nutrition,食品・栄養,生命・農・医療,3,栄養、食品科学、発酵・醸造を含む分野,active
0.2,medicine,医学,生命・農・医療,4,人の医学を対象とする分野,active
0.2,dentistry,歯学,生命・農・医療,5,歯学・歯科を対象とする分野,active
0.2,pharmacy,薬学,生命・農・医療,6,6年制薬学、薬科学、創薬を含む分野,active
0.2,nursing_health,看護・保健・医療,生命・農・医療,7,看護、保健、リハビリ、医療技術を含む分野,active
0.2,welfare,福祉,生命・農・医療,8,社会福祉、健康福祉等を含む福祉分野,active
0.2,veterinary,獣医・動物,生命・農・医療,9,獣医学、動物科学、動物医療を含む分野,active
0.2,arts_design,芸術・デザイン,芸術・生活・その他,1,美術、工芸、音楽、デザインを含む分野,active
0.2,home_lifestyle,生活・家政,芸術・生活・その他,2,生活科学、家政、住生活を含む分野,active
0.2,sports,スポーツ,芸術・生活・その他,3,スポーツ、体育、スポーツ科学を含む分野,active
0.2,tourism_hospitality,観光・ホスピタリティ,芸術・生活・その他,4,観光、ホスピタリティを含む分野,active
0.2,interdisciplinary,総合・学際,芸術・生活・その他,5,総合、学際、融合、共創を明示する分野,active
