taxonomy_version,subcategory_code,display_label_ja,parent_group_code,display_order,description,ui_status
0.2,literature,文学,humanities_culture_history,1,文学・文芸を明示する分野,primary
0.2,history_folklore,歴史・民俗,humanities_culture_history,2,歴史学・民俗学を明示する分野,primary
0.2,philosophy_thought,哲学・思想,humanities_culture_history,3,哲学・思想を明示する分野,primary
0.2,culture,文化,humanities_culture_history,4,文化研究を明示する分野,primary
0.2,religion,宗教,humanities_culture_history,5,宗教研究を明示する分野,hidden
0.2,foreign_languages,外国語・語学,languages,1,外国語・語学を明示する分野,primary
0.2,english,英語,languages,2,英語を明示する分野,primary
0.2,japanese_language,日本語,languages,3,日本語・国語を明示する分野,primary
0.2,linguistics,言語学,languages,4,言語学を明示する分野,hidden
0.2,psychology_general,心理学,psychology,1,心理学一般,primary
0.2,clinical_psychology,臨床心理,psychology,2,臨床心理を明示する分野,primary
0.2,cognitive_behavioral,認知・行動,psychology,3,認知・行動を明示する分野,secondary
0.2,law,法学,law_politics_policy,1,法学を明示する分野,primary
0.2,politics,政治,law_politics_policy,2,政治学を明示する分野,primary
0.2,public_policy_administration,公共政策・行政,law_politics_policy,3,公共政策・行政を明示する分野,primary
0.2,economics_general,経済学,economics,1,経済学一般,primary
0.2,international_economics,国際経済,economics,2,国際経済を明示する分野,primary
0.2,regional_public_economics,地域・公共経済,economics,3,地域経済・公共経済を明示する分野,hidden
0.2,economics_data,経済・データ分析,economics,4,経済データ分析を明示する分野,secondary
0.2,management,経営,business_commerce,1,経営を明示する分野,primary
0.2,commerce,商学,business_commerce,2,商学を明示する分野,primary
0.2,accounting,会計,business_commerce,3,会計を明示する分野,hidden
0.2,marketing,マーケティング,business_commerce,4,マーケティングを明示する分野,hidden
0.2,sociology,社会学,sociology_community,1,社会学を明示する分野,primary
0.2,community_regional_society,地域社会・コミュニティ,sociology_community,2,地域社会・コミュニティを明示する分野,primary
0.2,media,メディア・映像,media_communication,1,メディア・映像を明示する分野,primary
0.2,communication,コミュニケーション,media_communication,2,コミュニケーションを明示する分野,primary
0.2,journalism,ジャーナリズム,media_communication,3,ジャーナリズムを明示する分野,hidden
0.2,international_studies,国際関係・国際研究,international_regional,1,国際関係・国際研究を明示する分野,primary
0.2,regional_studies,地域研究,international_regional,2,地域研究を明示する分野,primary
0.2,global_studies,グローバル研究,international_regional,3,グローバル研究を明示する分野,primary
0.2,teacher_education,教員養成,education_childcare,1,教員養成を明示する分野,primary
0.2,childcare_early_childhood,保育・幼児教育,education_childcare,2,保育・幼児教育を明示する分野,primary
0.2,education_support,教育支援,education_childcare,3,教育支援・特別支援を明示する分野,primary
0.2,science_math_education,理数教育,education_childcare,4,理数教育を明示する分野,secondary
0.2,mathematics_statistics,数学・数理・統計,natural_sciences,1,数学・数理・統計を明示する分野,primary
0.2,physics,物理,natural_sciences,2,物理を明示する分野,primary
0.2,chemistry,化学,natural_sciences,3,化学を明示する分野,primary
0.2,biology,生物,natural_sciences,4,生物学を明示する理学分野,primary
0.2,earth_space_science,地球・宇宙,natural_sciences,5,地球科学・宇宙科学を明示する分野,primary
0.2,mechanical,機械,engineering,1,機械工学を明示する分野,primary
0.2,electrical_electronic,電気・電子,engineering,2,電気・電子工学を明示する分野,primary
0.2,materials,材料・物質,engineering,3,材料・物質工学を明示する分野,primary
0.2,chemical_engineering,化学工学・応用化学,engineering,4,化学工学・応用化学を明示する分野,primary
0.2,civil_infrastructure,土木・社会基盤,engineering,5,土木・社会基盤を明示する分野,primary
0.2,robotics_control,ロボティクス・制御,engineering,6,ロボティクス・制御を明示する分野,primary
0.2,aerospace,航空・宇宙,engineering,7,航空宇宙工学を安全に確認できる分野,primary
0.2,nuclear_energy,原子力・エネルギー,engineering,8,原子力・エネルギー工学を明示する分野,secondary
0.2,biomedical_engineering,医工学,engineering,9,医工学・生体医用工学を明示する分野,secondary
0.2,architecture,建築,architecture_urban,1,建築を明示する分野,primary
0.2,urban_planning,都市・まちづくり,architecture_urban,2,都市計画・まちづくりを明示する分野,primary
0.2,architectural_design,建築デザイン,architecture_urban,3,建築デザインを明示する分野,primary
0.2,computer_science,情報科学・コンピュータ,information,1,情報科学・コンピュータを明示する分野,primary
0.2,ai_machine_learning,AI・機械学習,information,2,AI・機械学習を明示する分野,primary
0.2,data_science_statistics,データサイエンス・統計,information,3,データサイエンス・統計を明示する分野,primary
0.2,software_systems,情報システム・ソフトウェア,information,4,情報システム・ソフトウェアを明示する分野,primary
0.2,networks_communications,通信・ネットワーク,information,5,通信・ネットワークを明示する分野,secondary
0.2,media_information,メディア情報,information,6,メディア情報を明示する分野,secondary
0.2,iot_digital,IoT・デジタル,information,7,IoT・デジタルを明示する分野,secondary
0.2,environmental_science,環境科学,environment,1,環境科学を明示する分野,primary
0.2,ecology_forestry,生態・森林,environment,2,生態・森林を明示する分野,primary
0.2,environmental_engineering,環境工学,environment,3,環境工学を明示する分野,primary
0.2,sustainability,サステナビリティ,environment,4,サステナビリティを明示する分野,primary
0.2,agriculture,農学,agriculture_fisheries,1,農学を明示する分野,primary
0.2,fisheries_marine,水産・海洋,agriculture_fisheries,2,水産・海洋を明示する分野,primary
0.2,forestry_resources,森林・資源,agriculture_fisheries,3,森林・資源を明示する分野,primary
0.2,agricultural_economics_business,農業経済・アグリビジネス,agriculture_fisheries,4,農業経済・アグリビジネスを明示する分野,primary
0.2,biology_biotech,生物・バイオ,life_sciences,1,生物・バイオを明示する生命科学分野,primary
0.2,biotechnology,生命工学,life_sciences,2,生命工学・生物工学を明示する分野,primary
0.2,microbiology_fermentation,微生物・発酵,life_sciences,3,微生物・発酵を明示する生命科学分野,secondary
0.2,medical_science,医科学,life_sciences,4,医科学を明示する分野,secondary
0.2,nutrition,栄養,food_nutrition,1,栄養を明示する分野,primary
0.2,food_science,食品科学,food_nutrition,2,食品科学を明示する分野,primary
0.2,fermentation_brewing,発酵・醸造,food_nutrition,3,発酵・醸造を明示する食品分野,secondary
0.2,pharmacy_six_year,薬学6年制,pharmacy,1,6年制薬学を明示する分野,primary
0.2,pharmaceutical_science_drug_discovery,薬科学・創薬,pharmacy,2,薬科学・創薬を明示する分野,primary
0.2,nursing,看護,nursing_health,1,看護を明示する分野,primary
0.2,physical_therapy,理学療法,nursing_health,2,理学療法を明示する分野,primary
0.2,occupational_therapy,作業療法,nursing_health,3,作業療法を明示する分野,primary
0.2,speech_hearing,言語聴覚,nursing_health,4,言語聴覚を明示する分野,primary
0.2,clinical_laboratory,臨床検査,nursing_health,5,臨床検査を明示する分野,primary
0.2,radiological_technology,診療放射線,nursing_health,6,診療放射線を明示する分野,primary
0.2,clinical_engineering,臨床工学,nursing_health,7,臨床工学を明示する分野,primary
0.2,emergency_medical,救急救命,nursing_health,8,救急救命を明示する分野,secondary
0.2,veterinary_medicine,獣医,veterinary,1,獣医学を明示する分野,primary
0.2,animal_science,動物科学,veterinary,2,動物科学を明示する分野,primary
0.2,fine_arts_crafts,美術・工芸,arts_design,1,美術・工芸を明示する分野,primary
0.2,music,音楽,arts_design,2,音楽を明示する分野,primary
0.2,design,デザイン,arts_design,3,デザインを明示する分野,primary
