source_dataset,record_id,university,faculty_school,department,selection_name,slot_type,enrollment_procedure_deadline,enrollment_procedure_detail,graduation_eligibility_status,years_since_graduation_max,graduation_eligibility_detail,regional_requirement_status,regional_requirement_detail,gender_requirement,gender_requirement_detail,guideline_url,reviewed_on,pilot_status,notes
kokkoritsu,AMU-2027-AO-MED,旭川医科大学,医学部,医学科,北海道特別選抜,早期選抜,,,既卒可,,北海道所在の高校・中等教育学校を2025年4月以降に卒業した者又は2027年3月卒業見込みの者。北海道の地域医療への強い意欲、自己アピール、評定、共通テスト指定科目、入学確約等を要する。,Yes,北海道所在の高校・中等教育学校を2025年4月以降に卒業した者又は2027年3月卒業見込みの者。北海道の地域医療への強い意欲、自己アピール、評定、共通テスト指定科目、入学確約等を要する。,制限なし,,https://www.asahikawa-med.ac.jp/uploads/files/admission/exam/faculty_app_guidebook/%E7%89%B9%E5%88%A5%E9%81%B8%E6%8A%9C/appguide_2027_tokubetsu.pdf,2026-09-27,pilot,Master正式追加前のSchema検討用。既存canonicalの公式由来情報から候補構造へ転記。
kokkoritsu,AMU-2027-REC-MED,旭川医科大学,医学部,医学科,道北・道東特別選抜,早期選抜,,,既卒可,,高校・中等教育学校を2025年4月以降に卒業した者又は2027年3月卒業見込みの者。生まれ育った地域が指定の道北・道東・北空知・中空知で、地域医療への強い意欲を持ち、学校長推薦等の要件を満たす者。,Yes,高校・中等教育学校を2025年4月以降に卒業した者又は2027年3月卒業見込みの者。生まれ育った地域が指定の道北・道東・北空知・中空知で、地域医療への強い意欲を持ち、学校長推薦等の要件を満たす者。,制限なし,,https://www.asahikawa-med.ac.jp/uploads/files/admission/exam/faculty_app_guidebook/%E7%89%B9%E5%88%A5%E9%81%B8%E6%8A%9C/appguide_2027_tokubetsu.pdf,2026-09-27,pilot,Master正式追加前のSchema検討用。既存canonicalの公式由来情報から候補構造へ転記。
kokkoritsu,AKITA-2027-REC1-ENV-ACB,秋田大学,総合環境理工学部,応用化学生物学科,学校推薦型選抜Ⅰ（女子枠）,女子枠,,,既卒可,,女子で、高校・中等教育学校卒業者又は2027年3月卒業見込み等。学業成績・人物ともに優れ、学校長推薦・入学確約等の要件を満たす者。,No,,女性,戸籍上の性別が女性であること。コース学修に必要な数学・理科の基礎学力を要する。,https://www.akita-u.ac.jp/honbu/exam/pdf/r9/r9_suisen_pdf01.pdf,2026-09-27,pilot,Master正式追加前のSchema検討用。既存canonicalの公式由来情報から候補構造へ転記。
kokkoritsu,AKITA-2027-REC2-MED-AKITA,秋田大学,医学部,医学科,学校推薦型選抜Ⅱ,秋田県地域枠,,,既卒可,,秋田県内高校等を2026年3月以降卒業又は2027年3月卒業見込み。秋田県修学資金の貸与、キャリア形成プログラム履行等を確約。 学校長が責任をもって推薦し、入学を確約できる者。,Yes,秋田県内高校等を2026年3月以降卒業又は2027年3月卒業見込み。秋田県修学資金の貸与、キャリア形成プログラム履行等を確約。 学校長が責任をもって推薦し、入学を確約できる者。,制限なし,,https://www.akita-u.ac.jp/honbu/exam/pdf/r9/r9_suisen_pdf01.pdf,2026-09-27,pilot,Master正式追加前のSchema検討用。既存canonicalの公式由来情報から候補構造へ転記。
kokkoritsu,AKITA-2027-REC2-MED-TOHOKU,秋田大学,医学部,医学科,学校推薦型選抜Ⅱ,東北地域枠,,,既卒可,,青森・岩手・宮城・山形・福島の高校等を2026年3月以降卒業又は2027年3月卒業見込み。卒業後に秋田県内で研修・勤務する確約等が必要。 学校長が責任をもって推薦し、入学を確約できる者。,Yes,青森・岩手・宮城・山形・福島の高校等を2026年3月以降卒業又は2027年3月卒業見込み。卒業後に秋田県内で研修・勤務する確約等が必要。 学校長が責任をもって推薦し、入学を確約できる者。,制限なし,,https://www.akita-u.ac.jp/honbu/exam/pdf/r9/r9_suisen_pdf01.pdf,2026-09-27,pilot,Master正式追加前のSchema検討用。既存canonicalの公式由来情報から候補構造へ転記。
kokkoritsu,UOY-2027-REC1-ENG-CS-WOM,山梨大学,工学部,コンピュータ理工学コース,学校推薦型選抜Ⅰ,女子枠,,,不明,,,No,,女性,女子枠,https://www.yamanashi.ac.jp/wp-content/uploads/2016/01/R09_tokubetsu.pdf,2026-09-27,pilot,Master正式追加前のSchema検討用。既存canonicalの公式由来情報から候補構造へ転記。
kokkoritsu,UOY-2027-REC2-MED-PREF,山梨大学,医学部,医学科,学校推薦型選抜Ⅱ,県内募集枠,,,不明,,,Yes,,制限なし,,https://www.yamanashi.ac.jp/wp-content/uploads/2016/01/R09_tokubetsu.pdf,2026-09-27,pilot,Master正式追加前のSchema検討用。既存canonicalの公式由来情報から候補構造へ転記。
kokkoritsu,TGU-2027-AO-B-INFO,東京学芸大学,教育学部,中等教育専攻（B類）,総合型選抜,情報コース,2026-12-14,郵送は2026-12-11必着。持参は2026-12-14 9:00～12:00。,既卒可,,大学入学資格を有する者又は2027年3月31日までに有する見込みの者。卒業年による制限は明記されていない。,Unknown,公式要項に地域条件の明示なし。,不明,公式要項に性別条件の明示なし。,https://www.u-gakugei.ac.jp/nyushi/upload/2027_tgu_sougou_appguide.pdf,2026-09-27,pilot,東京学芸大学の選抜単位共通項目を代表レコードで採取。Unknownは公式要項に明示がないためでありNoとはしない。
kokkoritsu,TGU-2027-REC-A-SCI,東京学芸大学,教育学部,初等教育専攻（A類）,学校推薦型選抜,理科コース,2026-12-14,大学公式入試日程で入学手続日を2026-12-14と確認。,既卒可,,高等学校・中等教育学校等を2021年4月から2027年3月までに卒業・修了した者又は卒業・修了見込みの者等。,Unknown,公式要項に地域条件の明示なし。,不明,公式要項に性別条件の明示なし。,https://www.u-gakugei.ac.jp/nyushi/gakubu/post-34.html,2026-09-27,pilot,東京学芸大学の選抜単位共通項目を代表レコードで採取。Unknownは公式要項に明示がないためでありNoとはしない。
kokkoritsu,TUAT-2027-AO-SAIL-BIO,東京農工大学,工学部,生命工学科,総合型選抜（SAIL入試）,SAIL入試,2026-12-22,,既卒可,,大学入学資格を有する者等。卒業年の一律上限なし。,Unknown,公式資料に地域条件の明示なし。,不明,公式資料に性別条件の明示なし。,https://www.tuat.ac.jp/admission/nyushi_gakubu/youkou/,2026-09-28,pilot,東京農工大学再監査の代表募集単位。Unknownは公式資料に明示がないためでありNoとはしない。
kokkoritsu,TUAT-2027-REC-EN-BIO,東京農工大学,工学部,生命工学科,学校推薦型選抜,学校推薦型,2027-02-17,,既卒可,1,2026年3月から2027年3月までに卒業・修了又は見込み等。,Unknown,公式資料に地域条件の明示なし。,不明,公式資料に性別条件の明示なし。,https://www.tuat.ac.jp/admission/nyushi_gakubu/youkou/,2026-09-28,pilot,東京農工大学再監査の代表募集単位。Unknownは公式資料に明示がないためでありNoとはしない。
kokkoritsu,TUAT-2027-SOC-AG-BIOPROD,東京農工大学,農学部,生物生産学科,特別選抜（社会人入試）,特別選抜（社会人入試）,2027-03-15,,その他,,満23歳以上かつ社会人経験通算5年以上等。,Unknown,公式資料に地域条件の明示なし。,不明,公式資料に性別条件の明示なし。,https://www.tuat.ac.jp/admission/nyushi_gakubu/youkou/,2026-09-28,pilot,東京農工大学再監査の代表募集単位。Unknownは公式資料に明示がないためでありNoとはしない。
kokkoritsu,TUAT-2027-FOR-AG-BIOPROD,東京農工大学,農学部,生物生産学科,特別選抜（私費外国人留学生入試）,特別選抜（私費外国人留学生入試）,2027-03-15,,その他,,外国籍・外国12年課程修了等の所定資格。,Unknown,公式資料に地域条件の明示なし。,不明,公式資料に性別条件の明示なし。,https://www.tuat.ac.jp/admission/nyushi_gakubu/youkou/,2026-09-28,pilot,東京農工大学再監査の代表募集単位。Unknownは公式資料に明示がないためでありNoとはしない。
kokkoritsu,TUMSAT-2027-E-ENG-NAV,東京海洋大学,海洋工学部,海事システム工学科,総合型選抜E（社会人）,E（社会人）,2026-11-20,海洋工学部総合型選抜の入学手続期間は2026-11-13～11-20（必着）。,その他,,2027年3月31日までに満23歳、社会人経験通算5年以上。,Unknown,2027年度公式募集要項に地域居住・高校所在地等の地域条件の明示なし。,制限なし,出願資格上の性別制限なし。船舶系では男女別の身体基準があるが、男女双方を対象としている。,https://www.kaiyodai.ac.jp/upload-file/19a35f5182719abf939e49544146e13dc35c8f7e.pdf,2026-09-28,pilot,社会人E代表。4候補項目を2027年度公式募集要項からpilot収集。
kokkoritsu,TUMSAT-2027-PFI-BIO,東京海洋大学,海洋生命科学部,海洋生物資源学科,私費外国人留学生特別入試,私費外国人留学生,,入学手続期限は2026年12月公表予定の詳細学生募集要項で確認。,その他,,外国における12年課程修了又は2027年3月31日までに修了見込み等。その他資格は詳細要項待ち。,Unknown,外国課程要件はあるが、地域居住・高校所在地等の地域条件としては詳細要項公開後に再確認。,不明,詳細学生募集要項公開後に性別条件の明示有無を再確認。,https://www.kaiyodai.ac.jp/upload-file/cbd05ed529f16fd6a5983350652bf32c5629582c.pdf,2026-09-28,pilot,私費外国人留学生代表。未公開詳細は推測せずUpdateQueueへ。
kokkoritsu,OCHA-2027-AO-HUM,お茶の水女子大学,文教育学部,人文科学科,総合型選抜（新フンボルト入試）,人文科学科,2026-12-17,入学手続期間の最終日：2026-12-17,既卒可,2,高等学校・中等教育学校を2025年3月以降に卒業した者又は2027年3月卒業見込み等。,No,2027年度公式募集要項の出願資格を確認し、居住地・高校所在地等の地域要件なし。,女性,自身の性自認に基づき、女子大学で学ぶことを希望する者を受け入れる。,https://www.ao.ocha.ac.jp/application/faculty/body/application_faculty_d/fil/R9sougou.pdf,2026-09-28,pilot,お茶の水女子大学の国内早期選抜代表。4候補項目を公式要項から収集。
kokkoritsu,OCHA-2027-PFI-HUM,お茶の水女子大学,文教育学部,人文科学科,私費外国人留学生特別選抜,人文科学科,2027-03-15,入学手続期間の最終日：2027-03-15,その他,,日本国籍を有しない女子で、外国の12年課程修了・IB等の大学入学資格を満たす者等。,No,2027年度公式募集要項の出願資格を確認し、居住地・高校所在地等の地域要件なし。,女性,公式募集要項で日本国籍を有しない女子を出願資格とする。,https://www.ao.ocha.ac.jp/application/faculty/body/application_faculty_d/fil/R09shihiryu.pdf,2026-09-28,pilot,私費外国人留学生代表。入学手続締切・卒業条件・地域条件・性別条件を2027公式要項から収集。
kokkoritsu,UEC-2027-REC-I-DDS,電気通信大学,情報理工学域,Ⅰ類（情報系）／デザイン思考・データサイエンスプログラム,学校推薦型選抜,デザイン思考・データサイエンスプログラム,,2027年度詳細募集要項で確認。,現役のみ,0,2027年3月卒業・修了見込みを対象。,No,2027年度公式要項の出願資格に居住地・高校所在地等の地域条件なし。,女性,2027年度入学者選抜要項でデザイン思考・データサイエンスプログラムの学校推薦型5名を女子枠と明記。,https://www.uec.ac.jp/education/undergraduate/admission/pdf/2027senbatsu.pdf,2026-09-28,pilot,電通大の性別条件代表例。
kokkoritsu,UEC-2027-PFI-I,電気通信大学,情報理工学域,Ⅰ類（情報系）,一般選抜（私費外国人留学生）,Ⅰ類（情報系）,,2027年度詳細募集要項で確認。,その他,,外国の12年課程修了・2027年3月31日までに修了見込み、IB等の所定資格等。,No,2027年度公式要項の出願資格に居住地・高校所在地等の地域条件なし。,制限なし,2027年度公式入学者選抜要項に性別制限なし。,https://www.uec.ac.jp/education/undergraduate/admission/pdf/2027senbatsu.pdf,2026-09-28,pilot,私費外国人留学生代表。詳細未公開項目はUpdateQueueへ。
kokkoritsu,HIT-2027-REC-COM,一橋大学,商学部,経営学科・商学科,学校推薦型選抜,経営学科・商学科,,2026-09-25公開の詳細募集要項で追加確認中。,既卒可,,高等学校又は中等教育学校の卒業者及び2027年3月卒業見込みの者を対象とする。,No,2027年度入学者選抜要項では都道府県居住・高校所在地等による地域枠条件なし。外国課程等の出願資格は地域枠とは別に扱う。,制限なし,2027年度入学者選抜要項に性別条件の明示なし。,https://juken.hit-u.ac.jp/admission/info/guidelines/files/R9senbatsu.pdf,2026-09-28,pilot,学校推薦型代表。入学手続期限は詳細募集要項の追加精査で確定する。
kokkoritsu,HIT-2027-PFI-COM,一橋大学,商学部,経営学科・商学科,私費外国人留学生選抜,経営学科・商学科,,2026-09-25公開の詳細募集要項で追加確認中。,その他,,日本国籍を有せず日本国の永住許可を取得していない者で、外国12年課程修了・修了見込み又は所定の国際資格等を満たす者。,No,2027年度入学者選抜要項では都道府県居住・高校所在地等による地域枠条件なし。外国課程等の出願資格は地域枠とは別に扱う。,制限なし,2027年度入学者選抜要項に性別条件の明示なし。,https://juken.hit-u.ac.jp/admission/info/guidelines/files/R9senbatsu.pdf,2026-09-28,pilot,私費外国人留学生代表。2027選抜要項で主要出願資格・日程確認済。
kokkoritsu,HU-2027-PFI-LIT,北海道大学,文学部,学部一括,私費外国人留学生（学部）入試,前期日程内数,2026-12-14 17:00,2026-12-08から12-14 17:00まで。辞退の場合も期限までに入学辞退届を提出。,既卒可,,日本国籍を有せず、日本の永住許可を得ていない者で、外国の12年課程修了（2027-03-31までの修了見込みを含む）、所定の11年以上課程、認定国際学校課程、IB・Abitur・Baccalaureate・GCE A level・European Baccalaureate、又は所定の同等資格等のいずれかを満たす者。資格経路により追加条件あり。,No,募集要項に居住地・出身高校所在地等による地域枠要件なし。,制限なし,当該入試に性別による出願条件の記載なし。,https://www.hokudai.ac.jp/admission/shihi_admissionR09.pdf,2026-09-28,pilot,北海道大学私費外国人留学生入試の代表行。卒業経路は複数のため年数上限は推定せず空欄。
kokkoritsu,MUR-2027-REC-01,室蘭工業大学,理工学部,創造工学科,学校推薦型選抜,推薦,,創造工学科：共通テスト数学200点・理科200点、調査書加点20点。調査書・推薦書・志望理由書も含め総合判定。,review_required,,高等学校・中等教育学校を2027年3月卒業見込み、又は文部科学大臣認定の在外教育施設の当該課程を2027年3月修了見込み。学業成績及び人物が優秀で、学校長が責任を持って推薦できる者。,No,公式2027募集要項で地域枠の指定なし。,No,,https://muroran-it.ac.jp/uploads/sites/6/2026/09/R9gakkousuisennyoukou.pdf,2026-09-28,reviewed,公式2027年度募集要項に基づく候補行。Unknown/要項経路差はMaster notesに明記。
kokkoritsu,MUR-2027-REC-02,室蘭工業大学,理工学部,システム理化学科,学校推薦型選抜,推薦,,システム理化学科：共通テスト数学200点・理科200点、調査書加点20点。調査書・推薦書・志望理由書も含め総合判定。,review_required,,高等学校・中等教育学校を2027年3月卒業見込み、又は文部科学大臣認定の在外教育施設の当該課程を2027年3月修了見込み。学業成績及び人物が優秀で、学校長が責任を持って推薦できる者。,No,公式2027募集要項で地域枠の指定なし。,No,,https://muroran-it.ac.jp/uploads/sites/6/2026/09/R9gakkousuisennyoukou.pdf,2026-09-28,reviewed,公式2027年度募集要項に基づく候補行。Unknown/要項経路差はMaster notesに明記。
kokkoritsu,MUR-2027-AO1-CRE-GEN,室蘭工業大学,理工学部,創造工学科,総合型選抜Ⅰ,一般枠,2026-11-12,大学入学共通テストを免除。基礎学力検定、面接、自己推薦書及び調査書で選抜。女子枠志願者は一般枠との併願可。,review_required,,高等学校等の卒業者又は2027年3月卒業見込み等。合格後の入学確約が必要。,No,公式2027募集要項で地域枠の指定なし。,No,,https://muroran-it.ac.jp/uploads/sites/6/2026/08/R9_sougo_bosyu.pdf,2026-09-28,reviewed,公式2027年度募集要項に基づく候補行。Unknown/要項経路差はMaster notesに明記。
kokkoritsu,MUR-2027-AO1-CRE-WOMEN,室蘭工業大学,理工学部,創造工学科,総合型選抜Ⅰ,女子枠,2026-11-12,大学入学共通テストを免除。基礎学力検定、面接、自己推薦書及び調査書で選抜。女子枠志願者は一般枠との併願可。,review_required,,高等学校等の卒業者又は2027年3月卒業見込み等。合格後の入学確約が必要。,No,公式2027募集要項で地域枠の指定なし。,Yes,戸籍上女性を対象とする女子枠。一般枠との併願可。,https://muroran-it.ac.jp/uploads/sites/6/2026/08/R9_sougo_bosyu.pdf,2026-09-28,reviewed,公式2027年度募集要項に基づく候補行。Unknown/要項経路差はMaster notesに明記。
kokkoritsu,MUR-2027-AO1-SYS-GEN,室蘭工業大学,理工学部,システム理化学科,総合型選抜Ⅰ,一般枠,2026-11-12,大学入学共通テストを免除。基礎学力検定、面接、自己推薦書及び調査書で選抜。女子枠志願者は一般枠との併願可。,review_required,,高等学校等の卒業者又は2027年3月卒業見込み等。合格後の入学確約が必要。,No,公式2027募集要項で地域枠の指定なし。,No,,https://muroran-it.ac.jp/uploads/sites/6/2026/08/R9_sougo_bosyu.pdf,2026-09-28,reviewed,公式2027年度募集要項に基づく候補行。Unknown/要項経路差はMaster notesに明記。
kokkoritsu,MUR-2027-AO1-SYS-WOMEN,室蘭工業大学,理工学部,システム理化学科,総合型選抜Ⅰ,女子枠,2026-11-12,大学入学共通テストを免除。基礎学力検定、面接、自己推薦書及び調査書で選抜。女子枠志願者は一般枠との併願可。,review_required,,高等学校等の卒業者又は2027年3月卒業見込み等。合格後の入学確約が必要。,No,公式2027募集要項で地域枠の指定なし。,Yes,戸籍上女性を対象とする女子枠。一般枠との併願可。,https://muroran-it.ac.jp/uploads/sites/6/2026/08/R9_sougo_bosyu.pdf,2026-09-28,reviewed,公式2027年度募集要項に基づく候補行。Unknown/要項経路差はMaster notesに明記。
kokkoritsu,MUR-2027-AO2-CRE-GEN,室蘭工業大学,理工学部,創造工学科,総合型選抜Ⅱ,一般枠,2026-11-12,大学入学共通テストを免除。基礎学力検定、面接、自己推薦書及び調査書で選抜。女子枠志願者は一般枠との併願可。,review_required,,高等学校等の卒業者又は2027年3月卒業見込み等。合格後の入学確約が必要。,No,公式2027募集要項で地域枠の指定なし。,No,,https://muroran-it.ac.jp/uploads/sites/6/2026/08/R9_sougo_bosyu.pdf,2026-09-28,reviewed,公式2027年度募集要項に基づく候補行。Unknown/要項経路差はMaster notesに明記。
kokkoritsu,MUR-2027-AO2-CRE-WOMEN,室蘭工業大学,理工学部,創造工学科,総合型選抜Ⅱ,女子枠,2026-11-12,大学入学共通テストを免除。基礎学力検定、面接、自己推薦書及び調査書で選抜。女子枠志願者は一般枠との併願可。,review_required,,高等学校等の卒業者又は2027年3月卒業見込み等。合格後の入学確約が必要。,No,公式2027募集要項で地域枠の指定なし。,Yes,戸籍上女性を対象とする女子枠。一般枠との併願可。,https://muroran-it.ac.jp/uploads/sites/6/2026/08/R9_sougo_bosyu.pdf,2026-09-28,reviewed,公式2027年度募集要項に基づく候補行。Unknown/要項経路差はMaster notesに明記。
kokkoritsu,MUR-2027-AO2-SYS-GEN,室蘭工業大学,理工学部,システム理化学科,総合型選抜Ⅱ,一般枠,2026-11-12,大学入学共通テストを免除。基礎学力検定、面接、自己推薦書及び調査書で選抜。女子枠志願者は一般枠との併願可。,review_required,,高等学校等の卒業者又は2027年3月卒業見込み等。合格後の入学確約が必要。,No,公式2027募集要項で地域枠の指定なし。,No,,https://muroran-it.ac.jp/uploads/sites/6/2026/08/R9_sougo_bosyu.pdf,2026-09-28,reviewed,公式2027年度募集要項に基づく候補行。Unknown/要項経路差はMaster notesに明記。
kokkoritsu,MUR-2027-AO2-SYS-WOMEN,室蘭工業大学,理工学部,システム理化学科,総合型選抜Ⅱ,女子枠,2026-11-12,大学入学共通テストを免除。基礎学力検定、面接、自己推薦書及び調査書で選抜。女子枠志願者は一般枠との併願可。,review_required,,高等学校等の卒業者又は2027年3月卒業見込み等。合格後の入学確約が必要。,No,公式2027募集要項で地域枠の指定なし。,Yes,戸籍上女性を対象とする女子枠。一般枠との併願可。,https://muroran-it.ac.jp/uploads/sites/6/2026/08/R9_sougo_bosyu.pdf,2026-09-28,reviewed,公式2027年度募集要項に基づく候補行。Unknown/要項経路差はMaster notesに明記。
kokkoritsu,MUR-2027-AO-NIGHT,室蘭工業大学,理工学部,創造工学科（夜間主コース）,総合型選抜（夜間主）,夜間主,2026-11-12,夜間主コース創造工学科単位。基礎学力検定・面接・自己推薦書・調査書を総合評価。,review_required,,高等学校等卒業者又は同等以上の学力を有する者。合格後の入学確約が必要。,No,公式2027募集要項で地域枠の指定なし。,No,,https://muroran-it.ac.jp/uploads/sites/6/2026/08/R9_sougo_bosyu.pdf,2026-09-28,reviewed,公式2027年度募集要項に基づく候補行。Unknown/要項経路差はMaster notesに明記。
kokkoritsu,MUR-2027-RETURN-CRE,室蘭工業大学,理工学部,創造工学科,総合型選抜（帰国子女）,帰国子女,,創造工学科・システム理化学科ごとの帰国生選抜。出願資格と提出書類は資格経路で異なる。募集人員は各学科若干名。,review_required,,日本国籍又は永住許可を有し、保護者の海外勤務等により外国の学校教育を受けた者。所定の外国12年課程又は外国大学入学資格を満たすこと。,No,公式2027募集要項で地域枠の指定なし。,No,,https://muroran-it.ac.jp/uploads/sites/6/2026/08/2027tokubetsu-1.pdf,2026-09-28,reviewed,公式2027年度募集要項に基づく候補行。Unknown/要項経路差はMaster notesに明記。
kokkoritsu,MUR-2027-RETURN-SYS,室蘭工業大学,理工学部,システム理化学科,総合型選抜（帰国子女）,帰国子女,,創造工学科・システム理化学科ごとの帰国生選抜。出願資格と提出書類は資格経路で異なる。募集人員は各学科若干名。,review_required,,日本国籍又は永住許可を有し、保護者の海外勤務等により外国の学校教育を受けた者。所定の外国12年課程又は外国大学入学資格を満たすこと。,No,公式2027募集要項で地域枠の指定なし。,No,,https://muroran-it.ac.jp/uploads/sites/6/2026/08/2027tokubetsu-1.pdf,2026-09-28,reviewed,公式2027年度募集要項に基づく候補行。Unknown/要項経路差はMaster notesに明記。
kokkoritsu,MUR-2027-SOCIAL-NIGHT,室蘭工業大学,理工学部,創造工学科（夜間主コース）,総合型選抜（社会人）,社会人,2027-02-17,創造工学科（夜間主コース）1出願単位。社会人選抜は23歳以上。出願期間2026-10-13～10-20、合格発表2026-12-04、入学手続2027-02-11～02-17。,review_required,,高等学校卒業等又は同等以上の学力を有し、2027年3月31日までに満23歳以上となる者。合格後の入学確約が必要。,No,公式2027募集要項で地域枠の指定なし。,No,,https://muroran-it.ac.jp/uploads/sites/6/2026/08/2027tokubetsu-1.pdf,2026-09-28,reviewed,公式2027年度募集要項に基づく候補行。Unknown/要項経路差はMaster notesに明記。
kokkoritsu,MUR-2027-COMPANY-NIGHT,室蘭工業大学,理工学部,創造工学科（夜間主コース）,総合型選抜（企業推薦型）,企業推薦型,2027-02-17,創造工学科（夜間主コース）1出願単位。企業推薦型は20歳以上・正規職員1年以上・所属長推薦。出願期間2026-10-13～10-20、合格発表2026-12-04、入学手続2027-02-11～02-17。,review_required,,高等学校卒業等又は同等以上の学力を有し、2027年3月31日までに満20歳以上かつ企業等の正規職員として1年以上勤務し、所属長の推薦を受ける者。,No,公式2027募集要項で地域枠の指定なし。,No,,https://muroran-it.ac.jp/uploads/sites/6/2026/08/2027tokubetsu-1.pdf,2026-09-28,reviewed,公式2027年度募集要項に基づく候補行。Unknown/要項経路差はMaster notesに明記。
kokkoritsu,MUR-2027-PFI-CRE,室蘭工業大学,理工学部,創造工学科,総合型選抜（私費外国人留学生）,私費外国人留学生,2027-02-02,学科別（創造工学科／システム理化学科）の私費外国人留学生選抜。各学科若干名。EJU日本語225点以上、数学・理科合計220点以上及びTOEFL iBT 32点以上。,review_required,,外国の学校教育による12年課程修了等。日本の高校卒業者及び日本の永住許可者は出願不可。,No,公式2027募集要項で地域枠の指定なし。,No,,https://muroran-it.ac.jp/uploads/sites/6/2026/08/2027shihiyoukou-1.pdf,2026-09-28,reviewed,公式2027年度募集要項に基づく候補行。Unknown/要項経路差はMaster notesに明記。
kokkoritsu,MUR-2027-PFI-SYS,室蘭工業大学,理工学部,システム理化学科,総合型選抜（私費外国人留学生）,私費外国人留学生,2027-02-02,学科別（創造工学科／システム理化学科）の私費外国人留学生選抜。各学科若干名。EJU日本語225点以上、数学・理科合計220点以上及びTOEFL iBT 32点以上。,review_required,,外国の学校教育による12年課程修了等。日本の高校卒業者及び日本の永住許可者は出願不可。,No,公式2027募集要項で地域枠の指定なし。,No,,https://muroran-it.ac.jp/uploads/sites/6/2026/08/2027shihiyoukou-1.pdf,2026-09-28,reviewed,公式2027年度募集要項に基づく候補行。Unknown/要項経路差はMaster notesに明記。
