source_dataset,institution_type,university,baseline_research_status,baseline_master_rows,reaudit_status,official_system_checked,capacity_table_checked,schedule_checked,guideline_index_checked,master_compared,kawai_crosscheck,missing_candidate_count,ambiguous_candidate_count,obsolete_candidate_count,update_queue_open_count,last_audited_on,notes
kokkoritsu,公立,三条市立大学,Master反映済・追加項目再監査済,4,再監査中,未実施,未実施,未実施,未実施,未実施,一部実施,,,,0,2026-09-27,Kei-Net監査: 2027掲載または2027大学ページを確認し、Masterとの意味対応を精査中。 Kei-Net監査: Kei-Net大学ページは2027。推薦/総合型個別ページの年度確認を継続。
kokkoritsu,公立,三重県立看護大学,Master反映済・追加項目再監査待ち,3,要項公開待ち,未実施,未実施,未実施,未実施,未実施,一部実施,,,,1,2026-09-27,UpdateQueue 1件（特別選抜（学校推薦型・地域推薦型等）:確認時期到来） Kei-Net監査: 2027掲載を確認しMasterとの意味対応を精査中。 Kei-Net監査: Kei-Net学校推薦型2027を確認。地域条件を含めMasterと精査中。詳細要項待ちは別Queue管理。
kokkoritsu,公立,下関市立大学,Master反映済・追加項目再監査済,13,再監査中,未実施,未実施,未実施,未実施,未実施,一部実施,,,,0,2026-09-27,Kei-Net監査: 2027掲載または2027大学ページを確認し、Masterとの意味対応を精査中。 Kei-Net監査: Kei-Net学校推薦型2027を確認。一部前年度情報注記があるため方式存在のみ候補に使用し、Masterと精査中。
kokkoritsu,公立,九州歯科大学,Master反映済・追加項目再監査済,4,再監査中,未実施,未実施,未実施,未実施,未実施,一部実施,,,,0,2026-09-27,Kei-Net監査: 2027掲載または2027大学ページを確認し、Masterとの意味対応を精査中。 Kei-Net監査: Kei-Net推薦・総合型2027を確認。歯学科推薦・総合型をMasterと精査中。
kokkoritsu,公立,京都市立芸術大学,対象外,0,未再監査,未実施,未実施,未実施,未実施,未実施,未実施,,,,0,,Kei-Net監査:
kokkoritsu,公立,京都府立医科大学,Master反映済・追加項目再監査済,3,再監査中,未実施,未実施,未実施,未実施,未実施,一部実施,,,,0,2026-09-27,Kei-Net監査: 2027掲載を確認しMasterとの意味対応を精査中。 Kei-Net監査: Kei-Net学校推薦型2027を確認。医学地域枠等をMasterと精査中。
kokkoritsu,公立,京都府立大学,Master反映済・追加項目再監査済,25,再監査中,未実施,未実施,未実施,未実施,未実施,一部実施,,,,0,2026-09-27,Kei-Net監査: 2027掲載を確認しMasterとの意味対応を精査中。 Kei-Net監査: Kei-Net学校推薦型2027を確認。府内/全国等の枠をMasterと精査中。
kokkoritsu,公立,会津大学,Master反映済・追加項目再監査待ち,3,要項公開待ち,未実施,未実施,未実施,未実施,未実施,一部実施,,,,1,2026-09-27,UpdateQueue 1件（早期（飛び）入学選抜:確認時期到来） Kei-Net監査: Kei-Net学校推薦型2027を確認。早期入学詳細要項待ちは別Queue管理。
kokkoritsu,公立,公立はこだて未来大学,Master反映済・追加項目再監査済,4,未再監査,未実施,未実施,未実施,未実施,未実施,一部実施,,,,0,2026-09-27,Kei-Net監査: Kei-Net推薦・総合型2027を確認。はこだて枠等をMasterと精査中。
kokkoritsu,公立,公立千歳科学技術大学,Master反映済・追加項目再監査済,3,未再監査,未実施,未実施,未実施,未実施,未実施,一部実施,,,,0,2026-09-27,Kei-Net監査: Kei-Net総合型2027を確認。Masterとの意味対応を精査中。
kokkoritsu,公立,公立小松大学,Master反映済・追加項目再監査済,14,再監査中,未実施,未実施,未実施,未実施,未実施,一部実施,,,,0,2026-09-27,Kei-Net監査: Kei-Net学校推薦型2027を確認。Masterとの意味対応を精査中。
kokkoritsu,公立,公立諏訪東京理科大学,Master反映済・追加項目再監査済,10,再監査中,未実施,未実施,未実施,未実施,未実施,一部実施,,,,0,2026-09-27,Kei-Net監査: Kei-Net学校推薦型2027を確認。Masterとの意味対応を精査中。
kokkoritsu,公立,公立鳥取環境大学,Master反映済・追加項目再監査済,7,再監査中,未実施,未実施,未実施,未実施,未実施,一部実施,,,,0,2026-09-27,Kei-Net監査: 2027掲載または2027大学ページを確認し、Masterとの意味対応を精査中。 Kei-Net監査: Kei-Net学校推薦型2027を確認。Ⅰ型の地域枠/専門高校枠等をMasterと精査中。
kokkoritsu,公立,兵庫県立大学,Master反映済・追加項目再監査済,26,再監査中,未実施,未実施,未実施,未実施,未実施,一部実施,,,,0,2026-09-27,Kei-Net監査: 2027掲載または2027大学ページを確認し、Masterとの意味対応を精査中。 Kei-Net監査: Kei-Net推薦・総合型2027を確認。学部別推薦・環境人間総合型等をMasterと精査中。
kokkoritsu,公立,前橋工科大学,Master反映済・追加項目再監査済,14,未再監査,未実施,未実施,未実施,未実施,未実施,一部実施,,,,0,2026-09-27,Kei-Net監査: Kei-Net推薦・総合型2027を確認。Masterとの意味対応を精査中。
kokkoritsu,公立,北九州市立大学,Master反映済・追加項目再監査待ち,29,要項公開待ち,未実施,未実施,未実施,未実施,未実施,一部実施,,,,1,2026-09-27,UpdateQueue 1件（学校推薦型選抜:待機） Kei-Net監査: 2027掲載または2027大学ページを確認し、Masterとの意味対応を精査中。 Kei-Net監査: Kei-Net推薦・総合型2027を確認。詳細要項待ちは別Queue管理。
kokkoritsu,公立,千葉県立保健医療大学,Master反映済・追加項目再監査済,5,未再監査,未実施,未実施,未実施,未実施,未実施,一部実施,,,,0,2026-09-27,Kei-Net監査: Kei-Net学校推薦型2027を確認。Masterとの意味対応を精査中。
kokkoritsu,公立,叡啓大学,Master反映済・追加項目再監査済,3,再監査中,未実施,未実施,未実施,未実施,未実施,一部実施,,,,0,2026-09-27,Kei-Net監査: 2027掲載または2027大学ページを確認し、Masterとの意味対応を精査中。 Kei-Net監査: Kei-Net総合型2027を確認。専願枠等をMasterと精査中。
kokkoritsu,公立,名古屋市立大学,Master反映済・追加項目再監査待ち,29,要項公開待ち,未実施,未実施,未実施,未実施,未実施,一部実施,,,,1,2026-09-27,UpdateQueue 1件（学校推薦型B・地域枠・高大接続型等:待機） Kei-Net監査: Kei-Net学校推薦型2027を確認。B系・地域枠等の詳細待ちは別Queue管理。
kokkoritsu,公立,名寄市立大学,Master反映済・追加項目再監査済,12,未再監査,未実施,未実施,未実施,未実施,未実施,一部実施,,,,0,2026-09-27,Kei-Net監査: Kei-Net学校推薦型2027を確認。地域指定枠を含む構成をMasterと精査中。
kokkoritsu,公立,名桜大学,Master反映済・追加項目再監査済,22,未再監査,未実施,未実施,未実施,未実施,未実施,一部実施,,,,0,2026-09-27,Kei-Net監査: Kei-Net推薦・総合型2027を確認。一般/地域枠、看護地域枠等をMasterと精査中。
kokkoritsu,公立,周南公立大学,Master反映済・追加項目再監査済,15,再監査中,未実施,未実施,未実施,未実施,未実施,一部実施,,,,0,2026-09-27,Kei-Net監査: 2027掲載または2027大学ページを確認し、Masterとの意味対応を精査中。 Kei-Net監査: Kei-Net推薦・総合型2027を確認。全国枠・総合型をMasterと精査中。
kokkoritsu,公立,和歌山県立医科大学,Master反映済・追加項目再監査待ち,7,要項公開待ち,未実施,未実施,未実施,未実施,未実施,一部実施,,,,1,2026-09-27,UpdateQueue 1件（学校推薦型等:待機） Kei-Net監査: 2027掲載を確認しMasterとの意味対応を精査中。 Kei-Net監査: Kei-Net学校推薦型2027を確認。一般県内/県民医療枠等をMasterと精査中。詳細要項待ちは別Queue管理。
kokkoritsu,公立,国際教養大学,Master反映済・追加項目再監査済,6,未再監査,未実施,未実施,未実施,未実施,未実施,一部実施,,,,0,2026-09-27,Kei-Net監査: Kei-Net推薦・総合型2027を確認。グローバル・セミナー等をMasterと精査中。
kokkoritsu,公立,埼玉県立大学,Master反映済・追加項目再監査済,8,再監査中,未実施,未実施,未実施,未実施,未実施,一部実施,,,,0,2026-09-27,Kei-Net監査: 2027掲載または2027大学ページを確認し、Masterとの意味対応を精査中。 Kei-Net監査: Kei-Net学校推薦型2027を確認。保健医療福祉各学科をMasterと精査中。
kokkoritsu,公立,大分県立看護科学大学,Master反映済・追加項目再監査済,1,再監査中,未実施,未実施,未実施,未実施,未実施,一部実施,,,,0,2026-09-27,Kei-Net監査: 2027掲載または2027大学ページを確認し、Masterとの意味対応を精査中。 Kei-Net監査: Kei-Net学校推薦型2027を確認。Masterとの意味対応を精査中。
kokkoritsu,公立,大阪公立大学,Master反映済・追加項目再監査済,44,再監査中,未実施,未実施,未実施,未実施,未実施,一部実施,,,,0,2026-09-27,Kei-Net監査: 2027掲載を確認しMasterとの意味対応を精査中。 Kei-Net監査: Kei-Net学校推薦型2027を確認。医学科等を含めMasterとの意味対応を精査中。
kokkoritsu,公立,奈良県立医科大学,Master反映済・追加項目再監査待ち,3,再監査中,未実施,未実施,未実施,未実施,未実施,一部実施,,,,0,2026-09-27,Kei-Net監査: 2027掲載を確認しMasterとの意味対応を精査中。 Kei-Net監査: Kei-Net学校推薦型2027を確認。緊急医師確保等の枠をMasterと精査中。
kokkoritsu,公立,奈良県立大学,Master反映済・追加項目再監査済,3,再監査中,未実施,未実施,未実施,未実施,未実施,一部実施,,,,0,2026-09-27,Kei-Net監査: 2027掲載を確認しMasterとの意味対応を精査中。 Kei-Net監査: Kei-Net学校推薦型2027を確認。Masterとの意味対応を精査中。
kokkoritsu,公立,宮城大学,Master反映済・追加項目再監査済,9,未再監査,未実施,未実施,未実施,未実施,未実施,一部実施,,,,0,2026-09-27,Kei-Net監査: Kei-Net総合型2027を確認。Masterとの意味対応を精査中。
kokkoritsu,公立,宮崎公立大学,Master反映済・追加項目再監査済,4,再監査中,未実施,未実施,未実施,未実施,未実施,一部実施,,,,0,2026-09-27,Kei-Net監査: 2027掲載または2027大学ページを確認し、Masterとの意味対応を精査中。 Kei-Net監査: Kei-Net学校推薦型2027を確認。学校推薦型Ⅰ等をMasterと精査中。
kokkoritsu,公立,宮崎県立看護大学,Master反映済・追加項目再監査済,2,再監査中,未実施,未実施,未実施,未実施,未実施,一部実施,,,,0,2026-09-27,Kei-Net監査: 2027掲載または2027大学ページを確認し、Masterとの意味対応を精査中。 Kei-Net監査: Kei-Net学校推薦型2027を確認。みやざきの医療枠等をMasterと精査中。
kokkoritsu,公立,富山県立大学,Master反映済・追加項目再監査済,9,未再監査,未実施,未実施,未実施,未実施,未実施,実施不能,,,,0,2026-09-27,Kei-Net監査: Kei-Net学校推薦型は2026年度表示のため2027 Coverage判定には使わず保留。
kokkoritsu,公立,尾道市立大学,Master反映済・追加項目再監査済,5,再監査中,未実施,未実施,未実施,未実施,未実施,一部実施,,,,0,2026-09-27,Kei-Net監査: 2027掲載または2027大学ページを確認し、Masterとの意味対応を精査中。 Kei-Net監査: Kei-Net学校推薦型2027を確認。Masterとの意味対応を精査中。
kokkoritsu,公立,山口県立大学,Master反映済・追加項目再監査済,18,未再監査,未実施,未実施,未実施,未実施,未実施,一部実施,,,,0,2026-09-27,Kei-Net監査: Kei-Net総合型2027・変更点2027を確認。推薦ページ本文は2026表示が残るため推薦側は保留。2027新設の看護栄養学部総合型はMasterに看護/栄養とも既収録を確認。
kokkoritsu,公立,山形県立保健医療大学,Master反映済・追加項目再監査済,4,未再監査,未実施,未実施,未実施,未実施,未実施,一部実施,,,,0,2026-09-27,Kei-Net監査: Kei-Net推薦・総合型2027を確認。山形県内定着枠等をMasterと精査中。
kokkoritsu,公立,山形県立米沢栄養大学,Master反映済・追加項目再監査待ち,1,要項公開待ち,未実施,未実施,未実施,未実施,未実施,一部実施,,,,1,2026-09-27,UpdateQueue 1件（学校推薦型選抜:待機） Kei-Net監査: Kei-Net学校推薦型2027を確認。詳細要項待ちは別Queue管理。
kokkoritsu,公立,山梨県立大学,Master反映済・追加項目再監査待ち,9,再監査中,未実施,未実施,未実施,未実施,未実施,一部実施,,,,0,2026-09-27,Kei-Net監査: Kei-Net学校推薦型2027を確認。Masterとの意味対応を精査中。
kokkoritsu,公立,山陽小野田市立山口東京理科大学,Master反映済・追加項目再監査待ち,39,再監査中,未実施,未実施,未実施,未実施,未実施,一部実施,,,,0,2026-09-27,Kei-Net監査: 2027掲載または2027大学ページを確認し、Masterとの意味対応を精査中。 Kei-Net監査: Kei-Net推薦・総合型2027を確認。地域/全国枠・総合型Ⅰ等をMasterと精査中。
kokkoritsu,公立,岐阜県立看護大学,Master反映済・追加項目再監査待ち,2,要項公開待ち,未実施,未実施,未実施,未実施,未実施,一部実施,,,,1,2026-09-27,UpdateQueue 1件（学校推薦型選抜B:待機） Kei-Net監査: Kei-Net学校推薦型2027を確認。詳細要項待ちは別Queue管理。
kokkoritsu,公立,岐阜薬科大学,Master反映済・追加項目再監査待ち,2,要項公開待ち,未実施,未実施,未実施,未実施,未実施,一部実施,,,,1,2026-09-27,UpdateQueue 1件（学校推薦型選抜B:待機） Kei-Net監査: Kei-Net学校推薦型2027を確認。詳細要項待ちは別Queue管理。
kokkoritsu,公立,岡山県立大学,Master反映済・追加項目再監査待ち,14,未再監査,未実施,未実施,未実施,未実施,未実施,一部実施,,,,0,2026-09-27,Kei-Net監査: Kei-Net推薦・総合型2027を確認。Master 14行との意味対応を精査中。
kokkoritsu,公立,岩手県立大学,Master反映済・追加項目再監査済,12,未再監査,未実施,未実施,未実施,未実施,未実施,一部実施,,,,0,2026-09-27,Kei-Net監査: Kei-Net総合型2027を確認。Masterとの意味対応を精査中。
kokkoritsu,公立,島根県立大学,Master反映済・追加項目再監査済,23,再監査中,未実施,未実施,未実施,未実施,未実施,一部実施,,,,0,2026-09-27,Kei-Net監査: 2027掲載または2027大学ページを確認し、Masterとの意味対応を精査中。 Kei-Net監査: Kei-Net学校推薦型2027を確認。地域条件・プレゼン等を含めMasterと精査中。
kokkoritsu,公立,川崎市立看護大学,Master反映済・追加項目再監査済,2,未再監査,未実施,未実施,未実施,未実施,未実施,一部実施,,,,0,2026-09-27,Kei-Net監査: Kei-Net学校推薦型2027を確認。Masterとの意味対応を精査中。
kokkoritsu,公立,広島市立大学,Master反映済・追加項目再監査済,10,再監査中,未実施,未実施,未実施,未実施,未実施,一部実施,,,,0,2026-09-27,Kei-Net監査: 2027掲載または2027大学ページを確認し、Masterとの意味対応を精査中。 Kei-Net監査: Kei-Net総合型2027を確認。国際学部等をMasterと精査中。
kokkoritsu,公立,情報科学芸術大学院大学,対象外,0,未再監査,未実施,未実施,未実施,未実施,未実施,実施不能,,,,0,2026-09-27,Kei-Net監査: 学部入試を持たない大学院大学のためKawai Coverage監査対象外。
kokkoritsu,公立,愛媛県立医療技術大学,Master反映済・追加項目再監査済,2,再監査中,未実施,未実施,未実施,未実施,未実施,一部実施,,,,0,2026-09-27,Kei-Net監査: 2027掲載または2027大学ページを確認し、Masterとの意味対応を精査中。 Kei-Net監査: Kei-Net学校推薦型2027を確認。地域条件を含めMasterと精査中。
kokkoritsu,公立,愛知県立大学,Master反映済・追加項目再監査待ち,25,要項公開待ち,未実施,未実施,未実施,未実施,未実施,一部実施,,,,1,2026-09-27,UpdateQueue 1件（共通テストを課す学校推薦型選抜・総合型選抜:待機） Kei-Net監査: Kei-Net学校推薦型2027を確認。未公開推薦/総合型は別Queue管理。
kokkoritsu,公立,愛知県立芸術大学,Master反映済・追加項目再監査済,10,再監査中,未実施,未実施,未実施,未実施,未実施,一部実施,,,,0,2026-09-27,Kei-Net監査: 2027掲載または2027大学ページを確認し、Masterとの意味対応を精査中。 Kei-Net監査: Kei-Net推薦・総合型2027を確認。音楽推薦・美術総合型等をMasterと精査中。
kokkoritsu,公立,敦賀市立看護大学,Master反映済・追加項目再監査済,1,未再監査,未実施,未実施,未実施,未実施,未実施,実施不能,,,,0,2026-09-27,Kei-Net監査: Kei-Net学校推薦型は2026年度表示のため2027 Coverage判定には使わず保留。
kokkoritsu,公立,新潟県立大学,Master反映済・追加項目再監査済,5,未再監査,未実施,未実施,未実施,未実施,未実施,実施不能,,,,0,2026-09-27,Kei-Net監査: Kei-Net学校推薦型は2026年度表示のため2027 Coverage判定には使わず保留。
kokkoritsu,公立,新潟県立看護大学,Master反映済・追加項目再監査待ち,1,要項公開待ち,未実施,未実施,未実施,未実施,未実施,一部実施,,,,1,2026-09-27,UpdateQueue 1件（学校推薦型選抜:確認時期到来） Kei-Net監査: Kei-Net学校推薦型ページを確認。2027年度ページとしてMasterとの意味対応を精査中。詳細要項待ちは別Queue管理。
kokkoritsu,公立,新見公立大学,Master反映済・追加項目再監査済,11,再監査中,未実施,未実施,未実施,未実施,未実施,一部実施,,,,0,2026-09-27,Kei-Net監査: 2027掲載または2027大学ページを確認し、Masterとの意味対応を精査中。 Kei-Net監査: Kei-Net学校推薦型2027および2027変更点を確認。地域優先枠、共テなしへの変更をMasterと精査中。
kokkoritsu,公立,旭川市立大学,Master反映済・追加項目再監査済,13,未再監査,未実施,未実施,未実施,未実施,未実施,一部実施,,,,0,2026-09-27,Kei-Net監査: Kei-Net推薦・総合型2027を確認。Masterとの意味対応を精査中。
kokkoritsu,公立,札幌医科大学,Master反映済・追加項目再監査済,5,未再監査,未実施,未実施,未実施,未実施,未実施,一部実施,,,,0,2026-09-27,Kei-Net監査: Kei-Net学校推薦型2027を確認。医学科特別枠等をMasterと精査中。
kokkoritsu,公立,札幌市立大学,Master反映済・追加項目再監査済,4,未再監査,未実施,未実施,未実施,未実施,未実施,一部実施,,,,0,2026-09-27,Kei-Net監査: Kei-Net推薦・総合型2027を確認。看護市内優先枠を含めMasterと精査中。
kokkoritsu,公立,東京都立大学,Master反映済・追加項目再監査待ち,86,未再監査,未実施,未実施,未実施,未実施,未実施,一部実施,,,,0,2026-09-27,Kei-Net監査: Kei-Net総合型2027を確認。Masterの各種総合型との意味対応を精査中。
kokkoritsu,公立,東京都立産業技術大学院大学,対象外,0,未再監査,未実施,未実施,未実施,未実施,未実施,実施不能,,,,0,2026-09-27,Kei-Net監査: 学部入試を持たない大学院大学のためKawai Coverage監査対象外。
kokkoritsu,公立,東北公益文科大学,Master反映済・追加項目再監査済,4,未再監査,未実施,未実施,未実施,未実施,未実施,一部実施,,,,0,2026-09-27,Kei-Net監査: Kei-Net大学ページは2027一般情報を確認。推薦/総合型の2027詳細ページ探索を継続。
kokkoritsu,公立,東北農林専門職大学,Master反映済・追加項目再監査済,4,未再監査,未実施,未実施,未実施,未実施,未実施,一部実施,,,,0,2026-09-27,Kei-Net監査: Kei-Net総合型2027を確認。Masterとの意味対応を精査中。
kokkoritsu,公立,横浜市立大学,Master反映済・追加項目再監査済,23,未再監査,未実施,未実施,未実施,未実施,未実施,一部実施,,,,0,2026-09-27,Kei-Net監査: Kei-Net総合型2027を確認。Masterとの意味対応を精査中。
kokkoritsu,公立,沖縄県立看護大学,Master反映済・追加項目再監査済,2,再監査中,未実施,未実施,未実施,未実施,未実施,一部実施,,,,0,2026-09-27,Kei-Net監査: 2027掲載または2027大学ページを確認し、Masterとの意味対応を精査中。 Kei-Net監査: Kei-Net学校推薦型2027を確認。離島・過疎地域推薦等をMasterと精査中。
kokkoritsu,公立,沖縄県立芸術大学,Master反映済・追加項目再監査済,26,再監査中,未実施,未実施,未実施,未実施,未実施,一部実施,,,,0,2026-09-27,Kei-Net監査: 2027掲載または2027大学ページを確認し、Masterとの意味対応を精査中。 Kei-Net監査: Kei-Net推薦・総合型2027を確認。県内枠・総合型等をMasterと精査中。
kokkoritsu,公立,滋賀県立大学,Master反映済・追加項目再監査済,29,再監査中,未実施,未実施,未実施,未実施,未実施,一部実施,,,,0,2026-09-27,Kei-Net監査: 2027掲載を確認しMasterとの意味対応を精査中。 Kei-Net監査: Kei-Net学校推薦型2027を確認。A/C等の枠をMasterと精査中。
kokkoritsu,公立,熊本県立大学,Master反映済・追加項目再監査済,16,再監査中,未実施,未実施,未実施,未実施,未実施,一部実施,,,,0,2026-09-27,Kei-Net監査: 2027掲載または2027大学ページを確認し、Masterとの意味対応を精査中。 Kei-Net監査: Kei-Net推薦・総合型2027を確認。県内推薦・自己推薦型等をMasterと精査中。
kokkoritsu,公立,県立広島大学,Master反映済・追加項目再監査済,29,再監査中,未実施,未実施,未実施,未実施,未実施,一部実施,,,,0,2026-09-27,Kei-Net監査: 2027掲載または2027大学ページを確認し、Masterとの意味対応を精査中。 Kei-Net監査: Kei-Net学校推薦型2027を確認。県内/全国枠・プレゼン等をMasterと精査中。
kokkoritsu,公立,石川県立大学,Master反映済・追加項目再監査待ち,9,再監査中,未実施,未実施,未実施,未実施,未実施,一部実施,,,,0,2026-09-27,Kei-Net監査: Kei-Net学校推薦型2027を確認。Masterとの意味対応を精査中。
kokkoritsu,公立,石川県立看護大学,Master反映済・追加項目再監査済,1,未再監査,未実施,未実施,未実施,未実施,未実施,未実施,,,,0,,Kei-Net監査:
kokkoritsu,公立,神奈川県立保健福祉大学,Master反映済・追加項目再監査済,5,未再監査,未実施,未実施,未実施,未実施,未実施,一部実施,,,,0,2026-09-27,Kei-Net監査: Kei-Net推薦・総合型2027を確認。Masterとの意味対応を精査中。
kokkoritsu,公立,神戸市外国語大学,Master反映済・追加項目再監査済,17,再監査中,未実施,未実施,未実施,未実施,未実施,一部実施,,,,0,2026-09-27,Kei-Net監査: 2027掲載を確認しMasterとの意味対応を精査中。 Kei-Net監査: Kei-Net推薦・総合型2027を確認。全国/市内枠および総合型をMasterと精査中。
kokkoritsu,公立,神戸市看護大学,Master反映済・追加項目再監査済,1,再監査中,未実施,未実施,未実施,未実施,未実施,一部実施,,,,0,2026-09-27,Kei-Net監査: 2027掲載を確認しMasterとの意味対応を精査中。 Kei-Net監査: Kei-Net学校推薦型2027を確認。Masterとの意味対応を精査中。
kokkoritsu,公立,福井県立大学,Master反映済・追加項目再監査済,37,再監査中,未実施,未実施,未実施,未実施,未実施,一部実施,,,,0,2026-09-27,Kei-Net監査: Kei-Net学校推薦型2027を確認。Masterとの意味対応を精査中。
kokkoritsu,公立,福山市立大学,Master反映済・追加項目再監査済,10,再監査中,未実施,未実施,未実施,未実施,未実施,一部実施,,,,0,2026-09-27,Kei-Net監査: 2027掲載または2027大学ページを確認し、Masterとの意味対応を精査中。 Kei-Net監査: Kei-Net学校推薦型2027を確認。地域枠/全国枠をMasterと精査中。
kokkoritsu,公立,福岡女子大学,Master反映済・追加項目再監査待ち,8,再監査中,未実施,未実施,未実施,未実施,未実施,一部実施,,,,0,2026-09-27,Kei-Net監査: 2027掲載または2027大学ページを確認し、Masterとの意味対応を精査中。 Kei-Net監査: Kei-Net推薦・総合型2027と2027学科改組・募集人員変更を確認。改組後学科を含めMasterと精査中。
kokkoritsu,公立,福岡県立大学,Master反映済・追加項目再監査済,12,未再監査,未実施,未実施,未実施,未実施,未実施,未実施,,,,0,,Kei-Net監査:
kokkoritsu,公立,福島県立医科大学,Master反映済・追加項目再監査済,9,未再監査,未実施,未実施,未実施,未実施,未実施,一部実施,,,,0,2026-09-27,Kei-Net監査: Kei-Net推薦・総合型2027を確認。医学科A/B枠等をMasterと精査中。
kokkoritsu,公立,福知山公立大学,Master反映済・追加項目再監査済,9,再監査中,未実施,未実施,未実施,未実施,未実施,一部実施,,,,0,2026-09-27,Kei-Net監査: 2027掲載を確認しMasterとの意味対応を精査中。 Kei-Net監査: Kei-Net学校推薦型2027を確認。全国枠等をMasterと精査中。
kokkoritsu,公立,秋田公立美術大学,Master反映済・追加項目再監査済,5,未再監査,未実施,未実施,未実施,未実施,未実施,一部実施,,,,0,2026-09-27,Kei-Net監査: Kei-Net学校推薦型2027を確認。Masterとの意味対応を精査中。
kokkoritsu,公立,秋田県立大学,Master反映済・追加項目再監査済,36,未再監査,未実施,未実施,未実施,未実施,未実施,一部実施,,,,0,2026-09-27,Kei-Net監査: Kei-Net推薦・総合型ページ2027を確認。Masterとの意味対応を精査中。
kokkoritsu,公立,群馬県立女子大学,Master反映済・追加項目再監査済,10,未再監査,未実施,未実施,未実施,未実施,未実施,一部実施,,,,0,2026-09-27,Kei-Net監査: Kei-Net推薦・総合型2027を確認。県内枠・女子条件を含めMasterと精査中。
kokkoritsu,公立,群馬県立県民健康科学大学,Master反映済・追加項目再監査済,2,未再監査,未実施,未実施,未実施,未実施,未実施,一部実施,,,,0,2026-09-27,Kei-Net監査: Kei-Net学校推薦型2027を確認。Masterとの意味対応を精査中。
kokkoritsu,公立,芸術文化観光専門職大学,Master反映済・追加項目再監査済,2,再監査中,未実施,未実施,未実施,未実施,未実施,一部実施,,,,0,2026-09-27,Kei-Net監査: 2027掲載を確認しMasterとの意味対応を精査中。 Kei-Net監査: Kei-Net学校推薦型2027を確認。総合型ページも存在するため追加確認継続。Masterとの意味対応を精査中。
kokkoritsu,公立,茨城県立医療大学,Master反映済・追加項目再監査済,4,未再監査,未実施,未実施,未実施,未実施,未実施,一部実施,,,,0,2026-09-27,Kei-Net監査: Kei-Net学校推薦型2027を確認。Masterとの意味対応を精査中。
kokkoritsu,公立,都留文科大学,Master反映済・追加項目再監査済,28,再監査中,未実施,未実施,未実施,未実施,未実施,一部実施,,,,0,2026-09-27,Kei-Net監査: Kei-Net推薦・総合型2027を確認。Masterとの意味対応を精査中。
kokkoritsu,公立,金沢美術工芸大学,Master反映済・追加項目再監査済,3,再監査中,未実施,未実施,未実施,未実施,未実施,一部実施,,,,0,2026-09-27,Kei-Net監査: Kei-Net学校推薦型2027を確認。Masterとの意味対応を精査中。
kokkoritsu,公立,釧路公立大学,Master反映済・追加項目再監査済,4,未再監査,未実施,未実施,未実施,未実施,未実施,一部実施,,,,0,2026-09-27,Kei-Net監査: Kei-Net入試結果では推薦A/B/Cを確認できるが2027詳細ページの年度確認待ち。
kokkoritsu,公立,長岡造形大学,Master反映済・追加項目再監査済,6,再監査中,未実施,未実施,未実施,未実施,未実施,一部実施,,,,0,2026-09-27,Kei-Net監査: Kei-Net総合型2027を確認。Masterとの意味対応を精査中。
kokkoritsu,公立,長崎県立大学,Master反映済・追加項目再監査済,22,再監査中,未実施,未実施,未実施,未実施,未実施,一部実施,,,,0,2026-09-27,Kei-Net監査: 2027掲載または2027大学ページを確認し、Masterとの意味対応を精査中。 Kei-Net監査: Kei-Net推薦・総合型2027を確認。県内枠・総合型をMasterと精査中。
kokkoritsu,公立,長野大学,Master反映済・追加項目再監査済,13,再監査中,未実施,未実施,未実施,未実施,未実施,一部実施,,,,0,2026-09-27,Kei-Net監査: Kei-Net推薦・総合型2027を確認。Masterとの意味対応を精査中。
kokkoritsu,公立,長野県看護大学,Master反映済・追加項目再監査済,3,再監査中,未実施,未実施,未実施,未実施,未実施,一部実施,,,,0,2026-09-27,Kei-Net監査: Kei-Net学校推薦型2027を確認。Masterとの意味対応を精査中。
kokkoritsu,公立,長野県立大学,Master反映済・追加項目再監査済,6,再監査中,未実施,未実施,未実施,未実施,未実施,一部実施,,,,0,2026-09-27,Kei-Net監査: Kei-Net総合型2027を確認。Masterとの意味対応を精査中。
kokkoritsu,公立,青森公立大学,Master反映済・追加項目再監査済,14,未再監査,未実施,未実施,未実施,未実施,未実施,一部実施,,,,0,2026-09-27,Kei-Net監査: Kei-Net推薦・総合型2027を確認。県内枠を含めMasterと精査中。
kokkoritsu,公立,青森県立保健大学,Master反映済・追加項目再監査済,5,未再監査,未実施,未実施,未実施,未実施,未実施,一部実施,,,,0,2026-09-27,Kei-Net監査: Kei-Net学校推薦型2027を確認。県内人材育成枠等をMasterと精査中。
kokkoritsu,公立,静岡文化芸術大学,Master反映済・追加項目再監査済,5,再監査中,未実施,未実施,未実施,未実施,未実施,一部実施,,,,0,2026-09-27,Kei-Net監査: Kei-Net学校推薦型2027を確認。Masterとの意味対応を精査中。
kokkoritsu,公立,静岡県立大学,Master反映済・追加項目再監査待ち,13,要項公開待ち,未実施,未実施,未実施,未実施,未実施,一部実施,,,,1,2026-09-27,UpdateQueue 1件（大学入学共通テストを課す学校推薦型選抜:待機） Kei-Net監査: Kei-Net学校推薦型2027を確認。共テ利用推薦詳細待ちは別Queue管理。
kokkoritsu,公立,静岡県立農林環境専門職大学,Master反映済・追加項目再監査済,1,未再監査,未実施,未実施,未実施,未実施,未実施,実施不能,,,,0,2026-09-27,Kei-Net監査: 大学一般ページは2027だが、Kei-Net推薦型結果・確認可能情報は2026まで。2027 Coverage判定は保留。
kokkoritsu,公立,静岡社会健康医学大学院大学,対象外,0,未再監査,未実施,未実施,未実施,未実施,未実施,実施不能,,,,0,2026-09-27,Kei-Net監査: 学部入試を持たない大学院大学のためKawai Coverage監査対象外。
kokkoritsu,公立,香川県立保健医療大学,Master反映済・追加項目再監査待ち,2,未再監査,未実施,未実施,未実施,未実施,未実施,実施不能,,,,0,2026-09-27,Kei-Net監査: Kei-Net学校推薦型本文は2026年度表示のため2027 Coverage判定には使わず保留。
kokkoritsu,公立,高崎経済大学,Master反映済・追加項目再監査済,6,未再監査,未実施,未実施,未実施,未実施,未実施,一部実施,,,,0,2026-09-27,Kei-Net監査: Kei-Net学校推薦型2027を確認。Masterとの意味対応を精査中。
kokkoritsu,公立,高知工科大学,Master反映済・追加項目再監査済,12,再監査中,未実施,未実施,未実施,未実施,未実施,一部実施,,,,0,2026-09-27,Kei-Net監査: 2027掲載または2027大学ページを確認し、Masterとの意味対応を精査中。 Kei-Net監査: Kei-Net推薦・総合型2027を確認。一般/県内枠等をMasterと精査中。
kokkoritsu,公立,高知県立大学,Master反映済・追加項目再監査済,9,再監査中,未実施,未実施,未実施,未実施,未実施,一部実施,,,,0,2026-09-27,Kei-Net監査: 2027掲載または2027大学ページを確認し、Masterとの意味対応を精査中。 Kei-Net監査: Kei-Net学校推薦型2027を確認。県内/全国枠等をMasterと精査中。
kokkoritsu,国立,お茶の水女子大学,Master反映済・追加項目再監査済,33,再監査済,実施済,実施済,実施済,実施済,実施済,実施済,0,0,0,0,2026-09-28,2027公式入試体系・募集人員・日程・各募集要項とMasterを照合。私費外国人留学生16募集単位を追加し33→49行。新フンボルト・学校推薦・帰国生徒等は既存行と対応。高大連携は2026年度入試で廃止。Kei-Net 2027推薦・総合型をクロスチェックし掲載範囲でmissingなし。未公開資料なし。 Kei-Net監査: Kei-Net 2027学校推薦型・総合型を既存Masterと照合し、掲載範囲でmissing candidateなし。帰国生徒・私費外国人留学生はKei-Net推薦・総合型DB対象外のため大学公式2027募集要項でCoverage確認。
kokkoritsu,国立,一橋大学,Master反映済・追加項目再監査待ち,9,追加確認待ち,実施済,実施済,実施済,実施済,実施済,実施済,0,0,0,0,2026-09-28,2027公式体系・入学者選抜要項・募集要項一覧とMasterを再照合。従来9行に未収録の私費外国人留学生4募集単位を追加して13行。外国学校出身者4行は専用選抜のためreturnee_flag=Yesへ補正。学校推薦型5行は維持。Kei-Net 2027推薦5学部は照合済でmissingなし。9月25日公開の3詳細募集要項について、提出書類・推薦人数・入学手続等の深掘りを継続。 Kei-Net監査: Kei-Net 2027学校推薦型5学部とMaster学校推薦型5行が対応しmissing candidateなし。外国学校出身者4行・私費外国人留学生4行はKei-Net推薦/総合型DB対象外のため、一橋大学公式2027入学者選抜要項・募集要項一覧でCoverage確認。
kokkoritsu,国立,三重大学,Master反映済・追加項目再監査済,57,再監査中,未実施,未実施,未実施,未実施,未実施,実施済,0,0,,0,2026-09-27,Kei-Net監査: Kei-Net 2027掲載を確認しMasterとの意味対応を精査中。 Kei-Net監査: 2027掲載対象をMasterと意味照合しmissing candidateなし。 Kei-Net監査: Kei-Net 2027学校推薦型・総合型をMaster 57行と意味照合。2027新設の人文・教育・工・生物資源・医看護の総合型、工学機械/情報の総合II、医学総合II等を含めMasterに対応。廃止された旧推薦区分も現Masterには残っていない。missing candidateなし。
kokkoritsu,国立,上越教育大学,Master反映済・追加項目再監査済,3,再監査中,未実施,未実施,未実施,未実施,未実施,実施不能,,,,0,2026-09-27,Kei-Net監査: Kei-Net 2027掲載を確認しMasterとの意味対応を精査中。 Kei-Net監査: 推薦本文が2026年度で総合型2027も安定取得できず保留。 Kei-Net監査: Kei-Net学校推薦型ページ本文は『昨年度の入試情報』『2026年度入試』。総合型2027ページも安定取得できないため、2027 Coverage外部監査は保留。現Masterは2027総合型Ⅰ/Ⅱ＋学校推薦型の3募集単位を保持。
kokkoritsu,国立,九州大学,Master反映済・追加項目再監査待ち,84,再監査中,未実施,未実施,未実施,未実施,未実施,一部実施,,,,0,2026-09-27,Kei-Net監査: 2027掲載を確認しMasterとの意味対応を精査中。 Kei-Net監査: Kei-Net推薦・総合型2027を確認。Masterとの意味対応を精査中。
kokkoritsu,国立,九州工業大学,Master反映済・追加項目再監査待ち,25,要項公開待ち,未実施,未実施,未実施,未実施,未実施,一部実施,,,,1,2026-09-27,UpdateQueue 1件（総合型選抜Ⅱ:待機） Kei-Net監査: 2027掲載を確認しMasterとの意味対応を精査中。 Kei-Net監査: Kei-Net総合型2027を確認。Masterとの意味対応を精査中。未公開総合Ⅱは別Queueで管理。
kokkoritsu,国立,京都大学,Master反映済・追加項目再監査済,35,再監査中,未実施,未実施,未実施,未実施,未実施,実施済,0,0,,0,2026-09-27,Kei-Net監査: 2027掲載を確認しMasterとの意味対応を精査中。 Kei-Net監査: 2027掲載対象をMasterと意味照合しmissing candidateなし。 Kei-Net監査: Kei-Net 2027では特色入試を学校推薦型/総合型に分類して掲載。法学部等推薦型掲載と、文学・教育・理・工・農・医薬等総合型掲載はMasterの特色入試33募集単位に意味対応。外国学校出身者2行はKei-Net対象外。missing candidateなし。
kokkoritsu,国立,京都工芸繊維大学,Master反映済・追加項目再監査済,42,再監査中,未実施,未実施,未実施,未実施,未実施,実施済,0,0,,0,2026-09-27,Kei-Net監査: 2027掲載を確認しMasterとの意味対応を精査中。 Kei-Net監査: 2027掲載対象をMasterと意味照合しmissing candidateなし。 Kei-Net監査: Kei-Net 2027学校推薦型・総合型をMaster 42行と意味照合。一般プログラム/地域創生Tech Program、ダビンチ一般/グローバル/地域、2027コース別化したデザイン・建築等をMasterが募集単位別に保持。missing candidateなし。
kokkoritsu,国立,京都教育大学,Master反映済・追加項目再監査済,42,再監査中,未実施,未実施,未実施,未実施,未実施,実施済,0,0,,0,2026-09-27,Kei-Net監査: 2027掲載を確認しMasterとの意味対応を精査中。 Kei-Net監査: 2027掲載対象をMasterと意味照合しmissing candidateなし。 Kei-Net監査: Kei-Net 2027学校推薦型をMaster 42行と意味照合。通常推薦各専攻に加え、Masterは京都府北部/府内地域指定A/Bを専攻別に細分化して保持。Kawai起点のmissing candidateなし。
kokkoritsu,国立,佐賀大学,Master反映済・追加項目再監査済,46,再監査中,未実施,未実施,未実施,未実施,未実施,一部実施,,,,0,2026-09-27,Kei-Net監査: 2027掲載を確認しMasterとの意味対応を精査中。 Kei-Net監査: Kei-Net総合型2027を確認。Masterとの意味対応を精査中。
kokkoritsu,国立,信州大学,Master反映済・追加項目再監査済,79,再監査中,未実施,未実施,未実施,未実施,未実施,実施済,0,,,0,2026-09-27,Kei-Net監査: Kei-Net 2027掲載を確認しMasterとの意味対応を精査中。 Kei-Net監査: 2027推薦・総合型をMasterと意味照合しmissing candidateなし。 Kei-Net監査: Kei-Net 2027推薦・総合型をMaster 79行と意味照合。2027新設の理学部物理/化学総合型II・数学学校推薦型II、農学部3コース学校推薦型II・地域協創特別コース総合型Iを大学公式でも確認し、すべてMaster収録済み。Kawai起点のmissing candidateなし。
kokkoritsu,国立,兵庫教育大学,Master反映済・追加項目再監査済,3,再監査中,未実施,未実施,未実施,未実施,未実施,実施済,0,0,,0,2026-09-27,Kei-Net監査: 2027掲載を確認しMasterとの意味対応を精査中。 Kei-Net監査: 2027掲載対象をMasterと意味照合しmissing candidateなし。 Kei-Net監査: Kei-Net 2027学校推薦型・総合型をMaster 3行と意味照合。学校推薦型、総合型一般枠、2027新設の地域教員希望枠が対応。missing candidateなし。
kokkoritsu,国立,北海道大学,Master反映済・追加項目再監査済,49,再監査済,実施済,実施済,実施済,実施済,実施済,一部実施,0,0,0,0,2026-09-28,公式入試体系・募集人員表・日程・募集要項一覧を確認し、Master既存49行と照合。私費外国人留学生（学部）入試25単位を追加。Kei-Netは照合に使用せず、公式資料を一次根拠とした。 Kei-Net監査: Kei-Net総合型2027を確認。フロンティア入試のMaster対応を精査中。
kokkoritsu,国立,北海道教育大学,Master反映済・追加項目再監査済,4,追加確認待ち,実施済,実施済,実施済,実施済,実施済,実施済,0,,0,1,2026-09-28,2027年度教員養成特別入試の専用募集要項で出願単位を確認。出願は1修学校のみで、札幌校は最大5希望を順位記入、旭川校は第1希望のみ。希望先の順位は同一出願内の選択であり、キャンパス別2行を追加。札幌・旭川の募集人員は専攻・分野別『若干人』でキャンパス合計は明記なし。学校推薦型（一般・地域指定）は9月下旬公開予定だが、2026-09-28時点の公式一覧に2027詳細要項・出願書類なし。同選抜および岩見沢音楽文化等の出願単位・複数希望処理は確定せず未反映。出願案内公開後に再確認。 Kei-Net監査: Kei-Net 2027に学校推薦型および総合型（教員養成特別入試等）を確認。現Masterは総合型4行のみ。大学公式2027資料でも学校推薦型・教員養成特別入試の存在を確認済み。詳細募集単位抽出が必要。
kokkoritsu,国立,北見工業大学,Master反映済・追加項目再監査待ち,21,要項公開待ち,実施済,実施済,実施済,実施済,実施済,一部実施,,,,1,2026-09-28,2027年度公式募集ページに総合型・私費外国人の要項は掲載、学校推薦型は2026年度要項のみ掲載。今回の対象である2027詳細要項未確認のためcanonical変更なし。2027学校推薦要項公開後、推薦枠・出願単位・提出物・日程を再確認する。 Kei-Net監査: Kei-Net推薦2027はMasterの学校推薦型1募集単位と対応。総合型は2026表示のため全体判定は保留。
kokkoritsu,国立,北陸先端科学技術大学院大学,対象外,0,未再監査,未実施,未実施,未実施,未実施,未実施,実施不能,,,,0,2026-09-27,Kei-Net監査: 学部入試を持たない大学院大学のためKawai Coverage監査対象外。
kokkoritsu,国立,千葉大学,Master反映済・追加項目再監査待ち,55,再監査中,未実施,未実施,未実施,未実施,未実施,実施済,0,,,0,2026-09-27,Kei-Net監査: Kei-Net 2027推薦・総合型をMaster 55行と精査中。 Kei-Net監査: 2027推薦・総合型の掲載対象をMasterと意味照合しmissing candidateなし。 Kei-Net監査: Kei-Net 2027学校推薦型（文学3、医学地域枠、薬学、看護、情報・データサイエンス一般/女子）と総合型（文学、国際教養、法政経、教育各方式、理学、工学、園芸等）をMasterと意味照合し対応を確認。Kawai起点のmissing candidateなし。先進科学プログラム等Kei-Netに出ないMaster行は一方向監査上問題なし。
kokkoritsu,国立,名古屋大学,Master反映済・追加項目再監査済,46,再監査中,未実施,未実施,未実施,未実施,未実施,実施済,0,0,,0,2026-09-27,Kei-Net監査: Kei-Net 2027掲載を確認しMasterとの意味対応を精査中。 Kei-Net監査: 2027掲載対象をMasterと意味照合しmissing candidateなし。 Kei-Net監査: Kei-Net 2027学校推薦型・総合型をMaster 46行と意味照合。文学・教育・法・経済・情報・理・医学保健・工一般/女子・農の推薦、理学部5総合型はMasterに対応。G30各プログラムはKei-Net主要推薦/総合型対象外のMaster追加範囲。Kawai起点のmissing candidateなし。
kokkoritsu,国立,名古屋工業大学,Master反映済・追加項目再監査済,19,再監査中,未実施,未実施,未実施,未実施,未実施,実施済,0,0,,0,2026-09-27,Kei-Net監査: Kei-Net 2027掲載を確認しMasterとの意味対応を精査中。 Kei-Net監査: 2027掲載対象をMasterと意味照合しmissing candidateなし。 Kei-Net監査: Kei-Net 2027学校推薦型・総合型をMaster 19行と意味照合。共テあり推薦、女子推薦、共テなし推薦、社会工学総合型、基幹工学夜間主総合型を含め対応。missing candidateなし。
kokkoritsu,国立,和歌山大学,Master反映済・追加項目再監査済,12,再監査中,未実施,未実施,未実施,未実施,未実施,実施済,0,,,0,2026-09-27,Kei-Net監査: 2027掲載を確認しMasterとの意味対応を精査中。 Kei-Net監査: 2027推薦・総合型を意味照合しmissing candidateなし。 Kei-Net監査: Kei-Net 2027学校推薦型・総合型をMaster 12行と意味照合。教育（通常/きのくに/紀南）、経済（通常/スポーツ/簿記）、システム工（通常/女子）、観光（推薦/総合型）、社会インフォマティクスが対応。missing candidateなし。
kokkoritsu,国立,埼玉大学,Master反映済・追加項目再監査待ち,43,再監査中,未実施,未実施,未実施,未実施,未実施,実施済,0,,,1,2026-09-27,UpdateQueue 1件（帰国生徒選抜:待機） Kei-Net監査: Kei-Net 2027推薦・総合型を意味照合。2027新設の工学部機械工学・システムデザイン一般枠を含めMasterに対応。Kawai起点のmissing candidateなし。 Kei-Net監査: Kei-Net 2027の総合型3募集単位（経済昼間・理学生体制御・工学情報）と推薦各募集単位を現Masterと意味照合。2027新設の工学部機械工学・システムデザイン一般枠もMaster収録済み。Kawai起点のmissing candidateなし。
kokkoritsu,国立,大分大学,Master反映済・追加項目再監査待ち,44,再監査中,未実施,未実施,未実施,未実施,未実施,一部実施,,,,0,2026-09-27,Kei-Net監査: 2027掲載を確認しMasterとの意味対応を精査中。 Kei-Net監査: Kei-Net推薦・総合型2027を確認。Masterとの意味対応を精査中。
kokkoritsu,国立,大阪大学,Master反映済・追加項目再監査待ち,51,要項公開待ち,未実施,未実施,未実施,未実施,未実施,実施済,0,0,,1,2026-09-27,UpdateQueue 1件（帰国生徒特別入試:確認時期到来） Kei-Net監査: 2027掲載を確認しMasterとの意味対応を精査中。 Kei-Net監査: 2027掲載対象をMasterと意味照合しmissing candidateなし。 Kei-Net監査: Kei-Net 2027総合型7系統・学校推薦型6系統をMasterの該当13行と意味照合し対応。帰国生徒特別入試38行はKei-Net主要推薦/総合型の対象外で別管理。Kawai起点のmissing candidateなし。
kokkoritsu,国立,大阪教育大学,Master反映済・追加項目再監査済,29,再監査中,未実施,未実施,未実施,未実施,未実施,実施済,0,0,,0,2026-09-27,Kei-Net監査: 2027掲載を確認しMasterとの意味対応を精査中。 Kei-Net監査: 2027掲載対象をMasterと意味照合しmissing candidateなし。 Kei-Net監査: Kei-Net 2027学校推薦型をMaster 29行と意味照合。共テあり/なし、高大接続枠、2027新設の教科教育各コース地域教員希望枠10件までMaster収録済み。Kawai起点のmissing candidateなし。
kokkoritsu,国立,奈良先端科学技術大学院大学,対象外,0,未再監査,未実施,未実施,未実施,未実施,未実施,実施不能,,,,0,2026-09-27,Kei-Net監査: 学部入試を持たない大学院大学のためKawai Coverage監査対象外。
kokkoritsu,国立,奈良女子大学,Master反映済・追加項目再監査済,34,再監査中,未実施,未実施,未実施,未実施,未実施,実施済,0,0,,0,2026-09-27,Kei-Net監査: 2027掲載を確認しMasterとの意味対応を精査中。 Kei-Net監査: 2027掲載対象をMasterと意味照合しmissing candidateなし。 Kei-Net監査: Kei-Net 2027学校推薦型11＋探究力入試Qの掲載対象をMasterと意味照合し対応。Masterはさらに高大接続カリキュラム開発プログラム11募集単位を保持。missing candidateなし。
kokkoritsu,国立,奈良教育大学,Master反映済・追加項目再監査済,41,再監査中,未実施,未実施,未実施,未実施,未実施,実施済,0,0,,0,2026-09-27,Kei-Net監査: 2027掲載を確認しMasterとの意味対応を精査中。 Kei-Net監査: 2027掲載対象をMasterと意味照合しmissing candidateなし。 Kei-Net監査: Kei-Net 2027総合型をMaster 41行と意味照合。意欲重視型19、一般型I 13、一般型II 9を専修・履修分野単位でMasterが保持。Kawai起点のmissing candidateなし。
kokkoritsu,国立,宇都宮大学,Master反映済・追加項目再監査待ち,44,再監査中,未実施,未実施,未実施,未実施,未実施,一部実施,,,,1,2026-09-27,UpdateQueue 1件（総合型選抜B・D:待機） Kei-Net監査: Kei-Net 2027推薦・総合型をMaster 44行と精査中。 Kei-Net監査: Kei-Net推薦・総合型とも2027。Master 44行との意味対応を精査中。
kokkoritsu,国立,室蘭工業大学,Master反映済・追加項目再監査済,2,再監査済,実施済,実施済,実施済,実施済,実施済,実施不能,0,0,0,0,2026-09-28,2027年度募集要項により17単位、Master既収録2・追加15を確認。AO I/IIは学科×一般/女子枠、女子枠と一般枠は併願可。コースは入学後分属。confirmed missing=0。詳細はUnknown項目を残して出典・根拠を記載。 Kei-Net監査: Kei-Netは推薦・総合型とも昨年度2026情報のため2027差分判定には使用しない。
kokkoritsu,国立,宮城教育大学,Master反映済・追加項目再監査済,13,再監査済,実施済,実施済,実施済,実施済,実施済,実施不能,0,0,0,0,2026-09-28,公式2027年度募集資料一覧および総合型・学校推薦型学生募集要項で出願方法、志望区分、募集単位を照合。総合型10・学校推薦型3の計13行と一致し、対象範囲の新規候補なし。 Kei-Net等の第三者DBは2027年度対象選抜の補助照合に利用できず、公式資料のみで確定。 Kei-Net監査: Kei-Net推薦・総合型とも2026年度表示のため保留。
kokkoritsu,国立,宮崎大学,Master反映済・追加項目再監査待ち,58,要項公開待ち,未実施,未実施,未実施,未実施,未実施,一部実施,,,,1,2026-09-27,UpdateQueue 1件（学校推薦型選抜・総合型選抜（未公開分）:確認時期到来） Kei-Net監査: 2027掲載を確認しMasterとの意味対応を精査中。 Kei-Net監査: Kei-Net総合型2027を確認。Masterとの意味対応を精査中。未公開分は別Queueで管理。
kokkoritsu,国立,富山大学,Master反映済・追加項目再監査待ち,37,再監査中,未実施,未実施,未実施,未実施,未実施,実施済,0,,,0,2026-09-27,Kei-Net監査: Kei-Net 2027掲載を確認しMasterとの意味対応を精査中。 Kei-Net監査: 2027推薦・総合型をMasterと意味照合しmissing candidateなし。 Kei-Net監査: Kei-Net 2027学校推薦型・総合型をMaster 37行と意味照合。教育、薬学、医学科3地域枠、理学、都市デザイン、工学各A/B/女子特別推薦、人文・経済・看護等の掲載対象はMasterに対応。大学公式でも2027総合型・学校推薦型募集要項公開を確認。Kawai起点のmissing candidateなし。
kokkoritsu,国立,小樽商科大学,Master反映済・追加項目再監査待ち,5,要項公開待ち,実施済,実施済,実施済,実施済,実施済,実施不能,,,,1,2026-09-28,2027年度公式ページで昼間学校推薦型・私費外国人の詳細募集要項未公表を確認。確定済みの他方式は既存Masterのまま維持し、未公表選抜の追加・詳細補完は行わない。公開後、志願票/Web入力項目、出願単位、書類、日程を公式要項で再確認する。 Kei-Net監査: Kei-Netは2026年度情報のため保留。
kokkoritsu,国立,山口大学,Master反映済・追加項目再監査待ち,48,追加確認待ち,未実施,未実施,未実施,未実施,未実施,実施済,0,0,,2,2026-09-27,UpdateQueue 2件（学校推薦型選抜（医学部医学科以外）:更新必要 / 学校推薦型選抜Ⅱ:待機） Kei-Net監査: 2027掲載を確認しMasterとの意味対応を精査中。 Kei-Net監査: 2027掲載対象をMasterと意味照合しmissing candidateなし。 Kei-Net監査: Kei-Net 2027学校推薦型・総合型をMaster 48行と意味照合。2027新設のひと・まち未来共創学環学校推薦型Iを含め対応。Kawai起点のmissing candidateなし。医学部医学科以外の詳細要項公開反映と医学科11月下旬待ちはUpdateQueueで別管理。
kokkoritsu,国立,山形大学,Master反映済・追加項目再監査待ち,56,追加確認待ち,実施済,実施済,実施済,実施済,実施済,一部実施,,,,0,2026-09-28,Kei-Net監査: Kei-Net推薦・総合型とも2027。Master 56行との意味対応を精査中。 公式9/18訂正で総合型Ⅲ・推薦Ⅱの郵送方法が簡易書留から書留速達へ変更。対象行の提出方法注記を追記。募集単位・定員変更なし。
kokkoritsu,国立,山梨大学,Master反映済・追加項目再監査済,50,再監査中,未実施,未実施,未実施,未実施,未実施,実施済,0,,,0,2026-09-27,Kei-Net監査: Kei-Net 2027掲載を確認しMasterとの意味対応を精査中。 Kei-Net監査: 2027推薦・総合型をMasterと意味照合しmissing candidateなし。 Kei-Net監査: Kei-Net 2027学校推薦型・総合型をMasterと意味照合。工学部総合型I/II、生命環境総合型II、教育学部推薦各区分、工学部一般/女子枠、看護、医学科推薦IIの全国募集枠・県内募集枠を含めMasterに対応。大学公式でも2027医学科推薦IIの全国募集化を確認。Kawai起点のmissing candidateなし。
kokkoritsu,国立,岐阜大学,Master反映済・追加項目再監査待ち,42,再監査中,未実施,未実施,未実施,未実施,未実施,実施済,0,0,,0,2026-09-27,Kei-Net監査: Kei-Net 2027掲載を確認しMasterとの意味対応を精査中。 Kei-Net監査: 2027掲載対象をMasterと意味照合しmissing candidateなし。 Kei-Net監査: Kei-Net 2027学校推薦型をMaster 42行と意味照合。地域科学、社会システム経営学環、教育、応用生物、工学一般/女子、医学等の掲載対象は対応。2027変更（地域科学推薦人数上限撤廃、共同獣医選抜方法変更）は募集単位欠落ではなく内容更新事項。Kawai起点のmissing candidateなし。
kokkoritsu,国立,岡山大学,Master反映済・追加項目再監査待ち,42,再監査中,未実施,未実施,未実施,未実施,未実施,実施済,0,0,,0,2026-09-27,Kei-Net監査: 2027掲載を確認しMasterとの意味対応を精査中。 Kei-Net監査: 2027掲載対象をMasterと意味照合しmissing candidateなし。 Kei-Net監査: Kei-Net 2027学校推薦型・総合型をMaster 42行と意味照合。県北地域教育プログラム、工学各系、医学地域枠（岡山/広島/兵庫）、主要総合型を含め対応。Kawai起点のmissing candidateなし。医学地域枠正式要項待ちはCoverage欠落ではなく別途更新事項。
kokkoritsu,国立,岩手大学,Master反映済・追加項目再監査済,43,再監査済,実施済,実施済,実施済,実施済,実施済,実施不能,0,0,0,0,2026-09-28,2027年度入学者選抜要項・学校推薦型および教育/理工/農/獣医学部総合型各募集要項で対象選抜を照合。推薦24・総合型19の計43行と一致し、既収録単位の追加候補なし。2027年度詳細要項のない私費外国人留学生選抜は現行収録範囲外。 Kei-Net等の第三者DBは2027年度対象選抜の補助照合に利用できず、公式資料のみで確定。 Kei-Net監査: Kei-Net推薦・総合型とも2026年度表示のため保留。
kokkoritsu,国立,島根大学,Master反映済・追加項目再監査済,43,再監査中,未実施,未実施,未実施,未実施,未実施,実施済,0,,,0,2026-09-27,Kei-Net監査: 2027掲載を確認しMasterとの意味対応を精査中。 Kei-Net監査: 2027推薦・総合型を意味照合しmissing candidateなし。 Kei-Net監査: Kei-Net 2027学校推薦型・総合型をMaster 43行と意味照合。へるん入試の一般/地域志向/専門高校/グローバル/地域教員等、総合理工・材料エネルギー女子枠、医学一般/地域/緊急医師確保対策枠を含め対応。Kawai起点のmissing candidateなし。
kokkoritsu,国立,帯広畜産大学,Master反映済・追加項目再監査済,4,追加確認待ち,実施済,実施済,実施済,実施済,実施済,実施不能,0,0,0,1,2026-09-28,2027年度AO・推薦・帰国生・社会人・IB要項を確認し、Master4行に追加4（帰国1、社会人1、IB畜産科学1、IB共同獣医1）。私費外国人選抜の2027年度詳細要項は10月中旬公表予定。新要項確認までPFIを推測追加しない。 Kei-Net監査: Kei-Net推薦は2026、総合型は2025情報のため保留。
kokkoritsu,国立,広島大学,Master反映済・追加項目再監査待ち,62,再監査中,未実施,未実施,未実施,未実施,未実施,実施済,0,0,,0,2026-09-27,Kei-Net監査: 2027掲載を確認しMasterとの意味対応を精査中。 Kei-Net監査: 2027掲載対象をMasterと意味照合しmissing candidateなし。 Kei-Net監査: Kei-Net 2027光り輝き学校推薦型・総合型をMaster 62行と意味照合。理学女子枠、工学特別コース女子枠、情報科学地方創生一般/女子、医学ふるさと枠、IGS国内/国外等を含め対応。Kawai起点のmissing candidateなし。医学ふるさと枠詳細要項待ちは別更新事項。
kokkoritsu,国立,弘前大学,Master反映済・追加項目再監査済,32,再監査済,実施済,実施済,実施済,実施済,実施済,実施不能,0,0,0,0,2026-09-28,2027年度総合型選抜要項（72頁）で募集体系・募集枠・日程・出願書類・選抜方法・入学手続を照合。現Master32行と既収録単位を照合し、対象範囲の新規候補なし。音楽・美術は合計6人の一括募集だが専修別に個別選抜し各3人は目安のため現行の専修別2行と共通総数表記を維持。私費外国人選抜は現行収録範囲外。 Kei-Net等の第三者DBは2027年度対象選抜の補助照合に利用できず、公式資料のみで確定。 Kei-Net監査: 確認できたKei-Net総合型は2026年度。2027比較は保留。
kokkoritsu,国立,徳島大学,Master反映済・追加項目再監査待ち,42,要項公開待ち,未実施,未実施,未実施,未実施,未実施,実施済,0,0,,4,2026-09-27,UpdateQueue 4件（学校推薦型選抜Ⅰ:確認時期到来 / 総合型選抜（大学入学共通テストを課す）:確認時期到来 / 学校推薦型選抜Ⅱ:待機 / 総合型選抜（大学入学共通テストを課さない）:待機） Kei-Net監査: 2027掲載を確認しMasterとの意味対応を精査中。 Kei-Net監査: 2027掲載対象をMasterと意味照合しmissing candidateなし。 Kei-Net監査: Kei-Net 2027学校推薦型・総合型をMaster 42行と意味照合。総合科学の活動実績/英語能力/共テ型、理工昼夜・光システム、医・歯・薬各推薦、医学四国研究医型総合型等の掲載対象はMasterに対応。Kawai起点のmissing candidateなし。詳細募集要項未公表分はUpdateQueueで別管理。
kokkoritsu,国立,愛媛大学,Master反映済・追加項目再監査済,62,再監査中,未実施,未実施,未実施,未実施,未実施,一部実施,,,,0,2026-09-27,Kei-Net監査: 2027掲載を確認しMasterとの意味対応を精査中。 Kei-Net監査: Kei-Net総合型2027を確認。Masterとの意味対応を精査中。
kokkoritsu,国立,愛知教育大学,Master反映済・追加項目再監査済,42,再監査中,未実施,未実施,未実施,未実施,未実施,実施済,0,0,,0,2026-09-27,Kei-Net監査: Kei-Net 2027掲載を確認しMasterとの意味対応を精査中。 Kei-Net監査: 2027掲載対象をMasterと意味照合しmissing candidateなし。 Kei-Net監査: Kei-Net 2027学校推薦型・総合型をMaster 42行と意味照合。義務教育各専修、高等学校教育、特別支援、養護、教育支援専門職、一般受験者対象総合型の掲載対象はMasterに対応。missing candidateなし。
kokkoritsu,国立,政策研究大学院大学,対象外,0,未再監査,未実施,未実施,未実施,未実施,未実施,実施不能,,,,0,2026-09-27,Kei-Net監査: 学部入試を持たない大学院大学のためKawai Coverage監査対象外。
kokkoritsu,国立,新潟大学,Master反映済・追加項目再監査待ち,113,再監査中,未実施,未実施,未実施,未実施,未実施,実施済,0,,,1,2026-09-27,UpdateQueue 1件（帰国生徒特別選抜:待機） Kei-Net監査: Kei-Net 2027推薦・総合型を照合開始。河合変更点の教育学部総合型新設は NU-2027-AO-EDU-INQUIRY として既収録を確認。残りを精査中。 Kei-Net監査: 2027推薦・総合型を意味照合しmissing candidateなし。 Kei-Net監査: Kei-Net 2027学校推薦型・総合型をMasterと意味照合。総合型は経済科学・教育・理・工各プログラム・創生各区分がMasterに対応。学校推薦型はⅠ/Ⅱ、工学女子枠等を含め対応。Kawai起点のmissing candidateなし。帰国生36行はKei-Net対象外。
kokkoritsu,国立,旭川医科大学,Master反映済・追加項目再監査済,3,再監査済,実施済,実施済,実施済,実施済,実施済,実施済,0,0,0,0,2026-09-28,公式2027特別選抜要項・日程を既存3行と照合。選抜単位・募集人員・出願書類・日程の対応に欠落候補なし。 Kei-Net監査: Kei-Net 2027の推薦2系統（医学科道北・道東、看護）＋総合型北海道特別がMaster 3行と対応。
kokkoritsu,国立,東京外国語大学,Master反映済・追加項目再監査済,69,再監査済,実施済,実施済,実施済,実施済,実施済,実施不能,,,,0,2026-09-28,Kei-Net監査: Kei-Net推薦は2026、総合型ページ未確認のため2027比較保留。 2027公式学校推薦型要項を再確認。推薦の学部・専攻/地域別単位および帰国生等特別推薦41単位と現Masterが対応。出願期間11/1-5、試験11/28-29、発表12/16。公式ページ上のWeb出願専用サイトと登録手順は準備中。 2027公式学校推薦型要項を再確認。推薦の学部・専攻/地域別単位および帰国生等特別推薦41単位と現Masterが対応。出願期間11/1-5、試験11/28-29、発表12/16。Web出願専用サイトと登録手順は公式ページ上で準備中。 Kei-Net監査: Kei-Net学校推薦型は2026年度表示、総合型ページは確認できず。2027比較は保留。
kokkoritsu,国立,東京大学,Master反映済・追加項目再監査待ち,19,追加確認待ち,実施済,実施済,実施済,実施済,実施済,実施済,0,,,0,2026-09-28,Kei-Net監査: Kei-Net 2027学校推薦型11学部・学科系統とMaster学校推薦型11行が対応。Kawai起点のmissing candidateなし。 2027公式学校推薦型募集要項ページと帰国生第2種要項を再確認。11推薦+6帰国生+2College of Designの19行で整合、missing候補なし。学校推薦型の学部別選考詳細構造化は既知未完了として継続。 Kei-Net監査: Kei-Net 2027学校推薦型の11学部・学科系統はMasterの学校推薦型11行と対応。帰国生・College of DesignはKei-Net主要推薦/総合型の対象外として別管理。
kokkoritsu,国立,東京学芸大学,Master反映済・追加項目再監査済,33,要項公開待ち,実施済,実施済,実施済,実施済,実施済,実施不能,0,0,0,2,2026-09-28,2027公式入試体系とMasterを再照合。既存33行にIB28・帰国生36・私費外国人留学生36の計100行を追加し現在133行。IB詳細要項は反映済。帰国生・私費外国人留学生は10月上旬公開予定でUpdateQueue 2件を維持。Kei-Netは2026年度表示のため2027クロスチェック実施不能。 Kei-Net監査: Kei-Netの推薦・総合型本文はいずれも『昨年度の入試情報』『2026年度入試』表示。2027 Coverage判定には使わず保留。大学公式では2027総合型・学校推薦型募集要項が公表済み。
kokkoritsu,国立,東京海洋大学,Master反映済・追加項目再監査待ち,34,要項公開待ち,実施済,実施済,実施済,実施済,実施済,実施済,0,0,0,1,2026-09-28,2027公式体系・募集人員・日程・要項一覧とMasterを照合。社会人E 8募集単位を現行スコープへ再収録、私費外国人留学生8募集単位を追加し34→50行。Kei-Net 2027推薦・総合型は通常掲載範囲をクロスチェック済み。私費外国人留学生の詳細要項は12月公開待ち。 Kei-Net監査: Kei-Net 2027推薦・総合型の掲載範囲をMasterとクロスチェック。社会人E・私費外国人留学生は大学公式2027入試体系を確定根拠として確認し、Masterへ反映。
kokkoritsu,国立,東京科学大学,Master反映済・追加項目再監査待ち,29,追加確認待ち,実施済,実施済,実施済,実施済,実施済,実施済,0,0,0,0,2026-09-27,Kei-Net監査: Kei-Net 2027で環境・社会理工学院の系別募集を検出。2027公式要項でもA=建築、B=土木・環境、C=融合理工を系単位で募集し各一般/女子枠ありと確認。現Master2行→6募集単位への再構成が必要。 Kei-Net監査: 2027推薦・総合型を照合。環境・社会理工学院総合型は公式にA/B/C系単位募集で選考方法も異なるが、Masterは一般枠/女子枠2行に集約。6募集単位へ分割する必要があり4行不足を公式確認。 Kei-Net 2027差分監査で環境・社会理工学院の粒度不適合を検出し、大学公式2027総合型募集要項で確定。正しい募集単位は建築/土木・環境/融合理工×一般/女子の6。現Masterの学院一括2行は再構成対象。 Kei-Net監査: Kei-Net 2027で環境・社会理工学院が建築学系/土木・環境工学系/融合理工学系×一般枠/女子枠の6募集単位に分かれることを検出。2027年度大学公式総合型選抜募集要項でも『環境・社会理工学院は系単位で募集』と確認し、A建築8+3、B土木・環境6+3、C融合理工6+3。現Masterは学院一括の一般20・女子9の2集約行で、1 row = 1 actual application unit契約に不適合。6正式募集単位へ再構成必要。
kokkoritsu,国立,東京藝術大学,Master反映済・追加項目再監査済,3,要項公開待ち,実施済,実施済,実施済,実施済,実施済,実施不能,0,0,0,3,2026-09-28,2027公式入試体系をMasterと照合。既存SSP3行に私費外国人留学生15・帰国生徒5・外国教育課程出身者7を追加し現在30行。社会人入試は公式に非実施。詳細募集要項は11月下旬～12月上旬公開予定のためUpdateQueue 3件。Kei-Netは推薦・総合型を掲載しないためクロスチェック実施不能。 Kei-Net監査: Kei-Net自身が学校推薦型・総合型選抜は掲載していないと明記。Kawai Coverage監査には利用不可。
kokkoritsu,国立,東京農工大学,Master反映済・追加項目再監査済,18,追加確認待ち,実施済,実施済,実施済,実施済,実施済,実施済,0,0,0,0,2026-09-28,2027公式体系とMasterを再照合。既存18行に社会人4＋私費外国人留学生11を追加し33行。Kei-Net 2027推薦・総合型は既存18行と対応し、特別選抜15行は大学公式体系から確認。特別選抜学生募集要項の詳細再精査1件をQueueへ。 Kei-Net監査: Kei-Net 2027推薦・総合型は既存Master18行と意味対応。大学公式2027入試体系からKei-Net掲載外の社会人4＋私費外国人留学生11を追加。
kokkoritsu,国立,東北大学,Master反映済・追加項目再監査待ち,61,追加確認待ち,実施済,実施済,実施済,実施済,一部実施,一部実施,0,0,0,1,2026-09-28,2027年度AOⅡ募集要項および公式AO選抜一覧でAOⅡ20行を照合。科学オリンピック5・帰国生11・Gateway I/II各2を含む現Master61行の対象構成を確認。AOⅢ21行は2027年度詳細要項が公式に11月下旬公表予定のため内容更新を保留しUQ-2027-0006で待機。 Kei-Net等の第三者DBは2027年度対象選抜の補助照合に利用できず、公式資料のみで確定。 Kei-Net監査: Kei-Net AO 2027を確認。AOⅡ/ⅢのMaster対応を精査中。
kokkoritsu,国立,横浜国立大学,Master反映済・追加項目再監査済,30,追加確認待ち,実施済,実施済,実施済,実施済,実施済,一部実施,0,0,0,3,2026-09-28,Kei-Net監査: Kei-Net 2027推薦・総合型をMaster対象内30行と精査中。 Kei-Net監査: 推薦本文は2026、総合型は2027/2026混在のため全体判定保留。2027経済総合型は対応。公式2027新設の理工・電子情報システム女子枠はMaster収録済み。 Kei-Net監査: Kei-Net学校推薦型本文は『昨年度の入試情報』『2026年度』表示。総合型ページは経済学部一般プログラムが2027だが教育学部等は2026表示が混在するため、2027全体Coverage判定には使わず部分照合。2027経済総合型はMaster対応。大学公式で2027理工学部電子情報システム教育プログラムの学校推薦型女子枠新設を確認済みで、Masterにも一般枠＋女子枠が収録済み。 2027公式要項一覧を確認し、都市科学部YGEP-N1渡日入試は学科のみ出願可と確認。建築・都市基盤・環境リスク共生の3行を追加し、経済・経営・理工学部YGEP-N1詳細要項は11月公開予定としてUQ-0049～0051で待機。
kokkoritsu,国立,浜松医科大学,Master反映済・追加項目再監査済,3,再監査済,実施済,実施済,実施済,実施済,実施済,実施済,0,0,,0,2026-09-28,Kei-Net監査: Kei-Net 2027掲載を確認しMasterとの意味対応を精査中。 Kei-Net監査: 2027掲載対象をMasterと意味照合しmissing candidateなし。 Kei-Net監査: Kei-Net 2027学校推薦型の医学科一般枠・地域枠、看護学科がMaster 3行に対応。Kawai起点のmissing candidateなし。 2027年度公式詳細要項を精査し、学校推薦型3単位に加え海外教育プログラム特別入試（医・看護）2単位と看護学科社会人入試1単位を確認、Masterへ追加。重複定員は内数として保持。
kokkoritsu,国立,滋賀医科大学,Master反映済・追加項目再監査済,4,再監査済,実施済,実施済,実施済,実施済,実施済,実施済,0,0,,0,2026-09-28,Kei-Net監査: 2027掲載を確認しMasterとの意味対応を精査中。 Kei-Net監査: 2027掲載対象をMasterと意味照合しmissing candidateなし。 Kei-Net監査: Kei-Net 2027学校推薦型の医学科一般/地元医療枠、看護学科一般/地元医療枠の4募集単位がMaster 4行と対応。missing candidateなし。 2027年度公式詳細要項を確認し、医学科一般/地元24/11、看護学科一般/地元9/6の4単位を照合。地元医療枠を地域枠として2行補正。
kokkoritsu,国立,滋賀大学,Master反映済・追加項目再監査済,30,再監査済,実施済,実施済,実施済,実施済,実施済,実施済,0,0,,0,2026-09-28,Kei-Net監査: 2027掲載を確認しMasterとの意味対応を精査中。 Kei-Net監査: 2027掲載対象をMasterと意味照合しmissing candidateなし。 Kei-Net監査: Kei-Net 2027学校推薦型・総合型をMaster 30行と意味照合。経済A/B推薦・総合型、教育一般/地域/特技各枠、データサイエンス総合型I一般/女子・II実績評価型がMasterに対応。missing candidateなし。 2027年度公式教育学部一般推薦ページ及び各学部募集要項を確認。教育学部は専攻・専修1区分を選択して出願、地域枠との併願規則・推薦上限・二段階日程を照合。現Master30行に欠落なし。
kokkoritsu,国立,熊本大学,Master反映済・追加項目再監査待ち,35,要項公開待ち,実施済,実施済,実施済,実施済,実施済,一部実施,,1,,3,2026-09-28,UpdateQueue 1件（帰国生徒入試:待機） Kei-Net監査: 2027掲載を確認しMasterとの意味対応を精査中。 Kei-Net監査: Kei-Net総合型2027を確認。Masterとの意味対応を精査中。帰国生詳細待ちは別Queueで管理。 2027年度公式要項一覧（2026-09-28確認）では学校推薦型Ⅰは9月下旬公表予定、Ⅱ・帰国生徒入試は11月下旬予定。現時点でⅠの詳細要項は未掲載。AOI/IIは掲載済み要項再監査済み。詳細候補はQueueで追跡。
kokkoritsu,国立,琉球大学,Master反映済・追加項目再監査待ち,65,要項公開待ち,実施済,実施済,実施済,実施済,実施済,一部実施,,3,,5,2026-09-28,UpdateQueue 2件（学校推薦型選抜Ⅰ:確認時期到来 / 学校推薦型選抜Ⅱ:確認時期到来） Kei-Net監査: Kei-Net推薦・総合型2027を確認。Masterとの意味対応を精査中。推薦詳細公開待ちは別Queue管理。 2027年度公式一覧（2026-09-28確認）で推薦Ⅰ・Ⅱ、社会人、帰国生徒、私費外国人留学生の公表予定月はいずれも9月。2027詳細リンクは未掲載で昨年度資料のみ。既存推薦2区分に加え、社会人・帰国生・私費外国人の実出願単位も詳細要項待ち候補としてQueue登録。
kokkoritsu,国立,神戸大学,Master反映済・追加項目再監査済,29,再監査済,実施済,実施済,実施済,実施済,実施済,実施済,0,0,0,0,2026-09-28,Kei-Net監査: 2027掲載を確認しMasterとの意味対応を精査中。 Kei-Net監査: 2027掲載対象をMasterと意味照合しmissing candidateなし。 Kei-Net監査: Kei-Net 2027学校推薦型・総合型をMaster 29行と意味照合。「志」特別選抜16、国際人間科学・理・医学等の総合型7、経済/経営/国際人間/保健の推薦、医学地域特別枠、システム情報女子枠まで対応。missing candidateなし。 公式全学部入試案内・募集人員表および「志」特別選抜、国際人間科学部、経営学部、システム情報学部の2027資料を確認。現Master 29行（「志」16・総合型7・推薦等6）と照合し、欠落・重複候補なし。 actual application unitは各要項の学部/学科/選抜区分単位に対応。第三者DBは補助照合のみ。
kokkoritsu,国立,福井大学,Master反映済・追加項目再監査済,31,再監査済,実施済,実施済,実施済,実施済,実施済,実施済,0,0,0,0,2026-09-28,Kei-Net監査: Kei-Net 2027掲載を確認しMasterとの意味対応を精査中。 Kei-Net監査: 2027推薦・総合型をMasterと意味照合しmissing candidateなし。 Kei-Net監査: Kei-Net 2027推薦・総合型をMaster 31行と意味照合。教育高大接続/実技、国際地域、工学一般/専門系/女子・原子力内数、医学科地元/全国/福井健康推進枠、看護等がMasterに対応。Kawai起点のmissing candidateなし。 公式2027入試日程・募集要項一覧と、9/24公表の教育学部学校推薦Ⅰ・Ⅱおよび国際地域学部学校推薦Ⅱ要項を確認。現Master 31行（総合型・推薦の各学部/学科/枠）と照合し、追加・重複候補なし。教育推薦Ⅰの嶺南地域枠は初等/中等を第2志望に指定可能だが同一募集区分内の志望順位であり、別枠行は分割しない。
kokkoritsu,国立,福岡教育大学,Master反映済・追加項目再監査済,15,再監査済,実施済,実施済,実施済,実施済,実施済,一部実施,0,0,0,0,2026-09-28,Kei-Net監査: 2027掲載を確認しMasterとの意味対応を精査中。 Kei-Net監査: Kei-Net学校推薦型2027を確認。Masterとの意味対応を精査中。 公式2027学校推薦型選抜要項（9/15公表）・日程ページを確認。募集人員は推薦Ⅰ100、推薦Ⅱ18。初等芸術・実技教育の区分別人員は試験科目パターンの目安、初等人文社会/芸術の副専攻領域は入学後選択であり、出願時の独立募集単位ではない。現Master 15行と要項のプログラム/専攻/試験区分を照合し、欠落・重複候補なし。
kokkoritsu,国立,福島大学,Master反映済・追加項目再監査済,24,再監査済,実施済,実施済,実施済,実施済,実施済,実施不能,0,0,0,0,2026-09-28,Kei-Net監査: Kei-Net推薦・総合型とも2026年度表示のため保留。最新版リンクを確認記録。 公式9/1最新版（修正履歴付き）の総合型・学校推薦型募集要項を確認。24現行行は選抜体系に対応し、追加募集単位なし。 Kei-Net監査: Kei-Net推薦・総合型とも昨年度2026表示のため保留。 Batch 7で公式2027資料と既存Masterを再照合、追加・修正候補なし（過去の公式照合根拠を維持）。
kokkoritsu,国立,秋田大学,Master反映済・追加項目再監査済,37,再監査済,実施済,実施済,実施済,実施済,実施済,一部実施,0,0,0,0,2026-09-28,2027年度公式募集要項一覧・入学者選抜日程・総合型各要項・9月17日公開の学校推薦型要項を照合。総合型20・学校推薦型17の計37行と一致。医学科推薦Ⅱの地域枠募集人員は申請予定として公式要項で未確定のため、既存Unknownを維持。私費外国人・IB専用は現行収録範囲外。 Kei-Net等の第三者DBは2027年度対象選抜の補助照合に利用できず、公式資料のみで確定。 Kei-Net監査: Kei-Net総合型は2027、推薦は2026。総合型側を照合中。 Batch 7で公式2027資料と既存Masterを再照合、追加・修正候補なし（過去の公式照合根拠を維持）。
kokkoritsu,国立,筑波大学,Master反映済・追加項目再監査待ち,60,再監査中,実施済,実施済,実施済,実施済,実施済,実施済,0,,,0,2026-09-28,Kei-Net監査: Kei-Net 2027推薦・総合型を全体照合。推薦学類、AC入試、研究型人材、国際科学オリンピックまで現Masterに対応し、Kawai起点のmissing candidateなし。 Kei-Net監査: Kei-Net 2027の推薦・総合型を現Masterと意味照合。推薦入試の学類構成、AC入試8系統、医学類研究型人材入試、国際科学オリンピック特別入試（化学・情報科学・情報メディア）まで対応行を確認。Kawai起点のmissing candidateなし。 公式要項一覧と公開済み2027募集要項を確認。現Master60行は選抜体系と照合し追加候補なし。全選抜の提出物・入学手続期限の精査は継続。
kokkoritsu,国立,筑波技術大学,Master反映済・追加項目再監査済,20,再監査済,実施済,実施済,実施済,実施済,実施済,一部実施,0,0,,0,2026-09-28,Kei-Net監査: Kei-Net推薦2027の6募集単位はMasterと一致。総合型実ページは2026年度のため2027外部Coverage監査は保留。 Kei-Net監査: Kei-Net学校推薦型は2027で、共生社会創成視覚/聴覚、産業情報、総合デザイン、保健、情報システムの6募集単位はMaster推薦6行と対応。総合型の実ページ本文は2026年度のため2027比較には使わず保留。 2027詳細要項を確認。既存14行に社会人選抜6単位追加（視覚系3・聴覚系3）。視覚系保健学科は3コース一括募集、学科別分割なし。
kokkoritsu,国立,総合研究大学院大学,対象外,0,再監査済,実施済,実施済,実施済,実施済,実施済,実施不能,,,,0,2026-09-28,Kei-Net監査: 学部入試を持たない大学院大学のためKawai Coverage監査対象外。 大学院大学で学士課程募集を行わないため学部早期入試DBの収録対象外。
kokkoritsu,国立,群馬大学,Master反映済・追加項目再監査済,51,再監査済,実施済,実施済,実施済,実施済,実施済,実施済,0,0,,0,2026-09-28,Kei-Net監査: Kei-Net 2027推薦・総合型をMaster 44行と精査中。 Kei-Net監査: 学校推薦型の募集単位過集約を検出。情報学部は一般＋4プログラム＋GFLの6単位へ（+5）、理工2類は各一般＋GFLへ（+2）。大学公式で区分・異なる出願要件を確認し計7行不足確定。 Kei-Net監査: Kei-Net 2027推薦・総合型を照合。Masterの学校推薦型で募集単位の過集約を確認。情報学部は現1行（一般枠・プログラム特別枠・GFL特別枠を包含）だが、一般枠＋プログラム特別枠4プログラム＋GFL特別枠の6実出願単位で出願要件が異なるため+5行必要。理工学部は物質・環境類、電子・機械類とも現1行に一般枠/GFL特別枠を包含しているが、各2実出願単位のため各+1、計+2。大学公式2027ページでも一般枠／プログラム特別枠／GFL特別枠ごとの志願理由書区分、各プログラム最大5名、GFL若干名等を確認。合計7行の粒度不足を公式確認。 2027学校推薦型詳細要項の枠表・出願要件を確認。既存44行に不足7行追加。別枠は総募集数の内数であり一般枠単独人数はUnknown。
kokkoritsu,国立,茨城大学,Master反映済・追加項目再監査待ち,47,再監査済,実施済,実施済,実施済,実施済,実施済,実施不能,,,,1,2026-09-28,Kei-Net監査: Kei-Netは推薦・総合型とも2026年度表示のため2027比較保留。 Kei-Net監査: Kei-Net推薦・総合型とも2026年度表示のため2027比較は保留。 2027学校推薦型・総合型要項と現Masterを照合、公開済み募集単位に追加候補なし。私費外国人選抜は2027ページに見出しのみ、要項リンク未掲載のためUpdateQueue UQ-2027-0057で公開待ち。
kokkoritsu,国立,豊橋技術科学大学,Master反映済・追加項目再監査済,6,再監査済,実施済,実施済,実施済,実施済,実施済,一部実施,0,0,,0,2026-09-28,Kei-Net監査: Kei-Net 2027掲載を確認しMasterとの意味対応を精査中。 Kei-Net監査: 2027掲載対象をMasterと意味照合しmissing candidateなし。 Kei-Net監査: Kei-Net 2027学校推薦型の普通科・理数科等（一括募集）はMaster該当1行と対応。Masterはさらに工業等に関する学科向け5分野を独立保持。Kawai起点のmissing candidateなし。 Batch 9 audit 2026-09-28: 公式 https://tut.ac.jp/exam/entrance/collect.html（2027推薦要項あり、私費留学生は10月上旬予定）; Kei-Net https://search.keinet.ne.jp/1245/recommend/exam_rec は2026年度表示のため2027外部クロスチェック未完
kokkoritsu,国立,金沢大学,Master反映済・追加項目再監査済,104,要項公開待ち,実施済,実施済,実施済,実施済,実施済,実施済,0,1,,1,2026-09-28,Kei-Net監査: Kei-Net 2027掲載を確認しMasterとの意味対応を精査中。 Kei-Net監査: 医学類推薦II特別枠のみMaster 14人1行に対しKei-Netは石川県12＋富山県2。2027公式最終要項は認可後公表のためambiguous=1としてUpdateQueueへ。 Kei-Net監査: Kei-Net 2027推薦・総合型をMasterと意味照合。KUGS主要区分、女子枠、超然、防災・復興、デジタル人材、高大院接続等はMasterに対応。医学類KUGS学校推薦型II特別枠のみ、Kei-Netは石川県枠12＋富山県枠2の2募集単位だがMasterは特別枠14の1行に集約。大学公式2027募集要項ページでは医学類特別枠は文科省認可後公表として最終要項待ちのため、+1行候補はambiguousとして保留しUpdateQueueで追跡。 Batch 9 audit 2026-09-28: 公式 https://www.kanazawa-u.ac.jp/admission/boshuyoko（医学類特別枠・医学類高大院接続は文科省認可後）; Kei-Net https://search.keinet.ne.jp/1200/recommend/exam_rec は2027年度推薦を掲載。医学類特別枠14を県別12+2に分ける掲載差を要項公開まで保留
kokkoritsu,国立,長岡技術科学大学,Master反映済・追加項目再監査済,6,再監査済,実施済,実施済,一部実施,実施済,実施済,一部実施,0,,,0,2026-09-28,Kei-Net監査: Kei-Net 2027掲載を確認しMasterとの意味対応を精査中。 Kei-Net監査: 2027学校推薦型を照合しmissing candidateなし。 Kei-Net監査: Kei-Net 2027学校推薦型の普通科・理数科等10名はMasterの当該1行と対応。Masterはさらに工業等に関する学科・総合学科を5分野別に保持しており、一方向監査上問題なし。Kawai起点のmissing candidateなし。 Batch 9 audit 2026-09-28: 公式 https://www.nagaokaut.ac.jp/admissions/exam/bachelor1/outline/index.html（2027募集概要。推薦詳細要項の公開状況を要再確認）; Kei-Net https://www.keinet.ne.jp/exam/2027/change/national/1175.html は2027定員変更、https://search.keinet.ne.jp/1175/recommend/exam_rec は昨年度表示のため詳細クロスチェック未完
kokkoritsu,国立,長崎大学,Master反映済・追加項目再監査済,48,再監査済,実施済,実施済,実施済,実施済,実施済,実施済,,,,0,2026-09-28,Kei-Net監査: 2027掲載を確認しMasterとの意味対応を精査中。 Kei-Net監査: Kei-Net総合型2027を確認。Masterとの意味対応を精査中。 Batch 9 audit 2026-09-28: 公式 https://www.nagasaki-u.ac.jp/nyugaku/index.html（2027総合型7/7、推薦・外国人・社会人9/8掲載）; Kei-Net https://search.keinet.ne.jp/1435/recommend/exam_rec は2027年度推薦表示。現Masterとの募集単位対応を確認
kokkoritsu,国立,電気通信大学,Master反映済・追加項目再監査済,19,要項公開待ち,実施済,実施済,実施済,実施済,実施済,一部実施,0,0,0,1,2026-09-28,2027公式体系とMasterを照合し、私費外国人留学生3類を追加して19→22行。総合型4・学校推薦15は公式2027募集単位と対応。Kei-Netは総合型が2027、推薦が2026表示のため全体系の2027クロスチェックは実施不能として理由を記録。私費外国人留学生詳細要項は11月上旬待ち。 Kei-Net監査: Kei-Net総合型2027は既存Masterと照合しmissingなし。学校推薦型は2026年度表示のため2027比較不能。私費外国人留学生はKei-Net推薦・総合型DB対象外のため大学公式2027入学者選抜要項で確認。 Batch 9 audit 2026-09-28: 公式 https://www.uec.ac.jp/education/undergraduate/admission/senbatsu_type.html（2027総合型・推薦の要項配布中、私費留学生要項は11月上旬予定）; Kei-Net https://search.keinet.ne.jp/1115/recommend/exam_rec は2027推薦、https://search.keinet.ne.jp/1115/recommend/exam_ao は2026表示のため全体系の外部照合未完
kokkoritsu,国立,静岡大学,Master反映済・追加項目再監査済,54,再監査済,実施済,実施済,実施済,実施済,実施済,実施済,0,0,,0,2026-09-28,Kei-Net監査: Kei-Net 2027掲載を確認しMasterとの意味対応を精査中。 Kei-Net監査: 2027推薦・総合型をMasterと意味照合しmissing candidateなし。 Kei-Net監査: Kei-Net 2027推薦・総合型をMaster 54行と意味照合。教育、工、情報、理、農、人文社会、グローバル共創等の掲載対象は対応。2027新設の工学部電気電子工学科学校推薦型女子枠もMaster収録済み。Kawai起点のmissing candidateなし。 Batch 10 audit 2026-09-28: 2027公式募集要項の選抜一覧・各方式とMaster 54行を照合。Kei-Net 2027推薦・総合型を独立クロスチェック。募集区分・募集単位は対応し追加候補なし。公式 https://www.shizuoka.ac.jp/nyushi/ ; 外部 https://search.keinet.ne.jp/1230/recommend/exam_rec / https://search.keinet.ne.jp/1230/recommend/exam_ao
kokkoritsu,国立,香川大学,Master反映済・追加項目再監査済,37,再監査済,実施済,実施済,実施済,実施済,実施済,実施済,0,0,,0,2026-09-28,Kei-Net監査: 2027掲載を確認しMasterとの意味対応を精査中。 Kei-Net監査: 2027掲載対象をMasterと意味照合しmissing candidateなし。 Kei-Net監査: Kei-Net 2027学校推薦型・総合型をMaster 37行と意味照合。教育、法、経済、創造工、農、医（県内高校出身枠/地域枠含む）、総合型各募集単位がMasterに対応。Kawai起点のmissing candidateなし。 Batch 10 audit 2026-09-28: 2027公式推薦I/II・総合型各要項とMaster 37行を照合。看護学科ナーシング・プロフェッショナル育成入試25名はAOI-NURSに収録済み。Kei-Net 2027推薦・総合型をクロスチェックし候補なし。公式 https://www.kagawa-u.ac.jp/admission/admission_guide/ ; 外部 https://search.keinet.ne.jp/1380/recommend/exam_rec / https://search.keinet.ne.jp/1380/recommend/exam_ao
kokkoritsu,国立,高知大学,Master反映済・追加項目再監査済,41,再監査済,実施済,実施済,実施済,実施済,実施済,実施済,0,0,,0,2026-09-28,Kei-Net監査: 2027掲載を確認しMasterとの意味対応を精査中。 Kei-Net監査: Kei-Net総合型2027を確認。Masterとの意味対応を精査中。 Batch 10 audit 2026-09-28: 2027公式総合型I/II・推薦I/II要項を確認しMaster 41行と照合。パブリックイノベーション学科の総合型I 9名と推薦I 5名はそれぞれAOI-PUB、SRI-PUBとして収録済み。Kei-Net 2027推薦・総合型も照合し不足なし。公式 https://nyusi.kochi-u.ac.jp/nyushi/admissions ; 外部 https://search.keinet.ne.jp/1395/recommend/exam_rec / https://search.keinet.ne.jp/1395/recommend/exam_ao
kokkoritsu,国立,鳥取大学,Master反映済・追加項目再監査済,23,追加確認待ち,実施済,実施済,実施済,実施済,実施済,実施済,8,0,,1,2026-09-28,Kei-Net監査: 2027掲載を確認しMasterとの意味対応を精査中。 Kei-Net監査: 2027学校推薦型IIで8募集単位欠落を公式確認（地域国際地域文化1、工3、農3、医学特別養成1）。詳細抽出・Master追加待ち。 Kei-Net監査: Kei-Net 2027推薦・総合型をMasterと意味照合し、学校推薦型IIの8募集単位が欠落。地域学部国際地域文化1、工学部（電気情報/化学バイオ/社会システム土木）3、農学部（共同獣医、生命環境農学IIA課題探求型、IIB地域貢献型）3、医学科特別養成枠1。大学公式2027サイトでも地域学部/工学部/農学部に学校推薦型IIが存在し、医学科特別養成枠を現行Q&Aで確認。詳細抽出してMaster追加が必要。 Batch 10 audit 2026-09-28: Master 23行と2027公式公開済資料を照合。Kei-Net 2027推薦・総合型をクロスチェックし、学校推薦型II候補8単位（地域学部国際地域文化1、工学部3、農学部3、医学科特別養成枠1）を確認。大学公式は2027年度要項の一部のみ掲載し、地域・工・農の推薦II詳細は確認できない。canonical未変更、UQ-2027-0058で詳細公開待ち。公式 https://www.admissions.adm.tottori-u.ac.jp/pamphlet-branch-2 ; 外部 https://search.keinet.ne.jp/1340/recommend/exam_rec / https://search.keinet.ne.jp/1340/recommend/exam_ao
kokkoritsu,国立,鳴門教育大学,Master反映済・追加項目再監査済,13,再監査済,実施済,実施済,実施済,実施済,実施済,実施済,0,0,,0,2026-09-28,Kei-Net監査: 2027掲載を確認しMasterとの意味対応を精査中。 Kei-Net監査: 2027掲載対象をMasterと意味照合しmissing candidateなし。 Kei-Net監査: Kei-Net 2027学校推薦型をMaster 13行と意味照合。2027改編後の推薦I=4募集単位15名、推薦II=9募集単位29名が一致し、国語/英語/理科のII新設、技術のII→I変更もMaster反映済み。missing candidateなし。 Batch 10 audit 2026-09-28: 2027公式学校推薦型選抜要項とMaster 13行を照合。推薦I 4単位15名、推薦II 9単位29名、改編後の区分・技術枠変更を確認。Kei-Net 2027推薦もクロスチェックし対応、候補なし。公式 https://www.naruto-u.ac.jp/admissions/undergraduate03/ ; 外部 https://search.keinet.ne.jp/1375/recommend/exam_rec
kokkoritsu,国立,鹿児島大学,Master反映済・追加項目再監査待ち,66,追加確認待ち,実施済,実施済,実施済,実施済,一部実施,一部実施,,,,2,2026-09-28,UpdateQueue 2件（総合型選抜（自己推薦型選抜）:更新必要 / 学校推薦型選抜Ⅱ:更新必要） Kei-Net監査: 2027掲載を確認しMasterとの意味対応を精査中。 Kei-Net監査: Kei-Net総合型2027を確認。Masterとの意味対応を精査中。自己推薦・推薦Ⅱ詳細更新は別Queueで進行。 Batch 11: 2027自己推薦型・推薦Ⅱの公式要項が9/25公開済みと確認。自己推薦型の募集枠は公式表11実出願単位（離島枠→一般枠第2志望可）で既存12レコード中の対応照合を開始。推薦Ⅱの公式推薦人員表で学部・コース・プログラム別枠と高校当たり推薦人数を確認。提出書類・成績書類・方法・日程・入学手続期限の66行全体照合は未完了のためQueue継続。Kei-Net 2027 AO掲載もクロスチェック済。
kokkoritsu,国立,鹿屋体育大学,Master反映済・追加項目再監査済,5,再監査済,実施済,実施済,実施済,実施済,実施済,一部実施,0,0,0,0,2026-09-28,Kei-Net監査: 2027掲載を確認しMasterとの意味対応を精査中。 Kei-Net監査: Kei-Net推薦・総合型2027を確認。Masterとの意味対応を精査中。 Batch 11: 公式2027学校推薦型ページでスポーツ総合52・武道15、ネット出願を確認。Kei-Net 2027総合型（A.C.E.アスリート、出願要件・調査書/推薦書/自己推薦書/競技歴調書/健康調査票）を照合。Master既存5行と体系整合、既知missingなし。学校推薦型全詳細の外部データ比較は範囲限定のためexternal cross-checkは一部実施。
shidai,,ものつくり大学,詳細反映済（技能工芸学部2学科×総合型・総合型特別・学校推薦型の公開方式/期を拡張）,44,再監査済,実施済,実施済,実施済,実施済,実施済,実施不能,0,0,0,0,2026-09-28,Kei-Net監査: Batch 11: 公式2027入試カレンダーで学校推薦型3期・総合型III-V期・総合型特別I-III期、学科別定員と各出願/書類締切/試験/発表/手続日程を確認しMaster44行の既存公開方式構造と照合。Kei-Netで該当する推薦/総合型2027の方式別ページを特定できず、一般入試情報は早期選抜のクロスチェックに流用しない。external DB cross-check: 未。
shidai,,上智大学,2026-09-21 PDF batch 3全面監査済（25件追加、既存5件補正）,30,再監査済,実施済,実施済,一部実施,実施済,実施済,実施済,0,0,0,0,2026-09-28,Kei-Net監査: Kei-Net学校推薦型2027を確認。公募制等をMasterと精査中。 Batch 11: 公式2027推薦入学試験（公募制）ページとKei-Net 2027学校推薦型ページを照合。Kei-Netの出願要件/書類/日程/方式概要とMaster30学科の対象体系をクロスチェック。公式要項本文の精査は先行Batch 3記録を参照。
shidai,,中央大学,2026-09-21 PDF batch 2/3 監査済（中央大学10要項）,52,再監査済,実施済,実施済,一部実施,実施済,実施済,実施済,0,0,0,0,2026-09-28,Kei-Net監査: Kei-Net総合型2027を確認。スポーツ推薦等を含む構成をMasterと精査中。 Batch 11: 公式特別入試要項一覧とKei-Net 2027総合型ページを照合。Kei-Net掲載のスポーツ推薦・自己推薦・学科別要件/書類/日程をMaster52行の収録方式とクロスチェック。公式要項本文の精査は先行Batch 2/3記録を参照。
shidai,,創価大学,2026-09-20再々監査済（理工・看護の公開型27件、全27件partial/A）,27,要項公開待ち,実施済,実施済,実施済,一部実施,一部実施,実施済,,,,1,2026-09-28,Kei-Net監査: Kei-Net推薦・総合型2027を確認。スポーツ推薦・PASCAL等をMasterと精査中。 Batch 12: 公式入試大綱でPASCAL・基礎学力（専願/併願）・小論文・女子枠・GCP等の2027対象学部/募集枠/日程を確認。既存Master27行は理工・看護の公開方式の範囲で、Kei-Net 2027 AOページに文学・教育・法・経済経営等のPASCAL/基礎学力/GCP方式も掲載され、全学体系との差分候補を確認。公式詳細2027要項リンクは出願ページで未公開表示のため追加単位・書類確定は保留、UQ-2027-0059。
shidai,私立,北里大学,再監査済（未来工3・理学5・獣医6・海洋2・薬3・医療衛生18・健康科学4＝41募集単位）,41,追加確認待ち,実施済,実施済,実施済,実施済,実施済,実施済,,,0,1,2026-09-28,公式2027募集要項一覧で獣医学部地域枠、獣医学部・海洋生命科学部帰国生徒、獣医学部・薬学部・医療衛生学部社会人、看護学部・健康科学部の社会人+学士等の特別選抜資料を確認。学科別適用範囲と既存41行の単位重複、要項別の出願項目を確定するまでCanonical未変更。Kei-Net AO/推薦ページ閲覧、外部値は転記せず候補照合のみ。
shidai,,千葉工業大学,詳細拡張・再監査済（総合型16＋公募制16＋専門高校16＝48募集単位）,48,再監査済,実施済,実施済,実施済,実施済,実施済,実施済,0,0,0,0,2026-09-28,Kei-Net監査: Batch 12: 公式令和9年度総合型/推薦募集要項が7/27公開済みと確認。Kei-Net 2027の創造（総合型）・推薦ページとMaster48行（創造選抜16、推薦公募16、専門高校16）を照合。過去2年限定で実施されたデジタルイノベーター発掘選抜は公式デジタルパンフレットに令和8年度以降実施なしと明記、2027候補から除外。Kei-Net照合範囲でmissingなし。
shidai,,千葉科学大学,詳細拡張・再監査済（通常総合型32＋スポーツ型18＋パイロット4＝54募集単位）,54,再監査済,実施済,実施済,実施済,実施済,実施済,実施不能,0,0,0,0,2026-09-28,Kei-Net監査: Batch 12: 公式2027入試要項（8/10公開）・8/20告知の新設スポーツ型を照合。新選抜は硬式野球・ゴルフ・女子サッカー、事前競技能力確認と出願許可が必須。既存Master54行にスポーツ型3期・通常AO等を収録済み。Kei-Netで2027方式別推薦/総合型ページを確認できず、Kei-Netの過年度結果は2027クロスチェック根拠にしないためexternal DB cross-check未。
shidai,,同志社大学,詳細再監査済（理系重点13募集単位）,13,追加確認待ち,実施済,一部実施,一部実施,実施済,一部実施,実施済,,,,1,2026-09-28,Kei-Net監査: Batch 12: 公式2027入試種類・学部別推薦/自己推薦ページとKei-Net 2027学校推薦/総合型を照合。既存Master13行は理工工業高校推薦10、生命医科学医情報自己推薦1、文化情報推薦/自己推薦各1の範囲。一方、Kei-Net 2027には心理・神学・文学・社会・法・経済・GC等の自己推薦/推薦対象が掲載され、公式2027要項リンクも公開されている。全学体系の未収録候補があるため件数を推定せず、UQ-2027-0060で候補全件の公式出願単位・要項確認を要する。
shidai,,国際医療福祉大学,再監査済（医学部1＋関東圏 医療・薬学系 総合型Ⅰ/Ⅱ・公募推薦40＝41募集単位）,41,追加確認待ち,実施済,実施済,実施済,実施済,一部実施,実施済,,,0,1,2026-09-28,Kei-Net監査: 2027年度公式入試体系ページ、総合型Ⅰ/Ⅱ・公募推薦・医学部総合型を照合。既存Master41行は関東の保健医療・薬学系と医学部。公式・Kei-Netに成田/福岡等のMaster外候補があるため全対象募集単位を公式資料で確定中。UQ-2027-0061。
shidai,,国際基督教大学,2026-09-21 PDF batch 3新規収録（3方式）,3,再監査済,実施済,実施済,実施済,実施済,実施済,実施済,0,0,0,0,2026-09-28,Kei-Net監査: 公式2027総合型選抜〈4月入学専願〉は英語外部試験利用60・理数探究利用5・IBDP利用10の3区分。現Master3行の区分・容量・日程を公式ページとKei-Net総合型2027で照合。
shidai,,城西国際大学,2027年度募集なし（薬学部 医療薬学科 募集停止）,0,追加確認待ち,実施済,実施済,実施済,実施済,一部実施,実施済,,,0,1,2026-09-28,Kei-Net監査: 2027年度公式募集要項（総合型/推薦等合冊）と日程ページを確認。総合型は第1～5期・課題評価/活動評価/基礎能力型、スポーツ総合型第1～3期、公募制推薦等が公表され、現Master0行のまま。学科/コース・期・選択可能方式・第2志望可否までの全募集単位分解が未完了のためUQ-2027-0062。
shidai,,城西大学,2026-09-20再々監査済（総合型28＋卒業生子弟・子女18＝46件、全46件partial/A）,46,追加確認待ち,実施済,一部実施,実施済,実施済,一部実施,実施済,,,0,1,2026-09-28,Kei-Net監査: 公式2027入試改革で公募推薦を廃止し、総合型B日程を面接型（専願）/基礎学力型（併願可）に改編。Kei-Net AO 2027と現Master46行を照合。現canonical coverageは理学・薬学に限定されており全学部対象の公開ルート全件照合が残るためUQ-2027-0063。Kei-Net推薦ページには2027年データなし。
shidai,,埼玉医科大学,再監査済（医学部4件＋保健医療学部20件）,24,再監査済,実施済,実施済,実施済,実施済,実施済,実施済,0,0,0,0,2026-09-28,Kei-Net監査: 2027年度医学部・保健医療学部公式要項とKei-Net AO/推薦2027を照合。医学部募集要項に帰国生選抜（若干名）が独立掲載され既存24行に欠落していたため、医学科の実出願単位1行をSAIMED-2027-MED-RETURNとして追加。医学部既存4推薦枠、保健医療学部20行は今回公開範囲で照合。
shidai,,埼玉工業大学,再監査済（工学部年内24募集単位、全件complete/A）,24,追加確認待ち,実施済,実施済,実施済,実施済,実施済,一部実施,,,,1,2026-09-28,外部DB監査: Kei-Netの2027 AO/推薦の該当データを今回確認できず、外部DB cross-check未完了。公式2027ページでは総合型1〜5期・奨学生型・推薦が両学部全学科対象。現Master24行は工学部年内枠のみ。4・5期と人間社会学部を含むWeb出願単位、選抜種別ごとの学科指定、書類・要件を公式募集要項と入力画面で確定する。 旺文社パスナビ学校推薦型2027掲載を照合。Kei-Net当年度AO/推薦は取得できず。パスナビ総合型ページは昨年度情報のため現年度判定には不使用。
shidai,,学習院大学,再監査済（理学部公募推薦4学科）,4,追加確認待ち,実施済,実施済,実施済,実施済,実施済,実施済,,,,1,2026-09-28,Kei-Net監査: 公式AO/公募推薦の2027学部別募集要項公開を確認。現Master4行は理学部公募推薦のみ。Kei-Net AOは哲学科（思想史系/美術史系選択）、国際社会科学科、国際文化交流学部を掲載し、Kei-Net推薦は文学・法・経済等も掲載。各公式要項の志願単位と書類・要件を全件整理するまで追加保留。
shidai,,岡山理科大学,再々監査済（獣医学部重点10件、全10件partial/A／方式別公式ページを細分化）,10,追加確認待ち,実施済,実施済,実施済,実施済,実施済,実施済,,,,1,2026-09-28,Kei-Net監査: 公式2027入試ページおよびKei-Net AO/推薦2027を確認。現Master10行は獣医学部に限定。Kei-Netは教育学部等、総合評価方式・オープンキャンパス利用方式・特別推薦・推薦A/B等を掲載。公式方式別ページと出願時の学科・併願選択を全件確定するまで追加保留。
shidai,,工学院大学,追加監査済（探究成果4＋自己推薦14＋総合評価7＝25募集単位）,25,追加確認待ち,実施済,実施済,実施済,実施済,実施済,実施済,,,,1,2026-09-28,Kei-Net監査: 公式2027募集要項・インターネット出願案内およびKei-Net AO/推薦2027を照合。Master25行は自己推薦・探究成果・総合評価等を収録。公式出願サイトは海外帰国生徒、IB、外国人留学生、指定校等も掲示し、公開済要項間の全区分および学部内複数志望の扱いの照合が残る。詳細確定まで追加保留。
shidai,,帝京大学,再監査済（医学2＋薬学4＋理工24＋医療技術28＝58募集単位）,58,追加確認待ち,実施済,実施済,実施済,実施済,実施済,実施済,,,,1,2026-09-28,Kei-Net監査: 公式2027要項ページ・受験ガイドとKei-Net AO/推薦2027を照合。現Master58行は医学・薬学・理工・医療技術の一部のみ。公式資料・Kei-Netには経済・法・文・外国語・教育・福岡医療技術等の総合型/推薦候補がある。出願単位、コース別区分、第二志望制度を学部別要項で確定するまで追加保留。
shidai,,帝京平成大学,再監査済（薬学・ヒューマンケア・健康メディカル・共創・健康医療スポーツ 計63募集単位）,63,追加確認待ち,実施済,実施済,実施済,実施済,実施済,実施済,,,0,1,2026-09-28,外部DB監査: Kei-Netの2027総合型・推薦ページと公式入学者選抜要項を照合。現Master63行は薬学、ヒューマンケア、健康メディカル、健康医療スポーツ、共創の5学部。公式2027ページは人文社会学部を含む6学部を掲示し、Kei-Netにも各学科の選抜情報がある。人文社会学部の対象方式および選択肢・第2/第3希望を公式Web出願と要項で確定するまで追加保留。
shidai,,慶應義塾大学,2026-09-21 PDF batch 3監査済（理工分野志向3＋FIT4＋文学1を追加）,12,追加確認待ち,実施済,実施済,実施済,実施済,実施済,実施済,,,0,1,2026-09-28,外部DB監査: Kei-Net AO 2027と公式入試制度一覧を照合。現Master12行は文学・法・理工・SFC夏秋AO・看護医療を収録。公式一覧とKei-NetはSFC春AOおよび冬AO（GIGA）も掲示。出願時の学部・プログラム単位と必要書類・日程を当年度要項で確定後に追加する。
shidai,,成蹊大学,再監査済（理工学部自己推薦型1募集単位）,1,追加確認待ち,実施済,実施済,実施済,実施済,実施済,実施済,,,0,1,2026-09-28,外部DB監査: 公式2027要項・重要告知とKei-Net AO 2027を照合。公式は総合型基礎学力型の実施中止、募集人員の一般選抜への振替、自己推薦型等の要項修正を告知。現Master1行は理工学部自己推薦型のみ。自己推薦型の学部・学科別の実出願単位、特別受験各区分と要項改訂の行反映を確定するまで追加保留。
shidai,,日本医科大学,詳細再監査済（看護2方式、全件complete/A）,2,再監査済,実施済,実施済,実施済,実施済,実施済,実施済,0,0,0,0,2026-09-28,外部DB監査: 公式2027実施要項・日程ページ、旺文社パスナビ学校推薦型およびBenesse入試日程を照合。医療健康科学部看護学科の総合型（10名）・学校推薦型（公募/指定校計50名）2区分は現Master 2行に一致。総合型の専願/併願不明、公募単独募集人員・推薦人数上限不明は公式情報で確定不能として既存Unknownを維持。
shidai,,日本大学,詳細拡張・再監査済（生物資源総合型/公募、理工総合型、生産工総合型/公募、工学総合型/公募、薬学、医学＝98募集単位）,98,追加確認待ち,実施済,実施済,実施済,実施済,実施済,実施済,,,0,1,2026-09-28,外部DB監査: 公式2027学校推薦型選抜ページ・学部別要項とKei-Net AO/推薦2027を照合。現Master98行は医学・薬学・理工・生産工・工・生物資源の6学部。公式ページとKei-Netには法・文理・経済・商・芸術・国際関係・危機管理・スポーツ科学・歯学等の選抜候補もある。学部別の方式・学科・出願票の単位を確定するまで未収録候補を追加保留。
shidai,,日本工業大学,詳細反映済（2027年度公開型：特別奨学生4方式・総合型4方式・公募制を全8学科・コースへ展開）,96,追加確認待ち,実施済,実施済,実施済,実施済,実施済,一部実施,4,4,0,1,2026-09-28,公式2027入試一覧・各方式ページでMaster96行（特別奨学生4方式、総合型8単位区分、公募推薦2期×8学科）の既収録範囲を照合。Kei-Net AOページは2026年度表示かつ推薦は入試結果のみのため、2027詳細クロスチェックはBenesseを使用。公式一覧には指定校、外国人留学生、帰国子女、社会人があり、これらの実際の出願単位・適用学科・提出書類を確定するまでUQ-2027-0073に記録。
shidai,,日本獣医生命科学大学,詳細拡張・再監査済（総合型3＋一般公募推薦4＋獣医特別2）,9,追加確認待ち,実施済,実施済,実施済,実施済,実施済,実施済,,,0,1,2026-09-28,公式2027選抜要項は社会人（全学科）、帰国生/IB（全学科）、獣医特別（獣医学科）、学士（獣医学科・獣医保健看護学科）、学士/一般編入（動物科学・食品科学）を掲載。Web出願の学科選択および要項詳細とMaster9行の照合未完のためUQ-2027-0074で継続。Kei-Net AO/推薦2027は候補照合済み。
shidai,,日本薬科大学,再監査済（総合型27＋教員推薦3＝30募集単位、全件complete/A）,30,追加確認待ち,実施済,実施済,実施済,実施済,実施済,一部実施,3,3,0,1,2026-09-28,公式2027 AO・募集要項、外国人留学生ページ、Benesse/パスナビの2027情報を照合。Master30行（AI学習型9、面接型18、教員推薦3）を確認。公式は外国人留学生推薦/一般を各4期で実施、社会人・帰国子女・編入学も学科別に掲載。外国人枠の適用学科・期別出願単位、AI学習コースの更新内容、特別入試の出願単位確認をUQ-2027-0075に記録。
shidai,,日本赤十字看護大学,再監査済（総合型2＋公募推薦2＋赤十字特別6＝10募集単位）,10,再監査済,実施済,実施済,実施済,実施済,実施済,一部実施,0,0,0,0,2026-09-28,公式2027総合型・学校推薦型要項とBenesse2027/東進日程情報を照合。現Master10行は広尾・さいたま各キャンパスの総合型2、公募推薦2、病院別赤十字特別選抜6に一致。赤十字特別の病院別人数（看護学部5、さいたま看護学部4）と公募推薦との同一学部内併願条件も一致。特別枠の同一キャンパス内病院別出願単位を維持。
shidai,,早稲田大学,2026-09-21 PDF batch 1/3 監査済（早稲田3要項を確認）,24,追加確認待ち,実施済,実施済,実施済,実施済,実施済,一部実施,5,5,0,1,2026-09-28,公式入学センター/各学部2027要項とKei-Net総合型2027を照合。現Master24行は建築AO1、理工特別選抜14、FACT3、地域探究・貢献5、社会科学部全国自己推薦1。Kei-Netには地域探究・貢献の学科単位・詳細日程が掲載。SILS AO、学部別追加方式、スポーツ自己推薦、外国学生等の全選抜体系と出願単位を照合し終えるまでUQ-2027-0076へ保留。Kei-Net学校推薦型はデータなし。
shidai,,明星大学,再監査済（理系重点 総合型21募集単位）,21,追加確認待ち,実施済,実施済,実施済,実施済,実施済,一部実施,1,1,0,1,2026-09-28,2027公式総合型体系と現Master21行を照合。Kei-Net AO2027にも教育学部等の候補があり、指定校要項は対象校へ別送で一般非公開。全学出願単位確認をUQ-2027-0077で継続。
shidai,,明治大学,2026-09-21 PDF batch 1/3 監査済（明治5要項を確認）,27,追加確認待ち,実施済,実施済,実施済,実施済,実施済,一部実施,1,1,0,1,2026-09-28,現Master27行と2027公式自己推薦体系・Kei-Net AOを照合。全学スポーツ特別等の未収録候補があり、募集対象学部・学科別実出願単位をUQ-2027-0078で継続。
shidai,,明治薬科大学,再監査済（公募制推薦 専願1＋併願2、全3件complete/A）,3,再監査済,実施済,実施済,実施済,実施済,実施済,実施済,0,0,0,0,2026-09-28,公式2027特別選抜資料を照合し、社会人・帰国生の学科別4単位を追加。Master7行。
shidai,,星薬科大学,再監査済（学校推薦型A 1＋B 2、全3件complete/A）,3,再監査済,実施済,実施済,実施済,実施済,実施済,実施済,0,0,0,0,2026-09-28,公式2027推薦のA/B方式3単位をMaster3行およびKei-Net推薦2027と照合。
shidai,,昭和医科大学,再々監査済（医学・歯学・薬学・保健医療32募集単位）,32,再監査済,実施済,実施済,実施済,実施済,実施済,実施済,0,0,0,0,2026-09-28,公式2027資料およびKei-Net AO/推薦2027を現Master32行と照合。学部再編後の専攻粒度を確認。
shidai,,昭和薬科大学,再監査済（公募制学校推薦1、complete/A）,1,再監査済,実施済,実施済,実施済,実施済,実施済,実施不能,0,0,0,0,2026-09-28,2027公式入試概要・募集様式を現Master1行と照合。公募制学校推薦1単位。指定校制は対象校別案内のため公開Master対象外。Kei-Net当年度推薦詳細は取得できず、過年度入試結果を参考範囲として確認。
shidai,,杏林大学,再監査済（保健学部25募集単位）,25,追加確認待ち,実施済,一部実施,実施済,実施済,実施済,一部実施,1,1,0,2,2026-09-28,2027公式募集要項・募集人員表を確認し現Master25行と照合。保健学部AO/推薦25単位を確認。私費外国人留学生選抜（医学・保健・外国語・総合政策）および医学部地域枠の出願単位をWeb出願画面・2027詳細資料と照合するまで canonical追加保留。UQ-2027-0079/0080。
shidai,,東京医科大学,再監査済（医学科7＋看護学科2＝9募集単位）,9,再監査済,実施済,実施済,実施済,実施済,実施済,実施済,1,0,0,0,2026-09-28,医学科7＋看護学科AO/公募2の既存9単位を照合。2027公式看護要項で社会人選抜（若干名）を確認し1行追加、Master10行。Kei-Net AO/推薦2027もクロスチェック済み。
shidai,,東京女子医科大学,詳細再監査済（医学部2＋看護学部6＝8募集単位、全件complete/A）,8,再監査済,実施済,実施済,実施済,実施済,実施済,実施済,0,0,0,0,2026-09-28,公式医学・看護2027要項とKei-Net AO/推薦2027をMaster8行と照合。指定校固有情報は対象校への別送で、公開範囲外の項目はUnknown維持。
shidai,,東京工科大学,FREEZE監査済（全36件 verification_grade=A；AO14＋学部特色8 complete/A、公募14 partial/A）,36,追加確認待ち,実施済,一部実施,実施済,実施済,実施済,一部実施,8,1,0,1,2026-09-28,2027公式AO・学部特色・公募を照合し、公式留学生募集要項から学科・専攻別私費外国人留学生8単位を追加、Master44行。Kei-Net推薦2027で公募14行をクロスチェック。公募の公式要項で募集人員・評定/資格・詳細日程を直接抽出できずUQ-2027-0081に保留。
shidai,私立,東京工芸大学,再監査済（工学部4コース×主要年内4方式＝16募集単位）,16,追加確認待ち,実施済,実施済,実施済,実施済,実施済,実施済,,,0,1,2026-09-28,2027芸術学部公式入試情報・募集要項案内を確認。芸術7学科で総合型I/II、公募推薦、表現力、留学生I/II、社会人、帰国生等を掲載。表現力選抜は複数学科併願の組合せ条件があり、Web出願入力と選考枠対応を全件確定するまでCanonical未変更。工学部Master16行は保持。Kei-Net AO/推薦ページも閲覧したが、閲覧結果上2027年対象年度を明示的に確認できず、外部照合は候補レベル。
shidai,私立,東京情報大学,詳細再監査済（特待生総合型10＋一般総合型8＋公募推薦2＝20募集単位）,20,追加確認待ち,実施済,実施済,実施済,実施済,実施済,一部実施,1,0,0,1,2026-09-28,Kei-Net AOは結果のみ、推薦ページは2026年度表示。2027公式で帰国生1名・看護学部社会人1名を追加。外国人留学生選抜の出願単位・詳細はQueueで確認。
shidai,私立,東京慈恵会医科大学,再々監査済（看護学校推薦型1件partial/A、推薦型個別要項は一般非公開）,1,追加確認待ち,実施済,一部実施,一部実施,一部実施,実施済,実施不能,,1,0,1,2026-09-28,公式2027概要で看護学科60名に推薦型若干名を含む。推薦個別要項は一般公開を確認できず、Kei-Net掲載IDも確定できず。
shidai,私立,東京理科大学,再監査済（英語資格検定＋特定教科評価31＋理学部第二部3＋女子17＝51募集単位）,51,追加確認待ち,実施済,一部実施,一部実施,実施済,一部実施,一部実施,,1,0,1,2026-09-28,公式2027募集要項一覧で外国人留学生・帰国生・IB・社会人の個別要項公開を確認。学科/専攻別出願単位の全件抽出とMaster51行突合は未完了。
shidai,私立,東京薬科大学,再監査済（公開型主要早期入試12募集単位、全件complete/A）,12,追加確認待ち,実施済,実施済,実施済,実施済,実施済,一部実施,0,1,0,1,2026-09-28,薬学部社会人・帰国生各1単位を追加。生命科学部社会人は学科別人員があるが願書の希望学科選択・複数指定を未確認。Kei-Net AO/推薦2027掲載。
shidai,私立,東京農業大学,再監査済（主要早期入試6方式・100募集単位、全件complete）,100,追加確認待ち,実施済,実施済,実施済,実施済,実施済,実施済,,,0,1,2026-09-28,公式2027 Web出願案内および社会人・私費外国人・帰国生各募集要項を確認。各資料に学科別候補は存在するが、現Master100行との重複、各方式・学科の実出願単位およびWeb入力選択肢を確定できずCanonical未変更。指定校/スポーツ/課外活動特別は高校宛資料等で公開情報に限界。Kei-Net AO/推薦ページ閲覧。外部DBは候補照合に限定。
shidai,私立,東京都市大学,再監査済（総合型32＋学校推薦型45＝77募集単位、全件complete）,77,追加確認待ち,実施済,一部実施,一部実施,実施済,一部実施,一部実施,,1,0,1,2026-09-28,公式2027概要で帰国生・留学生・社会人・IB制度を確認。学部/学科別適用・Web入力の選択単位未確定。Kei-Net推薦2027掲載（前年度情報注記あり）。
shidai,私立,東京電機大学,追加監査済（AO11＋とんがりAO6＋公募20＝37募集単位）,37,追加確認待ち,実施済,実施済,実施済,実施済,実施済,実施済,,,,1,2026-09-28,37行を照合。AO11＋とんがりAO6＋学校推薦公募20。公式2027選抜一覧・日程ページ公開済。追加候補ははたらく学生/留学生/社会人。Kei-Net総合型・推薦2027照合済。
shidai,私立,東洋大学,詳細拡張済（理系重点AO・推薦32＋基礎学力テスト型43募集単位）,75,追加確認待ち,実施済,一部実施,実施済,実施済,実施済,実施済,,,,1,2026-09-28,75行を照合。公式2027要項公開告知にAO/推薦/基礎学力型/留学生/帰国生/IB/社会人/外国ルーツ入試。Kei-Net総合型・推薦2027照合済。特別方式全件の実出願単位照合はUpdateQueueで継続。
shidai,私立,東海大学,詳細拡張・再監査済（既存48＋プレトク17＝65募集単位）,65,追加確認待ち,実施済,一部実施,実施済,実施済,実施済,実施済,,,,1,2026-09-28,65行を照合。公式2027留学生一般選抜ページで一期/二期・A/B方式、選考内容を確認。Kei-Net総合型・推薦2027照合済。留学生の対象学部・実出願単位は要項/入力画面で未確定。
shidai,私立,東邦大学,再監査済（理学・薬学・医学・看護・健康科学22募集単位、全件complete/A）,22,追加確認待ち,実施済,実施済,実施済,実施済,実施済,実施済,2,2,0,1,2026-09-28,公式2027募集要項ポータルで薬学部・看護学部・健康科学部社会人入試を確認し3単位反映。医学部千葉・新潟地域枠は設置認可申請中で詳細未公開のためUQ-2027-0085に継続。Kei-Net AO/推薦は候補クロスチェック専用。
shidai,私立,横浜薬科大学,再監査済（総合型8＋公募4＋大分県地域枠2＝14募集単位、全件complete/A）,14,追加確認待ち,実施済,一部実施,実施済,実施済,実施済,一部実施,,,,1,2026-09-28,14行を照合。公式令和9年度日程で既存総合型・推薦・大分地域枠と留学生Ⅰ/Ⅱ期を確認。Kei-Netは2027一般選抜情報のみ確認、AO/推薦の外部照合は未了。留学生の学科・期ごとの出願単位は未確定。
shidai,私立,武蔵野大学,再監査済（総合型I期6＋II期6＝12募集単位、全件complete/A）,12,追加確認待ち,実施済,一部実施,実施済,実施済,実施済,実施済,,,,1,2026-09-28,12行を照合。公式2027要項で帰国生I～III期・社会人・IB（グローバル/教育）を確認。帰国生学科別募集人員の一部掲載、志願票の複数志望可否と方式別単位は未確定。Kei-Net総合型2027照合済。
shidai,私立,法政大学,2026-09-21 PDF batch 3監査済（18件追加）,25,追加確認待ち,実施済,一部実施,一部実施,実施済,実施済,一部実施,1,0,0,1,2026-09-28,Kei-Net監査: Kei-Net総合型2027を確認。自己推薦等をMasterと精査中。 Kei-Net総合型2027で候補範囲を照合。学校推薦型ページは「データなし」。RSP 1行追加。留学生の学部別出願単位はUQ-2027-0096。
shidai,私立,湘南医療大学,詳細拡張・再監査済（総合型15＋一般公募10＋地域/特別推薦11＝36募集単位）,36,追加確認待ち,実施済,一部実施,一部実施,実施済,実施済,実施不能,0,0,0,1,2026-09-28,Kei-Net監査: 公式2027公開選抜をMaster36行と照合。指定校型は学校限定資料が必要（UQ-2027-0097）。Kei-Net route-specific 2027ページは未確認。
shidai,私立,湘南工科大学,詳細再監査済（8専攻×主要年内方式72募集単位）,72,追加確認待ち,実施済,一部実施,一部実施,実施済,実施済,一部実施,1,0,0,0,2026-09-28,Kei-Net監査: 公式2027外国人留学生要項で8専攻から1つを選択、前後期別日程を確認し16行追加。Kei-Net 2027学科改組情報は参照したが推薦/総合型の当該ルート照合は未確認。
shidai,私立,獨協医科大学,詳細再監査済（医学部総合型＋地域特別枠の2件、全件complete/A）,2,追加確認待ち,実施済,一部実施,一部実施,実施済,実施済,実施済,0,0,0,1,2026-09-28,Kei-Net監査: 公式2027 AO・公募地域特別枠と既存2行を照合。Kei-Net AO/公募とも2027表示を確認。指定校・指定校地域枠は対象校通知と臨時定員認可待ち（UQ-2027-0098）。
shidai,私立,玉川大学,2026-09-20再々監査済（農・工系 主要年内方式72募集単位、全件complete/A）,72,追加確認待ち,実施済,一部実施,一部実施,実施済,実施済,実施済,0,0,0,1,2026-09-28,Kei-Net監査: Kei-Net推薦・総合型2027を確認。多数方式をMaster 72行と精査中。 Kei-Net総合型/推薦2027で既存方式を照合。公式2027帰国者・社会人要項公開を確認したが対象学科/出願単位の確認が残る（UQ-2027-0099）。
shidai,,神奈川大学,再々監査済（98件中96件complete/A、全商協会推薦2件partial/A）,98,追加確認待ち,実施済,一部実施,一部実施,実施済,実施済,実施済,,,0,1,2026-09-28,Batch 23: 公式2027選抜体系・既存Master・Kei-Net候補を確認。external DB cross-check: 済。全出願単位の確定前の未反映系統をUpdateQueueへ記録。canonical変更なし。 Kei-Net監査: Kei-Net総合型2027を確認。2027新設の総合評価型・適性検査型をMasterと重点照合中。
shidai,,神奈川工科大学,2026-09-20再々監査済（総合型83＋一般公募推薦9＝92募集単位、全件complete/A）,92,追加確認待ち,実施済,一部実施,一部実施,実施済,実施済,実施済,,,0,1,2026-09-28,Batch 23: 公式2027選抜体系・既存Master・Kei-Net候補を確認。external DB cross-check: 済。全出願単位の確定前の未反映系統をUpdateQueueへ記録。canonical変更なし。 Kei-Net監査: Kei-Net推薦・総合型2027を確認。一般公募・適性検査型等をMasterと精査中。
shidai,,立命館大学,再監査済（理系重点AO20募集単位）,20,追加確認待ち,実施済,一部実施,一部実施,実施済,実施済,実施済,,,0,1,2026-09-28,Batch 23: 公式2027選抜体系・既存Master・Kei-Net候補を確認。external DB cross-check: 済。全出願単位の確定前の未反映系統をUpdateQueueへ記録。canonical変更なし。 Kei-Net監査:
shidai,,立教大学,2026-09-21全面再構築済（自由選抜38募集単位、全38件complete/A）,38,追加確認待ち,実施済,一部実施,一部実施,実施済,実施済,実施済,,,0,1,2026-09-28,Batch 23: 公式2027選抜体系・既存Master・Kei-Net候補を確認。external DB cross-check: 済。全出願単位の確定前の未反映系統をUpdateQueueへ記録。canonical変更なし。 Kei-Net監査: Kei-Net総合型2027を確認。自由選抜等をMasterと精査中。
shidai,,立正大学,再々監査済（20件中complete 9、partial 11／2027要項公開状況を再確認）,20,追加確認待ち,実施済,一部実施,一部実施,実施済,実施済,実施済,,,0,1,2026-09-28,Batch 23: 公式2027選抜体系・既存Master・Kei-Net候補を確認。external DB cross-check: 済。全出願単位の確定前の未反映系統をUpdateQueueへ記録。canonical変更なし。 Kei-Net監査:
shidai,,聖マリアンナ医科大学,再監査済（医学科 学校推薦型2募集単位）,2,再監査済,実施済,実施済,実施済,実施済,実施済,実施済,0,0,0,0,2026-09-29,2027公式詳細要項を確認し既存医学科2単位（一般公募・神奈川県地域枠）と照合。各募集枠・出願資格・書類・選考・日程・手続期限は現行Masterと整合。一般公募と県枠は併願可能、県枠合格時は県枠で扱う。Kei-Net推薦2027も2枠・募集人員・主な資格/日程をクロスチェック。追加/修正なし。
shidai,,聖路加国際大学,再々監査済（2027特別選抜入口確認、公式本文取得制約のためMaster未反映）,0,追加確認待ち,実施不能,実施不能,実施不能,実施不能,実施済,実施済,,,0,1,2026-09-29,公式2027詳細要項ページの取得が403で、募集単位・志願票/Web入力・詳細条件を独立確認できず、canonical追加なし。Kei-Net 2027では総合型（AO）と学校推薦型の情報をクロスチェックしたが公式根拠の代替にはしない。UQ-2027-0105で公式資料の取得/提供と出願単位確認を継続。
shidai,,自治医科大学,詳細再監査済（医学部6＋看護指定校推薦1＝7募集単位、全件complete/A）,7,再監査済,実施済,実施済,実施済,実施済,実施済,実施済,0,0,0,0,2026-09-29,2027公式医学部・看護学部資料を確認し既存7単位（医学部推薦1・県別総合型5・看護学部指定校推薦1）と照合。医学部の県別枠、出願県1県制限、推薦人数上限、日程/書類/試験と看護指定校募集を確認し、現行Masterと整合。Kei-Net推薦・総合型2027を候補クロスチェック。追加/修正なし。
shidai,,芝浦工業大学,再監査済（総合型50＋駅伝プロジェクト26＝76募集単位）,76,再監査済,実施済,実施済,実施済,実施済,実施済,実施済,0,0,0,0,2026-09-29,2027公式要項の学科/課程別募集表と願書上の課程選択、併願不可条件を確認。既存76単位（理工系女子26、駅伝26、システム理工総合型11、工学部総合型9、デザイン工学部3、建築プロジェクト1）と整合。Kei-Net総合型2027をクロスチェック。追加/修正なし。
shidai,,酪農学園大学,再監査済（公開型44募集単位、全件complete/A）,44,再監査済,実施済,実施済,実施済,実施済,実施済,実施済,0,0,0,0,2026-09-29,2027公式日程・要項/提出書類案内を確認。学類単位（管理栄養士コースのみコース単位）を出願粒度として既存公開型44単位（総合型31・推薦13）と照合。指定校の学校別通知内容は公開資料で分解せず現行粒度を維持。Kei-Net総合型・推薦2027をクロスチェック。追加/修正なし。
shidai,,関東学院大学,2026-09-20再々監査済（理工・情報・建築環境・看護100募集単位、全件complete/A）,100,追加確認待ち,実施済,一部実施,一部実施,実施済,実施済,実施済,,,0,1,2026-09-29,公式2027学生募集要項・総合型ガイドを確認。現Master100行は理工・情報・建築環境・看護の収録範囲に限定。公式総合型ガイドは他学部の9月/11月、複数評価型、学科/コース選択等を掲載し、帰国生・社会人・外国人留学生等の別要項も案内。実出願単位の全件照合は未完了のためUQ-2027-0106。Kei-Net総合型2027で候補照合。
shidai,,関西大学,再監査済（理系重点AO19＋理工系公募推薦10＋女子特別6＝35募集単位、全件complete/A）,35,追加確認待ち,実施済,一部実施,一部実施,実施済,実施済,実施済,,,0,1,2026-09-29,公式2027 AO要項・各種入試要項公開告知を確認。Master35行は理系重点AO19・理工系公募推薦10・女子特別6。公式はAOで1学部/学科/専修のみ出願可と明記。ほかSF・IB・社会人・帰国生・外国人留学生等が別要項として公開されており、Master外を全件照合するためUQ-2027-0107。Kei-Net AO/推薦2027を候補クロスチェック。
shidai,,関西学院大学,詳細拡張済（探究評価型11＋学部特色11＋グローバルⅠ理系11）,33,追加確認待ち,実施済,一部実施,一部実施,実施済,実施済,実施済,,,0,1,2026-09-29,公式2027総合型入試要項・共通冊子を確認。Master33行は理系4学部の探究評価型・学部特色・グローバルⅠ。公式資料は全14学部の探究評価型等を掲げる。残り学部の実出願単位・志望入力/併願可否を確定しMaster照合するためUQ-2027-0108。Kei-Net総合型2027を候補照合。
shidai,,青山学院大学,2026-09-21 PDF batch 3監査済（自己推薦5件追加）,9,追加確認待ち,実施済,一部実施,一部実施,実施済,実施済,実施済,,,0,1,2026-09-29,公式2027入学者選抜要項（学校推薦型/総合型/その他）と自己推薦・理工系女子特別ページを確認。現Master9行は自己推薦5と理工系女子特別4で整合。Kei-Net総合型・推薦ページにその他の方式候補があり、公式要項との対応・出願単位と既収録有無を全件精査するためUQ-2027-0109。
shidai,,順天堂大学,詳細拡張・再監査済（既存8＋健康データサイエンス5＋医療科学6＋保健医療4＝23募集単位）,23,追加確認待ち,実施済,一部実施,一部実施,実施済,実施済,実施済,,,0,1,2026-09-29,公式2027学部別要項を確認。現Master23行は医療看護・保健看護・薬・健康データサイエンス・医療科学・保健医療の一部方式。Kei-Net総合型2027および公式学部別案内は国際教養・医学・保健看護・医療看護等の候補を掲載。学部別願書単位と既収録外候補を照合するためUQ-2027-0110。
shidai,,麗澤大学,詳細拡張済（工学部 主要総合型19募集単位）,19,追加確認待ち,実施済,一部実施,一部実施,実施済,実施済,実施不能,,,0,1,2026-09-29,公式2027入学者選抜要項・ガイドを確認。現Master19行は工学部の主要総合型のみ。公式一覧は全学部共通型、外国語/国際/経済/経営の学部特色型、帰国子女方式（全学部）、麗澤会員・維持員子女方式、指定校・外国人留学生等を掲載。Kei-Net 2027推薦/総合型ページは過去結果のみで現年度詳細を掲載していないため、Benesse 2027総合型案内で外部DBクロスチェック。学部/学科の選択と共通型の1行粒度を要項・願書で全件確定するためUQ-2027-0111。
shidai,,麻布大学,詳細拡張済（獣医・生命環境系 年内主要21募集単位）,21,追加確認待ち,実施済,一部実施,一部実施,実施済,実施済,実施済,,,0,1,2026-09-29,公式2027学部募集要項（84ページ）と指定様式を確認。現Master21行は獣医・生命環境系の総合型、推薦、後継者/地域枠等の年内主要範囲。要項には帰国生特別（獣医学部1学科＋生命・環境科学部5学科）、外国人特別、学士特別等も掲載。各選抜の学科別出願単位、複数出願可否、既収録重複を全件確定するためUQ-2027-0112。Kei-Net総合型・学校推薦型2027で既収録候補を外部クロスチェック。
