source_dataset,institution_type,university,kawai_university_id,kawai_rec_year,kawai_ao_year,kawai_crosscheck_status,missing_candidate_status,official_confirmation_status,last_checked_on,kawai_rec_url,kawai_ao_url,notes
kokkoritsu,国立,北海道大学,1025,ページなし/未確認,2027,監査中,未判定,未確認,2026-09-27,https://search.keinet.ne.jp/1025/recommend/exam_rec,https://search.keinet.ne.jp/1025/recommend/exam_ao,Kei-Net総合型2027を確認。フロンティア入試のMaster対応を精査中。
kokkoritsu,国立,北海道教育大学,1030,2027,2027,欠落候補あり・公式確認済,あり,確認済（存在）,2026-09-27,https://search.keinet.ne.jp/1030/recommend/exam_rec,https://search.keinet.ne.jp/1030/recommend/exam_ao,Kei-Net 2027に学校推薦型および総合型（教員養成特別入試等）を確認。現Masterは総合型4行のみ。大学公式2027資料でも学校推薦型・教員養成特別入試の存在を確認済み。詳細募集単位抽出が必要。
kokkoritsu,国立,室蘭工業大学,1035,2026,2026,河合未更新・保留,未判定,未確認,2026-09-27,https://search.keinet.ne.jp/1035/recommend/exam_rec,https://search.keinet.ne.jp/1035/recommend/exam_ao,Kei-Netは推薦・総合型とも昨年度2026情報のため2027差分判定には使用しない。
kokkoritsu,国立,小樽商科大学,1010,2026,2026,河合未更新・保留,未判定,未確認,2026-09-27,https://search.keinet.ne.jp/1010/recommend/exam_rec,https://search.keinet.ne.jp/1010/recommend/exam_ao,Kei-Netは2026年度情報のため保留。
kokkoritsu,国立,帯広畜産大学,1015,2026,2025,河合未更新・保留,未判定,未確認,2026-09-27,https://search.keinet.ne.jp/1015/recommend/exam_rec,https://search.keinet.ne.jp/1015/recommend/exam_ao,Kei-Net推薦は2026、総合型は2025情報のため保留。
kokkoritsu,国立,北見工業大学,1020,2027,2026,一部照合,未判定,未確認,2026-09-27,https://search.keinet.ne.jp/1020/recommend/exam_rec,https://search.keinet.ne.jp/1020/recommend/exam_ao,Kei-Net推薦2027はMasterの学校推薦型1募集単位と対応。総合型は2026表示のため全体判定は保留。
kokkoritsu,国立,旭川医科大学,1005,2027,2027,照合済・欠落候補なし,なし,不要,2026-09-27,https://search.keinet.ne.jp/1005/recommend/exam_rec,https://search.keinet.ne.jp/1005/recommend/exam_ao,Kei-Net 2027の推薦2系統（医学科道北・道東、看護）＋総合型北海道特別がMaster 3行と対応。
kokkoritsu,国立,弘前大学,1040,ページなし/未確認,2026,河合未更新・保留,未判定,未確認,2026-09-27,https://search.keinet.ne.jp/1040/recommend/exam_rec,https://search.keinet.ne.jp/1040/recommend/exam_ao,確認できたKei-Net総合型は2026年度。2027比較は保留。
kokkoritsu,国立,岩手大学,1045,2026,2026,河合未更新・保留,未判定,未確認,2026-09-27,https://search.keinet.ne.jp/1045/recommend/exam_rec,https://search.keinet.ne.jp/1045/recommend/exam_ao,Kei-Net推薦・総合型とも2026年度表示のため保留。
kokkoritsu,国立,東北大学,1050,ページなし/未確認,2027,監査中,未判定,未確認,2026-09-27,https://search.keinet.ne.jp/1050/recommend/exam_rec,https://search.keinet.ne.jp/1050/recommend/exam_ao,Kei-Net AO 2027を確認。AOⅡ/ⅢのMaster対応を精査中。
kokkoritsu,国立,宮城教育大学,1055,2026,2026,河合未更新・保留,未判定,未確認,2026-09-27,https://search.keinet.ne.jp/1055/recommend/exam_rec,https://search.keinet.ne.jp/1055/recommend/exam_ao,Kei-Net推薦・総合型とも2026年度表示のため保留。
kokkoritsu,国立,秋田大学,1060,2026,2027,一部照合,未判定,未確認,2026-09-27,https://search.keinet.ne.jp/1060/recommend/exam_rec,https://search.keinet.ne.jp/1060/recommend/exam_ao,Kei-Net総合型は2027、推薦は2026。総合型側を照合中。
kokkoritsu,国立,山形大学,1065,2027,2027,監査中,未判定,未確認,2026-09-27,https://search.keinet.ne.jp/1065/recommend/exam_rec,https://search.keinet.ne.jp/1065/recommend/exam_ao,Kei-Net推薦・総合型とも2027。Master 56行との意味対応を精査中。
kokkoritsu,国立,福島大学,1070,2026,2026,河合未更新・保留,未判定,未確認,2026-09-27,https://search.keinet.ne.jp/1070/recommend/exam_rec,https://search.keinet.ne.jp/1070/recommend/exam_ao,Kei-Net推薦・総合型とも昨年度2026表示のため保留。
kokkoritsu,国立,東京大学,1120,2027,ページなし/未確認,照合済・欠落候補なし,なし,不要,2026-09-27,https://search.keinet.ne.jp/1120/recommend/exam_rec,https://search.keinet.ne.jp/1120/recommend/exam_ao,Kei-Net 2027学校推薦型の11学部・学科系統はMasterの学校推薦型11行と対応。帰国生・College of DesignはKei-Net主要推薦/総合型の対象外として別管理。
kokkoritsu,国立,東京外国語大学,1130,2026,ページなし/未確認,河合未更新・保留,未判定,未確認,2026-09-27,https://search.keinet.ne.jp/1130/recommend/exam_rec,https://search.keinet.ne.jp/1130/recommend/exam_ao,Kei-Net学校推薦型は2026年度表示、総合型ページは確認できず。2027比較は保留。
kokkoritsu,国立,東京科学大学,1150,2027,2027,欠落候補あり・公式確認済,あり,確認済（存在）,2026-09-27,https://search.keinet.ne.jp/1150/recommend/exam_rec,https://search.keinet.ne.jp/1150/recommend/exam_ao,Kei-Net 2027で環境・社会理工学院が建築学系/土木・環境工学系/融合理工学系×一般枠/女子枠の6募集単位に分かれることを検出。2027年度大学公式総合型選抜募集要項でも『環境・社会理工学院は系単位で募集』と確認し、A建築8+3、B土木・環境6+3、C融合理工6+3。現Masterは学院一括の一般20・女子9の2集約行で、1 row = 1 actual application unit契約に不適合。6正式募集単位へ再構成必要。
kokkoritsu,国立,東京学芸大学,1135,2026,2026,河合未更新・保留,未判定,未確認,2026-09-27,https://search.keinet.ne.jp/1135/recommend/exam_rec,https://search.keinet.ne.jp/1135/recommend/exam_ao,Kei-Netの推薦・総合型本文はいずれも『昨年度の入試情報』『2026年度入試』表示。2027 Coverage判定には使わず保留。大学公式では2027総合型・学校推薦型募集要項が公表済み。
kokkoritsu,国立,東京農工大学,1160,2027,2027,実施済,なし（Kei-Net掲載範囲）,確認済,2026-09-28,https://search.keinet.ne.jp/1160/recommend/exam_rec,https://search.keinet.ne.jp/1160/recommend/exam_ao,Kei-Net 2027推薦・総合型は既存Master18行と意味対応。大学公式2027入試体系からKei-Net掲載外の社会人4＋私費外国人留学生11を追加。
kokkoritsu,国立,東京藝術大学,1140,掲載なし,掲載なし,対象外,未判定,不要,2026-09-27,https://search.keinet.ne.jp/1140/recommend/exam_rec,https://search.keinet.ne.jp/1140/recommend/exam_ao,Kei-Net自身が学校推薦型・総合型選抜は掲載していないと明記。Kawai Coverage監査には利用不可。
kokkoritsu,国立,東京海洋大学,1152,2027,2027,実施済,なし（Kei-Net掲載範囲）,確認済,2026-09-28,https://search.keinet.ne.jp/1152/recommend/exam_rec,https://search.keinet.ne.jp/1152/recommend/exam_ao,Kei-Net 2027推薦・総合型の掲載範囲をMasterとクロスチェック。社会人E・私費外国人留学生は大学公式2027入試体系を確定根拠として確認し、Masterへ反映。
kokkoritsu,国立,お茶の水女子大学,1110,2027,2027,実施済,なし（Kei-Net掲載範囲）,確認済,2026-09-28,https://search.keinet.ne.jp/1110/recommend/exam_rec,https://search.keinet.ne.jp/1110/recommend/exam_ao,Kei-Net 2027学校推薦型・総合型を既存Masterと照合し、掲載範囲でmissing candidateなし。帰国生徒・私費外国人留学生はKei-Net推薦・総合型DB対象外のため大学公式2027募集要項でCoverage確認。
kokkoritsu,国立,電気通信大学,1115,2026,2027,実施不能,総合型2027は照合済・推薦は2026表示のため2027全体判定不能,確認済,2026-09-28,https://search.keinet.ne.jp/1115/recommend/exam_rec,https://search.keinet.ne.jp/1115/recommend/exam_ao,Kei-Net総合型2027は既存Masterと照合しmissingなし。学校推薦型は2026年度表示のため2027比較不能。私費外国人留学生はKei-Net推薦・総合型DB対象外のため大学公式2027入学者選抜要項で確認。
kokkoritsu,国立,一橋大学,1165,2027,ページなし/未確認,照合済・欠落候補なし,なし（Kei-Net学校推薦型掲載範囲）,確認済,2026-09-28,https://search.keinet.ne.jp/1165/recommend/exam_rec,https://search.keinet.ne.jp/1165/recommend/exam_ao,Kei-Net 2027学校推薦型5学部とMaster学校推薦型5行が対応しmissing candidateなし。外国学校出身者4行・私費外国人留学生4行はKei-Net推薦/総合型DB対象外のため、一橋大学公式2027入学者選抜要項・募集要項一覧でCoverage確認。
kokkoritsu,国立,政策研究大学院大学,,未確認,未確認,対象外,未判定,不要,2026-09-27,,,学部入試を持たない大学院大学のためKawai Coverage監査対象外。
kokkoritsu,国立,茨城大学,1075,2026,2026,河合未更新・保留,未判定,未確認,2026-09-27,https://search.keinet.ne.jp/1075/recommend/exam_rec,https://search.keinet.ne.jp/1075/recommend/exam_ao,Kei-Net推薦・総合型とも2026年度表示のため2027比較は保留。
kokkoritsu,国立,筑波大学,1085,2027,2027,照合済・欠落候補なし,なし,不要,2026-09-27,https://search.keinet.ne.jp/1085/recommend/exam_rec,https://search.keinet.ne.jp/1085/recommend/exam_ao,Kei-Net 2027の推薦・総合型を現Masterと意味照合。推薦入試の学類構成、AC入試8系統、医学類研究型人材入試、国際科学オリンピック特別入試（化学・情報科学・情報メディア）まで対応行を確認。Kawai起点のmissing candidateなし。
kokkoritsu,国立,筑波技術大学,1080,2027,2026,一部照合,未判定,未確認,2026-09-27,https://search.keinet.ne.jp/1080/recommend/exam_rec,https://search.keinet.ne.jp/1080/recommend/exam_ao,Kei-Net学校推薦型は2027で、共生社会創成視覚/聴覚、産業情報、総合デザイン、保健、情報システムの6募集単位はMaster推薦6行と対応。総合型の実ページ本文は2026年度のため2027比較には使わず保留。
kokkoritsu,国立,宇都宮大学,1090,2027,2027,監査中,未判定,未確認,2026-09-27,https://search.keinet.ne.jp/1090/recommend/exam_rec,https://search.keinet.ne.jp/1090/recommend/exam_ao,Kei-Net推薦・総合型とも2027。Master 44行との意味対応を精査中。
kokkoritsu,国立,群馬大学,1095,2027,2027,欠落候補あり・公式確認済,あり,確認済（存在）,2026-09-27,https://search.keinet.ne.jp/1095/recommend/exam_rec,https://search.keinet.ne.jp/1095/recommend/exam_ao,Kei-Net 2027推薦・総合型を照合。Masterの学校推薦型で募集単位の過集約を確認。情報学部は現1行（一般枠・プログラム特別枠・GFL特別枠を包含）だが、一般枠＋プログラム特別枠4プログラム＋GFL特別枠の6実出願単位で出願要件が異なるため+5行必要。理工学部は物質・環境類、電子・機械類とも現1行に一般枠/GFL特別枠を包含しているが、各2実出願単位のため各+1、計+2。大学公式2027ページでも一般枠／プログラム特別枠／GFL特別枠ごとの志願理由書区分、各プログラム最大5名、GFL若干名等を確認。合計7行の粒度不足を公式確認。
kokkoritsu,国立,埼玉大学,1100,2027,2027,照合済・欠落候補なし,なし,不要,2026-09-27,https://search.keinet.ne.jp/1100/recommend/exam_rec,https://search.keinet.ne.jp/1100/recommend/exam_ao,Kei-Net 2027の総合型3募集単位（経済昼間・理学生体制御・工学情報）と推薦各募集単位を現Masterと意味照合。2027新設の工学部機械工学・システムデザイン一般枠もMaster収録済み。Kawai起点のmissing candidateなし。
kokkoritsu,国立,千葉大学,1105,2027,2027,照合済・欠落候補なし,なし,不要,2026-09-27,https://search.keinet.ne.jp/1105/recommend/exam_rec,https://search.keinet.ne.jp/1105/recommend/exam_ao,Kei-Net 2027学校推薦型（文学3、医学地域枠、薬学、看護、情報・データサイエンス一般/女子）と総合型（文学、国際教養、法政経、教育各方式、理学、工学、園芸等）をMasterと意味照合し対応を確認。Kawai起点のmissing candidateなし。先進科学プログラム等Kei-Netに出ないMaster行は一方向監査上問題なし。
kokkoritsu,国立,横浜国立大学,1170,2026,混在（経済2027・他に2026表示あり）,一部照合,未判定,未確認,2026-09-27,https://search.keinet.ne.jp/1170/recommend/exam_rec,https://search.keinet.ne.jp/1170/recommend/exam_ao,Kei-Net学校推薦型本文は『昨年度の入試情報』『2026年度』表示。総合型ページは経済学部一般プログラムが2027だが教育学部等は2026表示が混在するため、2027全体Coverage判定には使わず部分照合。2027経済総合型はMaster対応。大学公式で2027理工学部電子情報システム教育プログラムの学校推薦型女子枠新設を確認済みで、Masterにも一般枠＋女子枠が収録済み。
kokkoritsu,国立,総合研究大学院大学,,未確認,未確認,対象外,未判定,不要,2026-09-27,,,学部入試を持たない大学院大学のためKawai Coverage監査対象外。
kokkoritsu,国立,新潟大学,1180,2027,2027,照合済・欠落候補なし,なし,不要,2026-09-27,https://search.keinet.ne.jp/1180/recommend/exam_rec,https://search.keinet.ne.jp/1180/recommend/exam_ao,Kei-Net 2027学校推薦型・総合型をMasterと意味照合。総合型は経済科学・教育・理・工各プログラム・創生各区分がMasterに対応。学校推薦型はⅠ/Ⅱ、工学女子枠等を含め対応。Kawai起点のmissing candidateなし。帰国生36行はKei-Net対象外。
kokkoritsu,国立,長岡技術科学大学,1175,2027,ページなし/未確認,照合済・欠落候補なし,なし,不要,2026-09-27,https://search.keinet.ne.jp/1175/recommend/exam_rec,,Kei-Net 2027学校推薦型の普通科・理数科等10名はMasterの当該1行と対応。Masterはさらに工業等に関する学科・総合学科を5分野別に保持しており、一方向監査上問題なし。Kawai起点のmissing candidateなし。
kokkoritsu,国立,上越教育大学,1185,2026,未確認,河合未更新・保留,未判定,未確認,2026-09-27,https://search.keinet.ne.jp/1185/recommend/exam_rec,https://search.keinet.ne.jp/1185/recommend/exam_ao,Kei-Net学校推薦型ページ本文は『昨年度の入試情報』『2026年度入試』。総合型2027ページも安定取得できないため、2027 Coverage外部監査は保留。現Masterは2027総合型Ⅰ/Ⅱ＋学校推薦型の3募集単位を保持。
kokkoritsu,国立,山梨大学,1215,2027,2027,照合済・欠落候補なし,なし,不要,2026-09-27,https://search.keinet.ne.jp/1215/recommend/exam_rec,https://search.keinet.ne.jp/1215/recommend/exam_ao,Kei-Net 2027学校推薦型・総合型をMasterと意味照合。工学部総合型I/II、生命環境総合型II、教育学部推薦各区分、工学部一般/女子枠、看護、医学科推薦IIの全国募集枠・県内募集枠を含めMasterに対応。大学公式でも2027医学科推薦IIの全国募集化を確認。Kawai起点のmissing candidateなし。
kokkoritsu,国立,信州大学,1225,2027,2027,照合済・欠落候補なし,なし,不要,2026-09-27,https://search.keinet.ne.jp/1225/recommend/exam_rec,https://search.keinet.ne.jp/1225/recommend/exam_ao,Kei-Net 2027推薦・総合型をMaster 79行と意味照合。2027新設の理学部物理/化学総合型II・数学学校推薦型II、農学部3コース学校推薦型II・地域協創特別コース総合型Iを大学公式でも確認し、すべてMaster収録済み。Kawai起点のmissing candidateなし。
kokkoritsu,国立,富山大学,1190,2027,2027,照合済・欠落候補なし,なし,不要,2026-09-27,https://search.keinet.ne.jp/1190/recommend/exam_rec,https://search.keinet.ne.jp/1190/recommend/exam_ao,Kei-Net 2027学校推薦型・総合型をMaster 37行と意味照合。教育、薬学、医学科3地域枠、理学、都市デザイン、工学各A/B/女子特別推薦、人文・経済・看護等の掲載対象はMasterに対応。大学公式でも2027総合型・学校推薦型募集要項公開を確認。Kawai起点のmissing candidateなし。
kokkoritsu,国立,金沢大学,1200,2027,2027,一部照合,未判定,未確認,2026-09-27,https://search.keinet.ne.jp/1200/recommend/exam_rec,https://search.keinet.ne.jp/1200/recommend/exam_ao,Kei-Net 2027推薦・総合型をMasterと意味照合。KUGS主要区分、女子枠、超然、防災・復興、デジタル人材、高大院接続等はMasterに対応。医学類KUGS学校推薦型II特別枠のみ、Kei-Netは石川県枠12＋富山県枠2の2募集単位だがMasterは特別枠14の1行に集約。大学公式2027募集要項ページでは医学類特別枠は文科省認可後公表として最終要項待ちのため、+1行候補はambiguousとして保留しUpdateQueueで追跡。
kokkoritsu,国立,北陸先端科学技術大学院大学,,未確認,未確認,対象外,未判定,不要,2026-09-27,,,学部入試を持たない大学院大学のためKawai Coverage監査対象外。
kokkoritsu,国立,福井大学,1205,2027,2027,照合済・欠落候補なし,なし,不要,2026-09-27,https://search.keinet.ne.jp/1205/recommend/exam_rec,https://search.keinet.ne.jp/1205/recommend/exam_ao,Kei-Net 2027推薦・総合型をMaster 31行と意味照合。教育高大接続/実技、国際地域、工学一般/専門系/女子・原子力内数、医学科地元/全国/福井健康推進枠、看護等がMasterに対応。Kawai起点のmissing candidateなし。
kokkoritsu,国立,静岡大学,1230,2027,2027,照合済・欠落候補なし,なし,不要,2026-09-27,https://search.keinet.ne.jp/1230/recommend/exam_rec,https://search.keinet.ne.jp/1230/recommend/exam_ao,Kei-Net 2027推薦・総合型をMaster 54行と意味照合。教育、工、情報、理、農、人文社会、グローバル共創等の掲載対象は対応。2027新設の工学部電気電子工学科学校推薦型女子枠もMaster収録済み。Kawai起点のmissing candidateなし。
kokkoritsu,国立,浜松医科大学,1235,2027,ページなし/未確認,照合済・欠落候補なし,なし,不要,2026-09-27,https://search.keinet.ne.jp/1235/recommend/exam_rec,,Kei-Net 2027学校推薦型の医学科一般枠・地域枠、看護学科がMaster 3行に対応。Kawai起点のmissing candidateなし。
kokkoritsu,国立,岐阜大学,1260,2027,ページなし/未確認,照合済・欠落候補なし,なし,不要,2026-09-27,https://search.keinet.ne.jp/1260/recommend/exam_rec,,Kei-Net 2027学校推薦型をMaster 42行と意味照合。地域科学、社会システム経営学環、教育、応用生物、工学一般/女子、医学等の掲載対象は対応。2027変更（地域科学推薦人数上限撤廃、共同獣医選抜方法変更）は募集単位欠落ではなく内容更新事項。Kawai起点のmissing candidateなし。
kokkoritsu,国立,名古屋大学,1250,2027,2027,照合済・欠落候補なし,なし,不要,2026-09-27,https://search.keinet.ne.jp/1250/recommend/exam_rec,https://search.keinet.ne.jp/1250/recommend/exam_ao,Kei-Net 2027学校推薦型・総合型をMaster 46行と意味照合。文学・教育・法・経済・情報・理・医学保健・工一般/女子・農の推薦、理学部5総合型はMasterに対応。G30各プログラムはKei-Net主要推薦/総合型対象外のMaster追加範囲。Kawai起点のmissing candidateなし。
kokkoritsu,国立,愛知教育大学,1240,2027,2027,照合済・欠落候補なし,なし,不要,2026-09-27,https://search.keinet.ne.jp/1240/recommend/exam_rec,https://search.keinet.ne.jp/1240/recommend/exam_ao,Kei-Net 2027学校推薦型・総合型をMaster 42行と意味照合。義務教育各専修、高等学校教育、特別支援、養護、教育支援専門職、一般受験者対象総合型の掲載対象はMasterに対応。missing candidateなし。
kokkoritsu,国立,名古屋工業大学,1255,2027,2027,照合済・欠落候補なし,なし,不要,2026-09-27,https://search.keinet.ne.jp/1255/recommend/exam_rec,https://search.keinet.ne.jp/1255/recommend/exam_ao,Kei-Net 2027学校推薦型・総合型をMaster 19行と意味照合。共テあり推薦、女子推薦、共テなし推薦、社会工学総合型、基幹工学夜間主総合型を含め対応。missing candidateなし。
kokkoritsu,国立,豊橋技術科学大学,1245,2027,ページなし/未確認,照合済・欠落候補なし,なし,不要,2026-09-27,https://search.keinet.ne.jp/1245/recommend/exam_rec,,Kei-Net 2027学校推薦型の普通科・理数科等（一括募集）はMaster該当1行と対応。Masterはさらに工業等に関する学科向け5分野を独立保持。Kawai起点のmissing candidateなし。
kokkoritsu,国立,三重大学,1265,2027,2027,照合済・欠落候補なし,なし,不要,2026-09-27,https://search.keinet.ne.jp/1265/recommend/exam_rec,https://search.keinet.ne.jp/1265/recommend/exam_ao,Kei-Net 2027学校推薦型・総合型をMaster 57行と意味照合。2027新設の人文・教育・工・生物資源・医看護の総合型、工学機械/情報の総合II、医学総合II等を含めMasterに対応。廃止された旧推薦区分も現Masterには残っていない。missing candidateなし。
kokkoritsu,国立,滋賀大学,1270,2027,2027,照合済・欠落候補なし,なし,不要,2026-09-27,https://search.keinet.ne.jp/1270/recommend/exam_rec,https://search.keinet.ne.jp/1270/recommend/exam_ao,Kei-Net 2027学校推薦型・総合型をMaster 30行と意味照合。経済A/B推薦・総合型、教育一般/地域/特技各枠、データサイエンス総合型I一般/女子・II実績評価型がMasterに対応。missing candidateなし。
kokkoritsu,国立,滋賀医科大学,1275,2027,ページなし/未確認,照合済・欠落候補なし,なし,不要,2026-09-27,https://search.keinet.ne.jp/1275/recommend/exam_rec,,Kei-Net 2027学校推薦型の医学科一般/地元医療枠、看護学科一般/地元医療枠の4募集単位がMaster 4行と対応。missing candidateなし。
kokkoritsu,国立,京都大学,1280,2027,2027,照合済・欠落候補なし,なし,不要,2026-09-27,https://search.keinet.ne.jp/1280/recommend/exam_rec,https://search.keinet.ne.jp/1280/recommend/exam_ao,Kei-Net 2027では特色入試を学校推薦型/総合型に分類して掲載。法学部等推薦型掲載と、文学・教育・理・工・農・医薬等総合型掲載はMasterの特色入試33募集単位に意味対応。外国学校出身者2行はKei-Net対象外。missing candidateなし。
kokkoritsu,国立,京都教育大学,1285,2027,ページなし/未確認,照合済・欠落候補なし,なし,不要,2026-09-27,https://search.keinet.ne.jp/1285/recommend/exam_rec,,Kei-Net 2027学校推薦型をMaster 42行と意味照合。通常推薦各専攻に加え、Masterは京都府北部/府内地域指定A/Bを専攻別に細分化して保持。Kawai起点のmissing candidateなし。
kokkoritsu,国立,京都工芸繊維大学,1290,2027,2027,照合済・欠落候補なし,なし,不要,2026-09-27,https://search.keinet.ne.jp/1290/recommend/exam_rec,https://search.keinet.ne.jp/1290/recommend/exam_ao,Kei-Net 2027学校推薦型・総合型をMaster 42行と意味照合。一般プログラム/地域創生Tech Program、ダビンチ一般/グローバル/地域、2027コース別化したデザイン・建築等をMasterが募集単位別に保持。missing candidateなし。
kokkoritsu,国立,大阪大学,1295,2027,2027,照合済・欠落候補なし,なし,不要,2026-09-27,https://search.keinet.ne.jp/1295/recommend/exam_rec,https://search.keinet.ne.jp/1295/recommend/exam_ao,Kei-Net 2027総合型7系統・学校推薦型6系統をMasterの該当13行と意味照合し対応。帰国生徒特別入試38行はKei-Net主要推薦/総合型の対象外で別管理。Kawai起点のmissing candidateなし。
kokkoritsu,国立,大阪教育大学,1305,2027,ページなし/未確認,照合済・欠落候補なし,なし,不要,2026-09-27,https://search.keinet.ne.jp/1305/recommend/exam_rec,,Kei-Net 2027学校推薦型をMaster 29行と意味照合。共テあり/なし、高大接続枠、2027新設の教科教育各コース地域教員希望枠10件までMaster収録済み。Kawai起点のmissing candidateなし。
kokkoritsu,国立,兵庫教育大学,1320,2027,2027,照合済・欠落候補なし,なし,不要,2026-09-27,https://search.keinet.ne.jp/1320/recommend/exam_rec,https://search.keinet.ne.jp/1320/recommend/exam_ao,Kei-Net 2027学校推薦型・総合型をMaster 3行と意味照合。学校推薦型、総合型一般枠、2027新設の地域教員希望枠が対応。missing candidateなし。
kokkoritsu,国立,神戸大学,1310,2027,2027,照合済・欠落候補なし,なし,不要,2026-09-27,https://search.keinet.ne.jp/1310/recommend/exam_rec,https://search.keinet.ne.jp/1310/recommend/exam_ao,Kei-Net 2027学校推薦型・総合型をMaster 29行と意味照合。「志」特別選抜16、国際人間科学・理・医学等の総合型7、経済/経営/国際人間/保健の推薦、医学地域特別枠、システム情報女子枠まで対応。missing candidateなし。
kokkoritsu,国立,奈良教育大学,1325,ページなし/未確認,2027,照合済・欠落候補なし,なし,不要,2026-09-27,,https://search.keinet.ne.jp/1325/recommend/exam_ao,Kei-Net 2027総合型をMaster 41行と意味照合。意欲重視型19、一般型I 13、一般型II 9を専修・履修分野単位でMasterが保持。Kawai起点のmissing candidateなし。
kokkoritsu,国立,奈良女子大学,1330,2027,2027,照合済・欠落候補なし,なし,不要,2026-09-27,https://search.keinet.ne.jp/1330/recommend/exam_rec,https://search.keinet.ne.jp/1330/recommend/exam_ao,Kei-Net 2027学校推薦型11＋探究力入試Qの掲載対象をMasterと意味照合し対応。Masterはさらに高大接続カリキュラム開発プログラム11募集単位を保持。missing candidateなし。
kokkoritsu,国立,奈良先端科学技術大学院大学,,未確認,未確認,対象外,未判定,不要,2026-09-27,,,学部入試を持たない大学院大学のためKawai Coverage監査対象外。
kokkoritsu,国立,和歌山大学,1335,2027,2027,照合済・欠落候補なし,なし,不要,2026-09-27,https://search.keinet.ne.jp/1335/recommend/exam_rec,https://search.keinet.ne.jp/1335/recommend/exam_ao,Kei-Net 2027学校推薦型・総合型をMaster 12行と意味照合。教育（通常/きのくに/紀南）、経済（通常/スポーツ/簿記）、システム工（通常/女子）、観光（推薦/総合型）、社会インフォマティクスが対応。missing candidateなし。
kokkoritsu,国立,鳥取大学,1340,2027,2027,欠落候補あり・公式確認済,あり,確認済（存在）,2026-09-27,https://search.keinet.ne.jp/1340/recommend/exam_rec,https://search.keinet.ne.jp/1340/recommend/exam_ao,Kei-Net 2027推薦・総合型をMasterと意味照合し、学校推薦型IIの8募集単位が欠落。地域学部国際地域文化1、工学部（電気情報/化学バイオ/社会システム土木）3、農学部（共同獣医、生命環境農学IIA課題探求型、IIB地域貢献型）3、医学科特別養成枠1。大学公式2027サイトでも地域学部/工学部/農学部に学校推薦型IIが存在し、医学科特別養成枠を現行Q&Aで確認。詳細抽出してMaster追加が必要。
kokkoritsu,国立,島根大学,1345,2027,2027,照合済・欠落候補なし,なし,不要,2026-09-27,https://search.keinet.ne.jp/1345/recommend/exam_rec,https://search.keinet.ne.jp/1345/recommend/exam_ao,Kei-Net 2027学校推薦型・総合型をMaster 43行と意味照合。へるん入試の一般/地域志向/専門高校/グローバル/地域教員等、総合理工・材料エネルギー女子枠、医学一般/地域/緊急医師確保対策枠を含め対応。Kawai起点のmissing candidateなし。
kokkoritsu,国立,岡山大学,1355,2027,2027,照合済・欠落候補なし,なし,不要,2026-09-27,https://search.keinet.ne.jp/1355/recommend/exam_rec,https://search.keinet.ne.jp/1355/recommend/exam_ao,Kei-Net 2027学校推薦型・総合型をMaster 42行と意味照合。県北地域教育プログラム、工学各系、医学地域枠（岡山/広島/兵庫）、主要総合型を含め対応。Kawai起点のmissing candidateなし。医学地域枠正式要項待ちはCoverage欠落ではなく別途更新事項。
kokkoritsu,国立,広島大学,1360,2027,2027,照合済・欠落候補なし,なし,不要,2026-09-27,https://search.keinet.ne.jp/1360/recommend/exam_rec,https://search.keinet.ne.jp/1360/recommend/exam_ao,Kei-Net 2027光り輝き学校推薦型・総合型をMaster 62行と意味照合。理学女子枠、工学特別コース女子枠、情報科学地方創生一般/女子、医学ふるさと枠、IGS国内/国外等を含め対応。Kawai起点のmissing candidateなし。医学ふるさと枠詳細要項待ちは別更新事項。
kokkoritsu,国立,山口大学,1365,2027,2027,照合済・欠落候補なし,なし,不要,2026-09-27,https://search.keinet.ne.jp/1365/recommend/exam_rec,https://search.keinet.ne.jp/1365/recommend/exam_ao,Kei-Net 2027学校推薦型・総合型をMaster 48行と意味照合。2027新設のひと・まち未来共創学環学校推薦型Iを含め対応。Kawai起点のmissing candidateなし。医学部医学科以外の詳細要項公開反映と医学科11月下旬待ちはUpdateQueueで別管理。
kokkoritsu,国立,徳島大学,1370,2027,2027,照合済・欠落候補なし,なし,不要,2026-09-27,https://search.keinet.ne.jp/1370/recommend/exam_rec,https://search.keinet.ne.jp/1370/recommend/exam_ao,Kei-Net 2027学校推薦型・総合型をMaster 42行と意味照合。総合科学の活動実績/英語能力/共テ型、理工昼夜・光システム、医・歯・薬各推薦、医学四国研究医型総合型等の掲載対象はMasterに対応。Kawai起点のmissing candidateなし。詳細募集要項未公表分はUpdateQueueで別管理。
kokkoritsu,国立,鳴門教育大学,1375,2027,ページなし/未確認,照合済・欠落候補なし,なし,不要,2026-09-27,https://search.keinet.ne.jp/1375/recommend/exam_rec,,Kei-Net 2027学校推薦型をMaster 13行と意味照合。2027改編後の推薦I=4募集単位15名、推薦II=9募集単位29名が一致し、国語/英語/理科のII新設、技術のII→I変更もMaster反映済み。missing candidateなし。
kokkoritsu,国立,香川大学,1380,2027,2027,照合済・欠落候補なし,なし,不要,2026-09-27,https://search.keinet.ne.jp/1380/recommend/exam_rec,https://search.keinet.ne.jp/1380/recommend/exam_ao,Kei-Net 2027学校推薦型・総合型をMaster 37行と意味照合。教育、法、経済、創造工、農、医（県内高校出身枠/地域枠含む）、総合型各募集単位がMasterに対応。Kawai起点のmissing candidateなし。
kokkoritsu,国立,愛媛大学,1390,未確認,2027,監査中,未判定,未確認,2026-09-27,https://search.keinet.ne.jp/1390/recommend/exam_rec,https://search.keinet.ne.jp/1390/recommend/exam_ao,Kei-Net総合型2027を確認。Masterとの意味対応を精査中。
kokkoritsu,国立,高知大学,1395,未確認,2027,監査中,未判定,未確認,2026-09-27,https://search.keinet.ne.jp/1395/recommend/exam_rec,https://search.keinet.ne.jp/1395/recommend/exam_ao,Kei-Net総合型2027を確認。Masterとの意味対応を精査中。
kokkoritsu,国立,福岡教育大学,1420,2027,未確認,監査中,未判定,未確認,2026-09-27,https://search.keinet.ne.jp/1420/recommend/exam_rec,https://search.keinet.ne.jp/1420/recommend/exam_ao,Kei-Net学校推薦型2027を確認。Masterとの意味対応を精査中。
kokkoritsu,国立,九州大学,1405,2027,2027,監査中,未判定,未確認,2026-09-27,https://search.keinet.ne.jp/1405/recommend/exam_rec,https://search.keinet.ne.jp/1405/recommend/exam_ao,Kei-Net推薦・総合型2027を確認。Masterとの意味対応を精査中。
kokkoritsu,国立,九州工業大学,1415,未確認,2027,監査中,未判定,未確認,2026-09-27,https://search.keinet.ne.jp/1415/recommend/exam_rec,https://search.keinet.ne.jp/1415/recommend/exam_ao,Kei-Net総合型2027を確認。Masterとの意味対応を精査中。未公開総合Ⅱは別Queueで管理。
kokkoritsu,国立,佐賀大学,1425,未確認,2027,監査中,未判定,未確認,2026-09-27,https://search.keinet.ne.jp/1425/recommend/exam_rec,https://search.keinet.ne.jp/1425/recommend/exam_ao,Kei-Net総合型2027を確認。Masterとの意味対応を精査中。
kokkoritsu,国立,長崎大学,1435,未確認,2027,監査中,未判定,未確認,2026-09-27,https://search.keinet.ne.jp/1435/recommend/exam_rec,https://search.keinet.ne.jp/1435/recommend/exam_ao,Kei-Net総合型2027を確認。Masterとの意味対応を精査中。
kokkoritsu,国立,熊本大学,1440,未確認,2027,監査中,未判定,未確認,2026-09-27,https://search.keinet.ne.jp/1440/recommend/exam_rec,https://search.keinet.ne.jp/1440/recommend/exam_ao,Kei-Net総合型2027を確認。Masterとの意味対応を精査中。帰国生詳細待ちは別Queueで管理。
kokkoritsu,国立,大分大学,1445,2027,2027,監査中,未判定,未確認,2026-09-27,https://search.keinet.ne.jp/1445/recommend/exam_rec,https://search.keinet.ne.jp/1445/recommend/exam_ao,Kei-Net推薦・総合型2027を確認。Masterとの意味対応を精査中。
kokkoritsu,国立,宮崎大学,1455,未確認,2027,監査中,未判定,未確認,2026-09-27,https://search.keinet.ne.jp/1455/recommend/exam_rec,https://search.keinet.ne.jp/1455/recommend/exam_ao,Kei-Net総合型2027を確認。Masterとの意味対応を精査中。未公開分は別Queueで管理。
kokkoritsu,国立,鹿児島大学,1465,未確認,2027,監査中,未判定,未確認,2026-09-27,https://search.keinet.ne.jp/1465/recommend/exam_rec,https://search.keinet.ne.jp/1465/recommend/exam_ao,Kei-Net総合型2027を確認。Masterとの意味対応を精査中。自己推薦・推薦Ⅱ詳細更新は別Queueで進行。
kokkoritsu,国立,鹿屋体育大学,1470,2027,2027,監査中,未判定,未確認,2026-09-27,https://search.keinet.ne.jp/1470/recommend/exam_rec,https://search.keinet.ne.jp/1470/recommend/exam_ao,Kei-Net推薦・総合型2027を確認。Masterとの意味対応を精査中。
kokkoritsu,国立,琉球大学,1475,2027,2027,監査中,未判定,未確認,2026-09-27,https://search.keinet.ne.jp/1475/recommend/exam_rec,https://search.keinet.ne.jp/1475/recommend/exam_ao,Kei-Net推薦・総合型2027を確認。Masterとの意味対応を精査中。推薦詳細公開待ちは別Queue管理。
kokkoritsu,公立,札幌医科大学,1505,2027,未確認,監査中,未判定,未確認,2026-09-27,https://search.keinet.ne.jp/1505/recommend/exam_rec,https://search.keinet.ne.jp/1505/recommend/exam_ao,Kei-Net学校推薦型2027を確認。医学科特別枠等をMasterと精査中。
kokkoritsu,公立,釧路公立大学,1510,未確認,ページなし/未確認,監査中,未判定,未確認,2026-09-27,https://search.keinet.ne.jp/1510/recommend/exam_rec,https://search.keinet.ne.jp/1510/recommend/exam_ao,Kei-Net入試結果では推薦A/B/Cを確認できるが2027詳細ページの年度確認待ち。
kokkoritsu,公立,公立はこだて未来大学,1507,2027,2027,監査中,未判定,未確認,2026-09-27,https://search.keinet.ne.jp/1507/recommend/exam_rec,https://search.keinet.ne.jp/1507/recommend/exam_ao,Kei-Net推薦・総合型2027を確認。はこだて枠等をMasterと精査中。
kokkoritsu,公立,名寄市立大学,1508,2027,未確認,監査中,未判定,未確認,2026-09-27,https://search.keinet.ne.jp/1508/recommend/exam_rec,https://search.keinet.ne.jp/1508/recommend/exam_ao,Kei-Net学校推薦型2027を確認。地域指定枠を含む構成をMasterと精査中。
kokkoritsu,公立,札幌市立大学,1506,2027,2027,監査中,未判定,未確認,2026-09-27,https://search.keinet.ne.jp/1506/recommend/exam_rec,https://search.keinet.ne.jp/1506/recommend/exam_ao,Kei-Net推薦・総合型2027を確認。看護市内優先枠を含めMasterと精査中。
kokkoritsu,公立,公立千歳科学技術大学,1509,未確認,2027,監査中,未判定,未確認,2026-09-27,https://search.keinet.ne.jp/1509/recommend/exam_rec,https://search.keinet.ne.jp/1509/recommend/exam_ao,Kei-Net総合型2027を確認。Masterとの意味対応を精査中。
kokkoritsu,公立,旭川市立大学,1501,2027,2027,監査中,未判定,未確認,2026-09-27,https://search.keinet.ne.jp/1501/recommend/exam_rec,https://search.keinet.ne.jp/1501/recommend/exam_ao,Kei-Net推薦・総合型2027を確認。Masterとの意味対応を精査中。
kokkoritsu,公立,青森県立保健大学,1516,2027,未確認,監査中,未判定,未確認,2026-09-27,https://search.keinet.ne.jp/1516/recommend/exam_rec,https://search.keinet.ne.jp/1516/recommend/exam_ao,Kei-Net学校推薦型2027を確認。県内人材育成枠等をMasterと精査中。
kokkoritsu,公立,青森公立大学,1513,2027,2027,監査中,未判定,未確認,2026-09-27,https://search.keinet.ne.jp/1513/recommend/exam_rec,https://search.keinet.ne.jp/1513/recommend/exam_ao,Kei-Net推薦・総合型2027を確認。県内枠を含めMasterと精査中。
kokkoritsu,公立,岩手県立大学,1512,未確認,2027,監査中,未判定,未確認,2026-09-27,https://search.keinet.ne.jp/1512/recommend/exam_rec,https://search.keinet.ne.jp/1512/recommend/exam_ao,Kei-Net総合型2027を確認。Masterとの意味対応を精査中。
kokkoritsu,公立,宮城大学,1514,未確認,2027,監査中,未判定,未確認,2026-09-27,https://search.keinet.ne.jp/1514/recommend/exam_rec,https://search.keinet.ne.jp/1514/recommend/exam_ao,Kei-Net総合型2027を確認。Masterとの意味対応を精査中。
kokkoritsu,公立,秋田県立大学,1517,2027,2027,監査中,未判定,未確認,2026-09-27,https://search.keinet.ne.jp/1517/recommend/exam_rec,https://search.keinet.ne.jp/1517/recommend/exam_ao,Kei-Net推薦・総合型ページ2027を確認。Masterとの意味対応を精査中。
kokkoritsu,公立,国際教養大学,1521,2027,2027,監査中,未判定,未確認,2026-09-27,https://search.keinet.ne.jp/1521/recommend/exam_rec,https://search.keinet.ne.jp/1521/recommend/exam_ao,Kei-Net推薦・総合型2027を確認。グローバル・セミナー等をMasterと精査中。
kokkoritsu,公立,秋田公立美術大学,1522,2027,ページなし/未確認,監査中,未判定,未確認,2026-09-27,https://search.keinet.ne.jp/1522/recommend/exam_rec,https://search.keinet.ne.jp/1522/recommend/exam_ao,Kei-Net学校推薦型2027を確認。Masterとの意味対応を精査中。
kokkoritsu,公立,山形県立保健医療大学,1511,2027,2027,監査中,未判定,未確認,2026-09-27,https://search.keinet.ne.jp/1511/recommend/exam_rec,https://search.keinet.ne.jp/1511/recommend/exam_ao,Kei-Net推薦・総合型2027を確認。山形県内定着枠等をMasterと精査中。
kokkoritsu,公立,山形県立米沢栄養大学,1527,2027,ページなし/未確認,監査中,未判定,未確認,2026-09-27,https://search.keinet.ne.jp/1527/recommend/exam_rec,https://search.keinet.ne.jp/1527/recommend/exam_ao,Kei-Net学校推薦型2027を確認。詳細要項待ちは別Queue管理。
kokkoritsu,公立,東北農林専門職大学,1529,未確認,2027,監査中,未判定,未確認,2026-09-27,https://search.keinet.ne.jp/1529/recommend/exam_rec,https://search.keinet.ne.jp/1529/recommend/exam_ao,Kei-Net総合型2027を確認。Masterとの意味対応を精査中。
kokkoritsu,公立,東北公益文科大学,1530,未確認,未確認,監査中,未判定,未確認,2026-09-27,https://search.keinet.ne.jp/1530/recommend/exam_rec,https://search.keinet.ne.jp/1530/recommend/exam_ao,Kei-Net大学ページは2027一般情報を確認。推薦/総合型の2027詳細ページ探索を継続。
kokkoritsu,公立,福島県立医科大学,1515,2027,2027,監査中,未判定,未確認,2026-09-27,https://search.keinet.ne.jp/1515/recommend/exam_rec,https://search.keinet.ne.jp/1515/recommend/exam_ao,Kei-Net推薦・総合型2027を確認。医学科A/B枠等をMasterと精査中。
kokkoritsu,公立,会津大学,1518,2027,ページなし/未確認,監査中,未判定,未確認,2026-09-27,https://search.keinet.ne.jp/1518/recommend/exam_rec,https://search.keinet.ne.jp/1518/recommend/exam_ao,Kei-Net学校推薦型2027を確認。早期入学詳細要項待ちは別Queue管理。
kokkoritsu,公立,茨城県立医療大学,1519,2027,ページなし/未確認,監査中,未判定,未確認,2026-09-27,https://search.keinet.ne.jp/1519/recommend/exam_rec,https://search.keinet.ne.jp/1519/recommend/exam_ao,Kei-Net学校推薦型2027を確認。Masterとの意味対応を精査中。
kokkoritsu,公立,群馬県立女子大学,1525,2027,2027,監査中,未判定,未確認,2026-09-27,https://search.keinet.ne.jp/1525/recommend/exam_rec,https://search.keinet.ne.jp/1525/recommend/exam_ao,Kei-Net推薦・総合型2027を確認。県内枠・女子条件を含めMasterと精査中。
kokkoritsu,公立,群馬県立県民健康科学大学,1524,2027,ページなし/未確認,監査中,未判定,未確認,2026-09-27,https://search.keinet.ne.jp/1524/recommend/exam_rec,https://search.keinet.ne.jp/1524/recommend/exam_ao,Kei-Net学校推薦型2027を確認。Masterとの意味対応を精査中。
kokkoritsu,公立,高崎経済大学,1520,2027,未確認,監査中,未判定,未確認,2026-09-27,https://search.keinet.ne.jp/1520/recommend/exam_rec,https://search.keinet.ne.jp/1520/recommend/exam_ao,Kei-Net学校推薦型2027を確認。Masterとの意味対応を精査中。
kokkoritsu,公立,前橋工科大学,1523,2027,2027,監査中,未判定,未確認,2026-09-27,https://search.keinet.ne.jp/1523/recommend/exam_rec,https://search.keinet.ne.jp/1523/recommend/exam_ao,Kei-Net推薦・総合型2027を確認。Masterとの意味対応を精査中。
kokkoritsu,公立,埼玉県立大学,1526,2027,未確認,監査中,未判定,未確認,2026-09-27,https://search.keinet.ne.jp/1526/recommend/exam_rec,https://search.keinet.ne.jp/1526/recommend/exam_ao,Kei-Net学校推薦型2027を確認。保健医療福祉各学科をMasterと精査中。
kokkoritsu,公立,千葉県立保健医療大学,1528,2027,ページなし/未確認,監査中,未判定,未確認,2026-09-27,https://search.keinet.ne.jp/1528/recommend/exam_rec,https://search.keinet.ne.jp/1528/recommend/exam_ao,Kei-Net学校推薦型2027を確認。Masterとの意味対応を精査中。
kokkoritsu,公立,東京都立大学,1532,未確認,2027,監査中,未判定,未確認,2026-09-27,https://search.keinet.ne.jp/1532/recommend/exam_rec,https://search.keinet.ne.jp/1532/recommend/exam_ao,Kei-Net総合型2027を確認。Masterの各種総合型との意味対応を精査中。
kokkoritsu,公立,東京都立産業技術大学院大学,,未確認,未確認,対象外,未判定,不要,2026-09-27,,,学部入試を持たない大学院大学のためKawai Coverage監査対象外。
kokkoritsu,公立,神奈川県立保健福祉大学,1542,2027,2027,監査中,未判定,未確認,2026-09-27,https://search.keinet.ne.jp/1542/recommend/exam_rec,https://search.keinet.ne.jp/1542/recommend/exam_ao,Kei-Net推薦・総合型2027を確認。Masterとの意味対応を精査中。
kokkoritsu,公立,横浜市立大学,1540,未確認,2027,監査中,未判定,未確認,2026-09-27,https://search.keinet.ne.jp/1540/recommend/exam_rec,https://search.keinet.ne.jp/1540/recommend/exam_ao,Kei-Net総合型2027を確認。Masterとの意味対応を精査中。
kokkoritsu,公立,川崎市立看護大学,1541,2027,ページなし/未確認,監査中,未判定,未確認,2026-09-27,https://search.keinet.ne.jp/1541/recommend/exam_rec,https://search.keinet.ne.jp/1541/recommend/exam_ao,Kei-Net学校推薦型2027を確認。Masterとの意味対応を精査中。
kokkoritsu,公立,新潟県立看護大学,1543,2027,ページなし/未確認,監査中,未判定,未確認,2026-09-27,https://search.keinet.ne.jp/1543/recommend/exam_rec,https://search.keinet.ne.jp/1543/recommend/exam_ao,Kei-Net学校推薦型ページを確認。2027年度ページとしてMasterとの意味対応を精査中。詳細要項待ちは別Queue管理。
kokkoritsu,公立,新潟県立大学,1544,2026,未確認,河合未更新・保留,未判定,未確認,2026-09-27,https://search.keinet.ne.jp/1544/recommend/exam_rec,https://search.keinet.ne.jp/1544/recommend/exam_ao,Kei-Net学校推薦型は2026年度表示のため2027 Coverage判定には使わず保留。
kokkoritsu,公立,三条市立大学,1551,未確認,未確認,監査中,未判定,未確認,2026-09-27,https://search.keinet.ne.jp/1551/recommend/exam_rec,https://search.keinet.ne.jp/1551/recommend/exam_ao,Kei-Net大学ページは2027。推薦/総合型個別ページの年度確認を継続。
kokkoritsu,公立,長岡造形大学,1546,未確認,2027,監査中,未判定,未確認,2026-09-27,https://search.keinet.ne.jp/1546/recommend/exam_rec,https://search.keinet.ne.jp/1546/recommend/exam_ao,Kei-Net総合型2027を確認。Masterとの意味対応を精査中。
kokkoritsu,公立,山梨県立大学,1561,2027,未確認,監査中,未判定,未確認,2026-09-27,https://search.keinet.ne.jp/1561/recommend/exam_rec,https://search.keinet.ne.jp/1561/recommend/exam_ao,Kei-Net学校推薦型2027を確認。Masterとの意味対応を精査中。
kokkoritsu,公立,都留文科大学,1560,2027,2027,監査中,未判定,未確認,2026-09-27,https://search.keinet.ne.jp/1560/recommend/exam_rec,https://search.keinet.ne.jp/1560/recommend/exam_ao,Kei-Net推薦・総合型2027を確認。Masterとの意味対応を精査中。
kokkoritsu,公立,長野県看護大学,1562,2027,未確認,監査中,未判定,未確認,2026-09-27,https://search.keinet.ne.jp/1562/recommend/exam_rec,https://search.keinet.ne.jp/1562/recommend/exam_ao,Kei-Net学校推薦型2027を確認。Masterとの意味対応を精査中。
kokkoritsu,公立,長野県立大学,1566,未確認,2027,監査中,未判定,未確認,2026-09-27,https://search.keinet.ne.jp/1566/recommend/exam_rec,https://search.keinet.ne.jp/1566/recommend/exam_ao,Kei-Net総合型2027を確認。Masterとの意味対応を精査中。
kokkoritsu,公立,長野大学,1563,2027,2027,監査中,未判定,未確認,2026-09-27,https://search.keinet.ne.jp/1563/recommend/exam_rec,https://search.keinet.ne.jp/1563/recommend/exam_ao,Kei-Net推薦・総合型2027を確認。Masterとの意味対応を精査中。
kokkoritsu,公立,公立諏訪東京理科大学,1567,2027,未確認,監査中,未判定,未確認,2026-09-27,https://search.keinet.ne.jp/1567/recommend/exam_rec,https://search.keinet.ne.jp/1567/recommend/exam_ao,Kei-Net学校推薦型2027を確認。Masterとの意味対応を精査中。
kokkoritsu,公立,富山県立大学,1545,2026,未確認,河合未更新・保留,未判定,未確認,2026-09-27,https://search.keinet.ne.jp/1545/recommend/exam_rec,https://search.keinet.ne.jp/1545/recommend/exam_ao,Kei-Net学校推薦型は2026年度表示のため2027 Coverage判定には使わず保留。
kokkoritsu,公立,石川県立看護大学,,未確認,未確認,未監査,未判定,未確認,,,,
kokkoritsu,公立,石川県立大学,1547,2027,未確認,監査中,未判定,未確認,2026-09-27,https://search.keinet.ne.jp/1547/recommend/exam_rec,https://search.keinet.ne.jp/1547/recommend/exam_ao,Kei-Net学校推薦型2027を確認。Masterとの意味対応を精査中。
kokkoritsu,公立,金沢美術工芸大学,1550,2027,未確認,監査中,未判定,未確認,2026-09-27,https://search.keinet.ne.jp/1550/recommend/exam_rec,https://search.keinet.ne.jp/1550/recommend/exam_ao,Kei-Net学校推薦型2027を確認。Masterとの意味対応を精査中。
kokkoritsu,公立,公立小松大学,1548,2027,未確認,監査中,未判定,未確認,2026-09-27,https://search.keinet.ne.jp/1548/recommend/exam_rec,https://search.keinet.ne.jp/1548/recommend/exam_ao,Kei-Net学校推薦型2027を確認。Masterとの意味対応を精査中。
kokkoritsu,公立,福井県立大学,1555,2027,未確認,監査中,未判定,未確認,2026-09-27,https://search.keinet.ne.jp/1555/recommend/exam_rec,https://search.keinet.ne.jp/1555/recommend/exam_ao,Kei-Net学校推薦型2027を確認。Masterとの意味対応を精査中。
kokkoritsu,公立,敦賀市立看護大学,1556,2026,未確認,河合未更新・保留,未判定,未確認,2026-09-27,https://search.keinet.ne.jp/1556/recommend/exam_rec,https://search.keinet.ne.jp/1556/recommend/exam_ao,Kei-Net学校推薦型は2026年度表示のため2027 Coverage判定には使わず保留。
kokkoritsu,公立,岐阜県立看護大学,1564,2027,未確認,監査中,未判定,未確認,2026-09-27,https://search.keinet.ne.jp/1564/recommend/exam_rec,https://search.keinet.ne.jp/1564/recommend/exam_ao,Kei-Net学校推薦型2027を確認。詳細要項待ちは別Queue管理。
kokkoritsu,公立,情報科学芸術大学院大学,,未確認,未確認,対象外,未判定,不要,2026-09-27,,,学部入試を持たない大学院大学のためKawai Coverage監査対象外。
kokkoritsu,公立,岐阜薬科大学,1565,2027,未確認,監査中,未判定,未確認,2026-09-27,https://search.keinet.ne.jp/1565/recommend/exam_rec,https://search.keinet.ne.jp/1565/recommend/exam_ao,Kei-Net学校推薦型2027を確認。詳細要項待ちは別Queue管理。
kokkoritsu,公立,静岡県立大学,1570,2027,未確認,監査中,未判定,未確認,2026-09-27,https://search.keinet.ne.jp/1570/recommend/exam_rec,https://search.keinet.ne.jp/1570/recommend/exam_ao,Kei-Net学校推薦型2027を確認。共テ利用推薦詳細待ちは別Queue管理。
kokkoritsu,公立,静岡文化芸術大学,1571,2027,未確認,監査中,未判定,未確認,2026-09-27,https://search.keinet.ne.jp/1571/recommend/exam_rec,https://search.keinet.ne.jp/1571/recommend/exam_ao,Kei-Net学校推薦型2027を確認。Masterとの意味対応を精査中。
kokkoritsu,公立,静岡社会健康医学大学院大学,,未確認,未確認,対象外,未判定,不要,2026-09-27,,,学部入試を持たない大学院大学のためKawai Coverage監査対象外。
kokkoritsu,公立,静岡県立農林環境専門職大学,1572,2026,未確認,河合未更新・保留,未判定,未確認,2026-09-27,https://search.keinet.ne.jp/1572/recommend/exam_rec,https://search.keinet.ne.jp/1572/recommend/exam_ao,大学一般ページは2027だが、Kei-Net推薦型結果・確認可能情報は2026まで。2027 Coverage判定は保留。
kokkoritsu,公立,愛知県立大学,1575,2027,未確認,監査中,未判定,未確認,2026-09-27,https://search.keinet.ne.jp/1575/recommend/exam_rec,https://search.keinet.ne.jp/1575/recommend/exam_ao,Kei-Net学校推薦型2027を確認。未公開推薦/総合型は別Queue管理。
kokkoritsu,公立,愛知県立芸術大学,1580,2027,2027,監査中,未判定,未確認,2026-09-27,https://search.keinet.ne.jp/1580/recommend/exam_rec,https://search.keinet.ne.jp/1580/recommend/exam_ao,Kei-Net推薦・総合型2027を確認。音楽推薦・美術総合型等をMasterと精査中。
kokkoritsu,公立,名古屋市立大学,1585,2027,未確認,監査中,未判定,未確認,2026-09-27,https://search.keinet.ne.jp/1585/recommend/exam_rec,https://search.keinet.ne.jp/1585/recommend/exam_ao,Kei-Net学校推薦型2027を確認。B系・地域枠等の詳細待ちは別Queue管理。
kokkoritsu,公立,三重県立看護大学,1586,2027,未確認,監査中,未判定,未確認,2026-09-27,https://search.keinet.ne.jp/1586/recommend/exam_rec,https://search.keinet.ne.jp/1586/recommend/exam_ao,Kei-Net学校推薦型2027を確認。地域条件を含めMasterと精査中。詳細要項待ちは別Queue管理。
kokkoritsu,公立,滋賀県立大学,1587,2027,未確認,監査中,未判定,未確認,2026-09-27,https://search.keinet.ne.jp/1587/recommend/exam_rec,https://search.keinet.ne.jp/1587/recommend/exam_ao,Kei-Net学校推薦型2027を確認。A/C等の枠をMasterと精査中。
kokkoritsu,公立,京都府立大学,1595,2027,未確認,監査中,未判定,未確認,2026-09-27,https://search.keinet.ne.jp/1595/recommend/exam_rec,https://search.keinet.ne.jp/1595/recommend/exam_ao,Kei-Net学校推薦型2027を確認。府内/全国等の枠をMasterと精査中。
kokkoritsu,公立,京都府立医科大学,1600,2027,未確認,監査中,未判定,未確認,2026-09-27,https://search.keinet.ne.jp/1600/recommend/exam_rec,https://search.keinet.ne.jp/1600/recommend/exam_ao,Kei-Net学校推薦型2027を確認。医学地域枠等をMasterと精査中。
kokkoritsu,公立,京都市立芸術大学,,未確認,未確認,未監査,未判定,未確認,,,,
kokkoritsu,公立,福知山公立大学,1597,2027,未確認,監査中,未判定,未確認,2026-09-27,https://search.keinet.ne.jp/1597/recommend/exam_rec,https://search.keinet.ne.jp/1597/recommend/exam_ao,Kei-Net学校推薦型2027を確認。全国枠等をMasterと精査中。
kokkoritsu,公立,大阪公立大学,1615,2027,未確認,監査中,未判定,未確認,2026-09-27,https://search.keinet.ne.jp/1615/recommend/exam_rec,https://search.keinet.ne.jp/1615/recommend/exam_ao,Kei-Net学校推薦型2027を確認。医学科等を含めMasterとの意味対応を精査中。
kokkoritsu,公立,兵庫県立大学,1627,2027,2027,監査中,未判定,未確認,2026-09-27,https://search.keinet.ne.jp/1627/recommend/exam_rec,https://search.keinet.ne.jp/1627/recommend/exam_ao,Kei-Net推薦・総合型2027を確認。学部別推薦・環境人間総合型等をMasterと精査中。
kokkoritsu,公立,芸術文化観光専門職大学,1628,2027,未確認,監査中,未判定,未確認,2026-09-27,https://search.keinet.ne.jp/1628/recommend/exam_rec,https://search.keinet.ne.jp/1628/recommend/exam_ao,Kei-Net学校推薦型2027を確認。総合型ページも存在するため追加確認継続。Masterとの意味対応を精査中。
kokkoritsu,公立,神戸市外国語大学,1620,2027,2027,監査中,未判定,未確認,2026-09-27,https://search.keinet.ne.jp/1620/recommend/exam_rec,https://search.keinet.ne.jp/1620/recommend/exam_ao,Kei-Net推薦・総合型2027を確認。全国/市内枠および総合型をMasterと精査中。
kokkoritsu,公立,神戸市看護大学,1619,2027,未確認,監査中,未判定,未確認,2026-09-27,https://search.keinet.ne.jp/1619/recommend/exam_rec,https://search.keinet.ne.jp/1619/recommend/exam_ao,Kei-Net学校推薦型2027を確認。Masterとの意味対応を精査中。
kokkoritsu,公立,奈良県立医科大学,1635,2027,未確認,監査中,未判定,未確認,2026-09-27,https://search.keinet.ne.jp/1635/recommend/exam_rec,https://search.keinet.ne.jp/1635/recommend/exam_ao,Kei-Net学校推薦型2027を確認。緊急医師確保等の枠をMasterと精査中。
kokkoritsu,公立,奈良県立大学,1640,2027,未確認,監査中,未判定,未確認,2026-09-27,https://search.keinet.ne.jp/1640/recommend/exam_rec,https://search.keinet.ne.jp/1640/recommend/exam_ao,Kei-Net学校推薦型2027を確認。Masterとの意味対応を精査中。
kokkoritsu,公立,和歌山県立医科大学,1645,2027,未確認,監査中,未判定,未確認,2026-09-27,https://search.keinet.ne.jp/1645/recommend/exam_rec,https://search.keinet.ne.jp/1645/recommend/exam_ao,Kei-Net学校推薦型2027を確認。一般県内/県民医療枠等をMasterと精査中。詳細要項待ちは別Queue管理。
kokkoritsu,公立,公立鳥取環境大学,1646,2027,未確認,監査中,未判定,未確認,2026-09-27,https://search.keinet.ne.jp/1646/recommend/exam_rec,https://search.keinet.ne.jp/1646/recommend/exam_ao,Kei-Net学校推薦型2027を確認。Ⅰ型の地域枠/専門高校枠等をMasterと精査中。
kokkoritsu,公立,島根県立大学,1647,2027,未確認,監査中,未判定,未確認,2026-09-27,https://search.keinet.ne.jp/1647/recommend/exam_rec,https://search.keinet.ne.jp/1647/recommend/exam_ao,Kei-Net学校推薦型2027を確認。地域条件・プレゼン等を含めMasterと精査中。
kokkoritsu,公立,岡山県立大学,1648,2027,2027,監査中,未判定,未確認,2026-09-27,https://search.keinet.ne.jp/1648/recommend/exam_rec,https://search.keinet.ne.jp/1648/recommend/exam_ao,Kei-Net推薦・総合型2027を確認。Master 14行との意味対応を精査中。
kokkoritsu,公立,新見公立大学,1649,2027,未確認,監査中,未判定,未確認,2026-09-27,https://search.keinet.ne.jp/1649/recommend/exam_rec,https://search.keinet.ne.jp/1649/recommend/exam_ao,Kei-Net学校推薦型2027および2027変更点を確認。地域優先枠、共テなしへの変更をMasterと精査中。
kokkoritsu,公立,県立広島大学,1656,2027,未確認,監査中,未判定,未確認,2026-09-27,https://search.keinet.ne.jp/1656/recommend/exam_rec,https://search.keinet.ne.jp/1656/recommend/exam_ao,Kei-Net学校推薦型2027を確認。県内/全国枠・プレゼン等をMasterと精査中。
kokkoritsu,公立,叡啓大学,1660,未確認,2027,監査中,未判定,未確認,2026-09-27,https://search.keinet.ne.jp/1660/recommend/exam_rec,https://search.keinet.ne.jp/1660/recommend/exam_ao,Kei-Net総合型2027を確認。専願枠等をMasterと精査中。
kokkoritsu,公立,広島市立大学,1658,未確認,2027,監査中,未判定,未確認,2026-09-27,https://search.keinet.ne.jp/1658/recommend/exam_rec,https://search.keinet.ne.jp/1658/recommend/exam_ao,Kei-Net総合型2027を確認。国際学部等をMasterと精査中。
kokkoritsu,公立,尾道市立大学,1653,2027,未確認,監査中,未判定,未確認,2026-09-27,https://search.keinet.ne.jp/1653/recommend/exam_rec,https://search.keinet.ne.jp/1653/recommend/exam_ao,Kei-Net学校推薦型2027を確認。Masterとの意味対応を精査中。
kokkoritsu,公立,福山市立大学,1659,2027,未確認,監査中,未判定,未確認,2026-09-27,https://search.keinet.ne.jp/1659/recommend/exam_rec,https://search.keinet.ne.jp/1659/recommend/exam_ao,Kei-Net学校推薦型2027を確認。地域枠/全国枠をMasterと精査中。
kokkoritsu,公立,山口県立大学,1663,2026/表示混在,2027,一部照合,未判定,未確認,2026-09-27,https://search.keinet.ne.jp/1663/recommend/exam_rec,https://search.keinet.ne.jp/1663/recommend/exam_ao,Kei-Net総合型2027・変更点2027を確認。推薦ページ本文は2026表示が残るため推薦側は保留。2027新設の看護栄養学部総合型はMasterに看護/栄養とも既収録を確認。
kokkoritsu,公立,下関市立大学,1665,2027,未確認,監査中,未判定,未確認,2026-09-27,https://search.keinet.ne.jp/1665/recommend/exam_rec,https://search.keinet.ne.jp/1665/recommend/exam_ao,Kei-Net学校推薦型2027を確認。一部前年度情報注記があるため方式存在のみ候補に使用し、Masterと精査中。
kokkoritsu,公立,山陽小野田市立山口東京理科大学,1661,2027,2027,監査中,未判定,未確認,2026-09-27,https://search.keinet.ne.jp/1661/recommend/exam_rec,https://search.keinet.ne.jp/1661/recommend/exam_ao,Kei-Net推薦・総合型2027を確認。地域/全国枠・総合型Ⅰ等をMasterと精査中。
kokkoritsu,公立,周南公立大学,1666,2027,2027,監査中,未判定,未確認,2026-09-27,https://search.keinet.ne.jp/1666/recommend/exam_rec,https://search.keinet.ne.jp/1666/recommend/exam_ao,Kei-Net推薦・総合型2027を確認。全国枠・総合型をMasterと精査中。
kokkoritsu,公立,香川県立保健医療大学,1667,2026,未確認,河合未更新・保留,未判定,未確認,2026-09-27,https://search.keinet.ne.jp/1667/recommend/exam_rec,https://search.keinet.ne.jp/1667/recommend/exam_ao,Kei-Net学校推薦型本文は2026年度表示のため2027 Coverage判定には使わず保留。
kokkoritsu,公立,愛媛県立医療技術大学,1668,2027,未確認,監査中,未判定,未確認,2026-09-27,https://search.keinet.ne.jp/1668/recommend/exam_rec,https://search.keinet.ne.jp/1668/recommend/exam_ao,Kei-Net学校推薦型2027を確認。地域条件を含めMasterと精査中。
kokkoritsu,公立,高知県立大学,1670,2027,未確認,監査中,未判定,未確認,2026-09-27,https://search.keinet.ne.jp/1670/recommend/exam_rec,https://search.keinet.ne.jp/1670/recommend/exam_ao,Kei-Net学校推薦型2027を確認。県内/全国枠等をMasterと精査中。
kokkoritsu,公立,高知工科大学,1671,2027,2027,監査中,未判定,未確認,2026-09-27,https://search.keinet.ne.jp/1671/recommend/exam_rec,https://search.keinet.ne.jp/1671/recommend/exam_ao,Kei-Net推薦・総合型2027を確認。一般/県内枠等をMasterと精査中。
kokkoritsu,公立,九州歯科大学,1680,2027,2027,監査中,未判定,未確認,2026-09-27,https://search.keinet.ne.jp/1680/recommend/exam_rec,https://search.keinet.ne.jp/1680/recommend/exam_ao,Kei-Net推薦・総合型2027を確認。歯学科推薦・総合型をMasterと精査中。
kokkoritsu,公立,福岡女子大学,1690,2027,2027,監査中,未判定,未確認,2026-09-27,https://search.keinet.ne.jp/1690/recommend/exam_rec,https://search.keinet.ne.jp/1690/recommend/exam_ao,Kei-Net推薦・総合型2027と2027学科改組・募集人員変更を確認。改組後学科を含めMasterと精査中。
kokkoritsu,公立,福岡県立大学,,未確認,未確認,未監査,未判定,未確認,,,,
kokkoritsu,公立,北九州市立大学,1675,2027,2027,監査中,未判定,未確認,2026-09-27,https://search.keinet.ne.jp/1675/recommend/exam_rec,https://search.keinet.ne.jp/1675/recommend/exam_ao,Kei-Net推薦・総合型2027を確認。詳細要項待ちは別Queue管理。
kokkoritsu,公立,長崎県立大学,1695,2027,2027,監査中,未判定,未確認,2026-09-27,https://search.keinet.ne.jp/1695/recommend/exam_rec,https://search.keinet.ne.jp/1695/recommend/exam_ao,Kei-Net推薦・総合型2027を確認。県内枠・総合型をMasterと精査中。
kokkoritsu,公立,熊本県立大学,1700,2027,2027,監査中,未判定,未確認,2026-09-27,https://search.keinet.ne.jp/1700/recommend/exam_rec,https://search.keinet.ne.jp/1700/recommend/exam_ao,Kei-Net推薦・総合型2027を確認。県内推薦・自己推薦型等をMasterと精査中。
kokkoritsu,公立,大分県立看護科学大学,1702,2027,未確認,監査中,未判定,未確認,2026-09-27,https://search.keinet.ne.jp/1702/recommend/exam_rec,https://search.keinet.ne.jp/1702/recommend/exam_ao,Kei-Net学校推薦型2027を確認。Masterとの意味対応を精査中。
kokkoritsu,公立,宮崎県立看護大学,1704,2027,未確認,監査中,未判定,未確認,2026-09-27,https://search.keinet.ne.jp/1704/recommend/exam_rec,https://search.keinet.ne.jp/1704/recommend/exam_ao,Kei-Net学校推薦型2027を確認。みやざきの医療枠等をMasterと精査中。
kokkoritsu,公立,宮崎公立大学,1703,2027,未確認,監査中,未判定,未確認,2026-09-27,https://search.keinet.ne.jp/1703/recommend/exam_rec,https://search.keinet.ne.jp/1703/recommend/exam_ao,Kei-Net学校推薦型2027を確認。学校推薦型Ⅰ等をMasterと精査中。
kokkoritsu,公立,沖縄県立芸術大学,1705,2027,2027,監査中,未判定,未確認,2026-09-27,https://search.keinet.ne.jp/1705/recommend/exam_rec,https://search.keinet.ne.jp/1705/recommend/exam_ao,Kei-Net推薦・総合型2027を確認。県内枠・総合型等をMasterと精査中。
kokkoritsu,公立,沖縄県立看護大学,1706,2027,未確認,監査中,未判定,未確認,2026-09-27,https://search.keinet.ne.jp/1706/recommend/exam_rec,https://search.keinet.ne.jp/1706/recommend/exam_ao,Kei-Net学校推薦型2027を確認。離島・過疎地域推薦等をMasterと精査中。
kokkoritsu,公立,名桜大学,1710,2027,2027,監査中,未判定,未確認,2026-09-27,https://search.keinet.ne.jp/1710/recommend/exam_rec,https://search.keinet.ne.jp/1710/recommend/exam_ao,Kei-Net推薦・総合型2027を確認。一般/地域枠、看護地域枠等をMasterと精査中。
shidai,,早稲田大学,2293,データなし,2027,一部実施,候補あり・公式単位未確定,公式資料を基準に候補照合済,2026-09-28,https://search.keinet.ne.jp/2293/recommend/exam_rec,https://search.keinet.ne.jp/2293/recommend/exam_ao,公式2027要項とKei-Net AO2027を照合。Kei-Net学校推薦型ページはデータなし。地域探究・貢献や既存24行外の学部別候補は公式要項で確認継続。
shidai,,慶應義塾大学,2210,対象外,2027,欠落候補あり・公式確認待ち,候補あり・公式単位未確定,公式要項と候補範囲を照合,2026-09-28,https://search.keinet.ne.jp/2210/recommend/exam_ao,https://search.keinet.ne.jp/2210/recommend/exam_rec,Kei-Net AO 2027と公式入試制度一覧を照合。現Master12行は文学・法・理工・SFC夏秋AO・看護医療を収録。公式一覧とKei-NetはSFC春AOおよび冬AO（GIGA）も掲示。出願時の学部・プログラム単位と必要書類・日程を当年度要項で確定後に追加する。
shidai,,上智大学,2221,2027,未確認,監査中,未判定,未確認,2026-09-27,https://search.keinet.ne.jp/2221/recommend/exam_rec,https://search.keinet.ne.jp/2221/recommend/exam_ao,Kei-Net学校推薦型2027を確認。公募制等をMasterと精査中。
shidai,私立,東京理科大学,2262,未確認,2027,一部照合,あり,確認済（存在）,2026-09-28,https://search.keinet.ne.jp/2262/recommend/exam_rec,https://search.keinet.ne.jp/2262/recommend/exam_ao,Kei-Net AO2027を確認。個別特別選抜は公式要項で存在確認。Kei-Netのみで網羅・出願単位確定しない。
shidai,,明治大学,2286,ページなし/未確認,2027,一部照合,あり,確認済（存在）,2026-09-28,https://search.keinet.ne.jp/2286/recommend/exam_rec,https://search.keinet.ne.jp/2286/recommend/exam_ao,Kei-Net AO2027を照合。推薦ページはデータなし。公式全学スポーツ特別等の未収録候補をUQ-0078へ。
shidai,,青山学院大学,2200,2027,2027,欠落候補あり・公式確認待ち,候補あり・公式単位未確定,一部公式確認,2026-09-29,https://search.keinet.ne.jp/2200/recommend/exam_rec,https://search.keinet.ne.jp/2200/recommend/exam_ao,総合型・推薦2027をクロスチェック。自己推薦/理工系女子特別以外の候補を公式要項と照合継続。
shidai,,立教大学,2290,未確認,2027,監査中,未判定,未確認,2026-09-27,https://search.keinet.ne.jp/2290/recommend/exam_rec,https://search.keinet.ne.jp/2290/recommend/exam_ao,Kei-Net総合型2027を確認。自由選抜等をMasterと精査中。
shidai,,中央大学,2242,未確認,2027,監査中,未判定,未確認,2026-09-27,https://search.keinet.ne.jp/2242/recommend/exam_rec,https://search.keinet.ne.jp/2242/recommend/exam_ao,Kei-Net総合型2027を確認。スポーツ推薦等を含む構成をMasterと精査中。
shidai,私立,法政大学,2279,未確認,2027,一部実施,候補あり・公式確認済,一部確認,2026-09-28,https://search.keinet.ne.jp/2279/recommend/exam_rec,https://search.keinet.ne.jp/2279/recommend/exam_ao,Kei-Net総合型2027に自己推薦等を確認し既存候補と照合。学校推薦型ページは「データなし」。社会人RSP・留学生制度のクロスチェック範囲外/未掲載。
shidai,,学習院大学,2204,2027,2027,欠落候補あり・公式確認待ち,候補あり・公式単位未確定,公式要項と全件対応中,2026-09-28,https://search.keinet.ne.jp/2204/recommend/exam_rec,https://search.keinet.ne.jp/2204/recommend/exam_ao,公式AO/公募推薦の2027学部別募集要項公開を確認。現Master4行は理学部公募推薦のみ。Kei-Net AOは哲学科（思想史系/美術史系選択）、国際社会科学科、国際文化交流学部を掲載し、Kei-Net推薦は文学・法・経済等も掲載。各公式要項の志願単位と書類・要件を全件整理するまで追加保留。
shidai,,成蹊大学,2228,2027,2027,欠落候補あり・公式確認待ち,候補あり・公式単位未確定,公式要項と候補範囲を照合,2026-09-28,https://search.keinet.ne.jp/2228/recommend/exam_ao,https://search.keinet.ne.jp/2228/recommend/exam_rec,公式2027要項・重要告知とKei-Net AO 2027を照合。公式は総合型基礎学力型の実施中止、募集人員の一般選抜への振替、自己推薦型等の要項修正を告知。現Master1行は理工学部自己推薦型のみ。自己推薦型の学部・学科別の実出願単位、特別受験各区分と要項改訂の行反映を確定するまで追加保留。
shidai,,日本大学,2267,2027,2027,欠落候補あり・公式確認待ち,候補あり・公式単位未確定,公式要項と候補範囲を照合,2026-09-28,https://search.keinet.ne.jp/2267/recommend/exam_ao,https://search.keinet.ne.jp/2267/recommend/exam_rec,公式2027学校推薦型選抜ページ・学部別要項とKei-Net AO/推薦2027を照合。現Master98行は医学・薬学・理工・生産工・工・生物資源の6学部。公式ページとKei-Netには法・文理・経済・商・芸術・国際関係・危機管理・スポーツ科学・歯学等の選抜候補もある。学部別の方式・学科・出願票の単位を確定するまで未収録候補を追加保留。
shidai,,東洋大学,2265,2027,2027,実施済,候補あり・公式単位確認中,一部公式確認,2026-09-28,https://search.keinet.ne.jp/2265/recommend/exam_rec,https://search.keinet.ne.jp/2265/recommend/exam_ao,2027 Kei-Net総合型・学校推薦型を閲覧。特殊選抜の対象単位確定には公式個別要項を優先。
shidai,,東海大学,2245,2027,2027,実施済,候補あり・公式単位確認中,一部公式確認,2026-09-28,https://search.keinet.ne.jp/2245/recommend/exam_rec,https://search.keinet.ne.jp/2245/recommend/exam_ao,2027 Kei-Net総合型・学校推薦型を閲覧。留学生一般選抜は公式資料で確認し、Kei-Netは既存AO/推薦の候補照合のみ。
shidai,,芝浦工業大学,2219,未確認,2027,照合済・欠落候補なし,なし（2027掲載範囲照合済）,公式資料とクロスチェック済,2026-09-29,https://search.keinet.ne.jp/2219/recommend/exam_rec,https://search.keinet.ne.jp/2219/recommend/exam_ao,Kei-Net総合型2027を照合。Kei-Netで集約された募集表示より公式課程別募集単位を優先。
shidai,,工学院大学,2212,2027,2027,欠落候補あり・公式確認待ち,候補あり・公式単位未確定,公式要項と全件対応中,2026-09-28,https://search.keinet.ne.jp/2212/recommend/exam_rec,https://search.keinet.ne.jp/2212/recommend/exam_ao,公式2027募集要項・インターネット出願案内およびKei-Net AO/推薦2027を照合。Master25行は自己推薦・探究成果・総合評価等を収録。公式出願サイトは海外帰国生徒、IB、外国人留学生、指定校等も掲示し、公開済要項間の全区分および学部内複数志望の扱いの照合が残る。詳細確定まで追加保留。
shidai,,東京電機大学,2259,2027,2027,実施済,候補あり・公式単位確認中,一部公式確認,2026-09-28,https://search.keinet.ne.jp/2259/recommend/exam_rec,https://search.keinet.ne.jp/2259/recommend/exam_ao,2027 Kei-Net総合型・学校推薦型を閲覧し、既存AO/公募の候補範囲と照合。はたらく学生・留学生等の特別方式網羅には使用しない。
shidai,私立,東京都市大学,2282,2027,2027,一部照合,あり,確認済（存在）,2026-09-28,https://search.keinet.ne.jp/2282/recommend/exam_rec,https://search.keinet.ne.jp/2282/recommend/exam_ao,Kei-Net推薦/総合型2027を確認。推薦ページに前年度情報注記あり。公式特別選抜単位は追確認。
shidai,,東京工科大学,2251,2027,2027,欠落候補あり・公式確認済,あり,確認済（存在）,2026-09-28,https://search.keinet.ne.jp/2251/recommend/exam_rec,https://search.keinet.ne.jp/2251/recommend/exam_ao,Kei-Net推薦2027で学科別公募単位を照合。公式留学生要項で8単位を確認しMasterへ追加。公募14行の公式詳細値はUQ-0081。
shidai,,東京工芸大学,2297,2027,2027,実施済,候補あり・公式単位確認中,公式資料を基準に候補照合済,2026-09-28,https://search.keinet.ne.jp/2297/recommend/exam_rec,https://search.keinet.ne.jp/2297/recommend/exam_ao,AO・推薦ページを閲覧。Artsの全特殊方式網羅は確認できず候補レベル、AO表示年度は明示未確認。 外部DBはクロスチェック専用でcanonicalへ直接転記しない。
shidai,,東京農業大学,2260,2027,2027,実施済,候補あり・公式単位確認中,公式資料を基準に候補照合済,2026-09-28,https://search.keinet.ne.jp/2260/recommend/exam_rec,https://search.keinet.ne.jp/2260/recommend/exam_ao,AO・推薦ページを閲覧し候補照合。ページ上の対象年度明示を確認できない情報は採用せず、公式2027要項を正本とした。 外部DBはクロスチェック専用でcanonicalへ直接転記しない。
shidai,,北里大学,2205,2027,2027,実施済,候補あり・公式単位確認中,公式資料を基準に候補照合済,2026-09-28,https://search.keinet.ne.jp/2205/recommend/exam_rec,https://search.keinet.ne.jp/2205/recommend/exam_ao,AO・推薦ページを閲覧し候補照合。特別選抜の網羅性は公式特別要項で補完。 外部DBはクロスチェック専用でcanonicalへ直接転記しない。
shidai,,東邦大学,2264,2027,2027,実施済,候補あり・公式単位確認中,公式資料を基準に候補照合済,2026-09-28,,,AO・推薦ページを閲覧。社会人・地域枠の2027詳細は当該ページで独立確認できず、公式2027各学部要項を基準に照合。 外部DBはクロスチェック専用でcanonicalへ直接転記しない。
shidai,,日本獣医生命科学大学,2271,2027,2027,実施済,候補あり・公式単位確認中,公式資料を基準に候補照合済,2026-09-28,https://search.keinet.ne.jp/2271/recommend/exam_rec,https://search.keinet.ne.jp/2271/recommend/exam_ao,Kei-Net AO・推薦2027を公式選抜要項候補と照合済み。指定校/社会人/帰国生/IB/学士・編入の完全性は公式要項で確認継続。 外部DBはクロスチェック専用でcanonicalへ直接転記しない。
shidai,私立,東京薬科大学,2261,2027,2027,一部照合,あり,確認済（存在）,2026-09-28,https://search.keinet.ne.jp/2261/recommend/exam_rec,https://search.keinet.ne.jp/2261/recommend/exam_ao,Kei-Net推薦/総合型2027を確認。薬学部2件は公式資料で反映、生命科学部社会人は要出願単位確認。
shidai,,明治薬科大学,2288,ページなし/未確認,ページなし/未確認,河合未更新・保留,なし,不要,2026-09-28,https://search.keinet.ne.jp/2288/recommend/exam_rec,https://search.keinet.ne.jp/2288/recommend/exam_ao,Kei-Netは過年度入試結果のみで現年度2027詳細が未掲載。canonical追加は大学公式資料で確認。
shidai,,星薬科大学,2280,2027,ページなし/未確認,照合済・欠落候補なし,なし,確認済（不存在）,2026-09-28,https://search.keinet.ne.jp/2280/recommend/exam_rec,https://search.keinet.ne.jp/2280/recommend/exam_ao,Kei-Net推薦2027を公式A/B方式と照合。
shidai,,昭和薬科大学,2225,ページなし/未確認,ページなし/未確認,河合未更新・保留,未判定,未確認,2026-09-28,https://search.keinet.ne.jp/2225/recommend/exam_rec,https://search.keinet.ne.jp/2225/recommend/exam_ao,Kei-Net一般2027情報および推薦型の過年度結果を確認。現年度推薦要件ページは取得できず、当年度クロスチェック未完了。
shidai,,武蔵野大学,2285,2027,2027,実施済,候補あり・公式単位確認中,一部公式確認,2026-09-28,https://search.keinet.ne.jp/2285/recommend/exam_rec,https://search.keinet.ne.jp/2285/recommend/exam_ao,2027 Kei-Net総合型を閲覧し既存総合型の候補照合。帰国生・社会人・IBの方式別網羅には使用しない。
shidai,,創価大学,2234,2027,2027,監査中,未判定,未確認,2026-09-27,https://search.keinet.ne.jp/2234/recommend/exam_rec,https://search.keinet.ne.jp/2234/recommend/exam_ao,Kei-Net推薦・総合型2027を確認。スポーツ推薦・PASCAL等をMasterと精査中。
shidai,私立,玉川大学,2240,2027,2027,実施済,候補照合中,一部確認,2026-09-28,https://search.keinet.ne.jp/2240/recommend/exam_rec,https://search.keinet.ne.jp/2240/recommend/exam_ao,Kei-Net総合型・学校推薦型の2027詳細を確認し、対象Master72行の既存方式を照合。帰国者・社会人は公式出願単位未確定のためクロスチェック保留。
shidai,,明星大学,2289,未確認,2027,一部照合,あり,確認済（存在）,2026-09-28,https://search.keinet.ne.jp/2289/recommend/exam_rec,https://search.keinet.ne.jp/2289/recommend/exam_ao,Kei-Net AO2027で未収録候補。公式指定校要項は対象校限定のため一般公開なし。UQ-0077。
shidai,,帝京大学,2244,2027,2027,欠落候補あり・公式確認待ち,候補あり・公式単位未確定,公式要項と全件対応中,2026-09-28,https://search.keinet.ne.jp/2244/recommend/exam_rec,https://search.keinet.ne.jp/2244/recommend/exam_ao,公式2027要項ページ・受験ガイドとKei-Net AO/推薦2027を照合。現Master58行は医学・薬学・理工・医療技術の一部のみ。公式資料・Kei-Netには経済・法・文・外国語・教育・福岡医療技術等の総合型/推薦候補がある。出願単位、コース別区分、第二志望制度を学部別要項で確定するまで追加保留。
shidai,,帝京平成大学,2182,2027,2027,欠落候補あり・公式確認待ち,候補あり・公式単位未確定,公式要項と候補範囲を照合,2026-09-28,https://search.keinet.ne.jp/2182/recommend/exam_ao,https://search.keinet.ne.jp/2182/recommend/exam_rec,Kei-Netの2027総合型・推薦ページと公式入学者選抜要項を照合。現Master63行は薬学、ヒューマンケア、健康メディカル、健康医療スポーツ、共創の5学部。公式2027ページは人文社会学部を含む6学部を掲示し、Kei-Netにも各学科の選抜情報がある。人文社会学部の対象方式および選択肢・第2/第3希望を公式Web出願と要項で確定するまで追加保留。
shidai,,杏林大学,2208,2027,2027,欠落候補あり・公式確認待ち,あり,確認済（存在）,2026-09-28,https://search.keinet.ne.jp/2208/recommend/exam_rec,https://search.keinet.ne.jp/2208/recommend/exam_ao,Kei-Net AO/推薦2027を現Masterとクロスチェック。公式2027要項上の留学生・地域枠候補は出願単位照合中。
shidai,,順天堂大学,2220,2027,2027,欠落候補あり・公式確認待ち,候補あり・公式単位未確定,一部公式確認,2026-09-29,https://search.keinet.ne.jp/2220/recommend/exam_rec,https://search.keinet.ne.jp/2220/recommend/exam_ao,総合型・推薦2027をクロスチェック。公式資料で既存6学部外にも選抜候補を確認。
shidai,私立,東京慈恵会医科大学,,ページなし/未確認,ページなし/未確認,河合未更新・保留,未判定,未確認,2026-09-28,,,今回の検索で大学IDおよびKei-Net推薦/総合型ページを確定できず。外部クロスチェック未。
shidai,,日本医科大学,,対象外/Passnavi 2027,対象外/Benesse 2027,実施済,なし（2区分照合）,公式2027と整合,2026-09-28,https://passnavi.obunsha.co.jp/univ/2940/suisen/,https://manabi.benesse.ne.jp/daigaku/school/3300/nyushi/gokaku-happyo/,Kei-Net大学別AO/推薦情報は確認できず。外部DBとして旺文社パスナビ2027推薦型とBenesse 2027入試日程を照合。総合型10名、学校推薦型（公募/指定校計50名）、日程は公式と一致。詳細要項を優先。
shidai,,昭和医科大学,2223,2027,2027,照合済・欠落候補なし,なし,確認済（不存在）,2026-09-28,https://search.keinet.ne.jp/2223/recommend/exam_rec,https://search.keinet.ne.jp/2223/recommend/exam_ao,Kei-Net AO・推薦2027を公式再編後の学部/専攻単位と照合。
shidai,,東京医科大学,2246,2027,2027,欠落候補あり・公式確認済,あり,確認済（存在）,2026-09-28,https://search.keinet.ne.jp/2246/recommend/exam_rec,https://search.keinet.ne.jp/2246/recommend/exam_ao,Kei-Net AO/推薦2027を照合。看護社会人選抜はKei-Net表示範囲外で、公式募集要項で確認し追加。
shidai,,東京女子医科大学,2255,2027,2027,照合済・欠落候補なし,なし,確認済（不存在）,2026-09-28,https://search.keinet.ne.jp/2255/recommend/exam_rec,https://search.keinet.ne.jp/2255/recommend/exam_ao,Kei-Net AO/推薦2027と公式医学・看護要項、Master8単位を照合。
shidai,,聖路加国際大学,2232,2027,2027,一部照合,候補あり・公式単位未確定,一部公式確認,2026-09-29,https://search.keinet.ne.jp/2232/recommend/exam_rec,https://search.keinet.ne.jp/2232/recommend/exam_ao,Kei-Netで2027 AO・学校推薦の候補情報を確認。公式詳細本文が403取得制限のため公式出願単位の確認は未完了。
shidai,,日本赤十字看護大学,2274,2027,2027,実施済,なし（Master10行照合済）,公式資料を基準に候補照合済,2026-09-28,https://search.keinet.ne.jp/2274/recommend/exam_rec,https://search.keinet.ne.jp/2274/recommend/exam_ao,公式2027要項をBenesse2027（公募・赤十字特別）および東進2027日程と照合。Kei-Netは2026年度結果のみ確認できたため現年度の外部照合には使用せず。
shidai,,神奈川大学,2306,未確認,2027,監査中,未判定,未確認,2026-09-27,https://search.keinet.ne.jp/2306/recommend/exam_rec,https://search.keinet.ne.jp/2306/recommend/exam_ao,Kei-Net総合型2027を確認。2027新設の総合評価型・適性検査型をMasterと重点照合中。
shidai,,神奈川工科大学,2305,2027,2027,監査中,未判定,未確認,2026-09-27,https://search.keinet.ne.jp/2305/recommend/exam_rec,https://search.keinet.ne.jp/2305/recommend/exam_ao,Kei-Net推薦・総合型2027を確認。一般公募・適性検査型等をMasterと精査中。
shidai,私立,湘南工科大学,2310,未確認,未確認,一部実施,候補あり・公式確認済,一部確認,2026-09-28,https://search.keinet.ne.jp/2310/recommend/exam_rec,https://search.keinet.ne.jp/2310/recommend/exam_ao,Kei-Net 2027学科改組・専攻新設ページを確認したが、外国人留学生選抜/推薦/総合型のroute-specific cross-checkは未。
shidai,,関東学院大学,2307,未確認,2027,欠落候補あり・公式確認待ち,候補あり・公式単位未確定,一部公式確認,2026-09-29,https://search.keinet.ne.jp/2307/recommend/exam_rec,https://search.keinet.ne.jp/2307/recommend/exam_ao,総合型2027の方式・学部候補をクロスチェック。既存の理工・情報・建築環境・看護範囲外候補あり。
shidai,,麻布大学,2304,2027,2027,実施済,候補あり・公式確認中,一部公式確認,2026-09-29,https://search.keinet.ne.jp/2304/recommend/exam_rec,https://search.keinet.ne.jp/2304/recommend/exam_ao,Kei-Net総合型・学校推薦型2027を確認。公式要項の公募推薦、総合型および獣医学科地域枠等と既存21行の掲載範囲を照合。帰国生等は公式詳細要項で追加候補を確認。
shidai,,横浜薬科大学,2323,未確認,未確認,一部照合,候補あり・公式単位確認中,一部公式確認,2026-09-28,,,Kei-Net 2027一般選抜情報を確認。2027総合型・推薦のルート別ページは今回取得できず、第三者DBクロスチェック未完了。
shidai,私立,湘南医療大学,2341,未確認,未確認,未実施,候補照合中,一部確認,2026-09-28,https://search.keinet.ne.jp/2341/recommend/exam_rec,https://search.keinet.ne.jp/2341/recommend/exam_ao,2027一般ボーダー情報のみ参照。推薦・総合型の個別2027ページは取得不能のためroute cross-check未。
shidai,,聖マリアンナ医科大学,2314,2027,未確認,照合済・欠落候補なし,なし（2027掲載範囲照合済）,公式資料とクロスチェック済,2026-09-29,https://search.keinet.ne.jp/2314/recommend/exam_rec,,2027推薦ページで公募・神奈川県地域枠を照合。公式2027要項の2募集単位と整合。
shidai,,千葉工業大学,,未確認,未確認,未監査,未判定,未確認,,,,
shidai,私立,東京情報大学,2184,2026,2027,河合未更新・保留,あり,確認済（存在）,2026-09-28,https://search.keinet.ne.jp/2184/recommend/exam_rec,https://search.keinet.ne.jp/2184/recommend/exam_ao,AOは結果のみ、推薦は2026年度。2027帰国生/社会人は公式確認・反映。外国人留学生候補はQueue。
shidai,,麗澤大学,2187,未確認,未確認,実施不能,候補あり・公式確認中,一部公式確認,2026-09-29,https://search.keinet.ne.jp/2187/recommend/exam_rec,https://search.keinet.ne.jp/2187/recommend/exam_ao,Kei-Net推薦・総合型ページはいずれも「学校推薦型・総合型選抜は入試結果のみ掲載」。2027年の外部クロスチェックはBenesse大学検索を利用し、工学部中心の既存Masterと公式全学部の募集候補を照合。
shidai,,城西国際大学,2175,2027,2027,実施済,候補多数・全件単位化未了,公式確認継続,2026-09-28,https://search.keinet.ne.jp/2175/recommend/exam_rec,https://search.keinet.ne.jp/2175/recommend/exam_ao,Kei-Net総合型・学校推薦型2027を確認。公式募集要項との対応候補を探索したが、全学部/コース×期×選抜型の分解未了。
shidai,,国際医療福祉大学,2125,2027,2027,実施済,候補あり・公式照合中,一部公式確認,2026-09-28,https://search.keinet.ne.jp/2125/recommend/exam_rec,https://search.keinet.ne.jp/2125/recommend/exam_ao,Kei-Net 2027 AO/推薦を確認。関東圏以外の募集候補もあるため候補探索に限り、Kei-Netのみでcanonical確定しない。
shidai,,千葉科学大学,,未確認,未確認,未監査,未判定,未確認,,,,
shidai,,城西大学,2152,2027未掲載,2027,一部実施,候補あり・全学部照合中,公式確認継続,2026-09-28,https://search.keinet.ne.jp/2152/recommend/exam_rec,https://search.keinet.ne.jp/2152/recommend/exam_ao,Kei-Net AO 2027は確認、学校推薦型ページは2027データなし。AOは第三者クロスチェックのみ。
shidai,,日本薬科大学,2168,2027,2027,実施済,候補あり・公式単位未確定,公式資料を基準に候補照合済,2026-09-28,https://search.keinet.ne.jp/2168/recommend/exam_rec,https://search.keinet.ne.jp/2168/recommend/exam_ao,公式2027募集要項とBenesse2027/パスナビAOをクロスチェック。Kei-Netは閲覧可能な入試結果が2026年度までで、現年度照合はBenesse/パスナビを使用。
shidai,,埼玉医科大学,2150,2027,2027,実施済,1候補を公式確認し追加,公式で追加確認,2026-09-28,https://search.keinet.ne.jp/2150/recommend/exam_rec,https://search.keinet.ne.jp/2150/recommend/exam_ao,Kei-Net総合型・学校推薦型2027を確認。医学部帰国生選抜は公式要項で詳細確認しMasterへ反映。
shidai,,埼玉工業大学,2149,未確認,未確認,一部照合,推薦候補照合、総合型未確認,2027推薦は公式/パスナビ一致; AO詳細未照合,2026-09-28,https://search.keinet.ne.jp/2149/recommend/exam_rec,https://search.keinet.ne.jp/2149/recommend/exam_ao,Kei-Netの現行2027 AO/推薦ページは確認できず。旺文社パスナビ学校推薦型2027掲載の学部学科・日程候補を公式ページと照合。パスナビ総合型は昨年度データ表示のため今年度照合には使用せず。Kei-Netの2027 AO/推薦の該当データを今回確認できず、外部DB cross-check未完了。公式2027ページでは総合型1〜5期・奨学生型・推薦が両学部全学科対象。現Master24行は工学部年内枠のみ。4・5期と人間社会学部を含むWeb出願単位、選抜種別ごとの学科指定、書類・要件を公式募集要項と入力画面で確定する。
shidai,,日本工業大学,2157,2027,2027,実施済,候補あり・公式単位未確定,公式資料を基準に候補照合済,2026-09-28,https://search.keinet.ne.jp/2157/recommend/exam_rec,https://search.keinet.ne.jp/2157/recommend/exam_ao,公式2027ページとBenesse2027 AO/推薦情報を照合。Kei-Net AOは2026年度表示、推薦は入試結果のみである点も確認。
shidai,,ものつくり大学,,未確認,未確認,未監査,未判定,未確認,,,,
shidai,,立正大学,,未確認,未確認,未監査,未判定,未確認,,,,
shidai,,自治医科大学,2122,2027,2027,照合済・欠落候補なし,なし（2027掲載範囲照合済）,公式資料とクロスチェック済,2026-09-29,https://search.keinet.ne.jp/2122/recommend/exam_rec,https://search.keinet.ne.jp/2122/recommend/exam_ao,Kei-Net推薦・総合型2027を候補クロスチェック。公式の県別単位・日程・募集枠を基準に照合。
shidai,私立,獨協医科大学,2123,2027,2027,実施済,候補照合中,一部確認,2026-09-28,https://search.keinet.ne.jp/2123/recommend/exam_rec,https://search.keinet.ne.jp/2123/recommend/exam_ao,Kei-Net総合型「総合型(3)」および公募（地域特別枠）10名の2027情報を確認し、公式既存2行と照合。指定校制度は学校通知のため未照合。
shidai,,酪農学園大学,2014,2027,2027,照合済・欠落候補なし,なし（2027掲載範囲照合済）,公式資料とクロスチェック済,2026-09-29,https://search.keinet.ne.jp/2014/recommend/exam_rec,https://search.keinet.ne.jp/2014/recommend/exam_ao,Kei-Net総合型・推薦2027を公開型Master候補とのクロスチェックに使用。
shidai,,岡山理科大学,2614,2027,2027,欠落候補あり・公式確認待ち,候補あり・公式単位未確定,公式要項と全件対応中,2026-09-28,https://search.keinet.ne.jp/2614/recommend/exam_rec,https://search.keinet.ne.jp/2614/recommend/exam_ao,公式2027入試ページおよびKei-Net AO/推薦2027を確認。現Master10行は獣医学部に限定。Kei-Netは教育学部等、総合評価方式・オープンキャンパス利用方式・特別推薦・推薦A/B等を掲載。公式方式別ページと出願時の学科・併願選択を全件確定するまで追加保留。
shidai,,関西大学,2533,2027,2027,欠落候補あり・公式確認待ち,候補あり・公式単位未確定,一部公式確認,2026-09-29,https://search.keinet.ne.jp/2533/recommend/exam_rec,https://search.keinet.ne.jp/2533/recommend/exam_ao,総合型・学校推薦型2027をクロスチェック。既存Masterは理系重点等の一部範囲。
shidai,,関西学院大学,2558,未確認,2027,欠落候補あり・公式確認待ち,候補あり・公式単位未確定,一部公式確認,2026-09-29,https://search.keinet.ne.jp/2558/recommend/exam_rec,https://search.keinet.ne.jp/2558/recommend/exam_ao,総合型2027をクロスチェック。全学部候補に対しMasterは理系4学部の3方式。
shidai,,同志社大学,,未確認,未確認,未監査,未判定,未確認,,,,
shidai,,立命館大学,,未確認,未確認,未監査,未判定,未確認,,,,
shidai,,国際基督教大学,2214,対象外,2027,実施済,なし（3区分照合）,公式2027と一致,2026-09-28,https://search.keinet.ne.jp/2214/recommend/exam_rec,https://search.keinet.ne.jp/2214/recommend/exam_ao,Kei-Net総合型2027ページを確認。英語外部試験利用・理数探究利用・IBDP利用の3区分の範囲を照合。
