admission_id,university,faculty_school,department,selection_name,requirement_code,program_or_competition,required_level,requirement_detail,alternative_allowed,evidence_required,source_url,verified_on
NU-2027-NCT-02,名古屋大学,理学部,生命理学科,大学入学共通テストを課さない総合型選抜,A,ISEF,出場,国際大会（International Science and Engineering Fair）への出場,No,Yes,https://www.sci.nagoya-u.ac.jp/admission/folder405/,2026-09-18
NU-2027-NCT-02,名古屋大学,理学部,生命理学科,大学入学共通テストを課さない総合型選抜,B,日本学生科学賞（JSSA）,中央最終審査進出,中央最終審査まで進出,No,Yes,https://www.sci.nagoya-u.ac.jp/admission/folder405/,2026-09-18
NU-2027-NCT-02,名古屋大学,理学部,生命理学科,大学入学共通テストを課さない総合型選抜,C,JSEC,最終審査会進出,最終審査会まで進出,No,Yes,https://www.sci.nagoya-u.ac.jp/admission/folder405/,2026-09-18
NU-2027-NCT-02,名古屋大学,理学部,生命理学科,大学入学共通テストを課さない総合型選抜,D,グローバルサイエンスキャンパス（GSC）,全国受講生研究発表会で発表,全国受講生研究発表会で発表,No,Yes,https://www.sci.nagoya-u.ac.jp/admission/folder405/,2026-09-18
NU-2027-NCT-02,名古屋大学,理学部,生命理学科,大学入学共通テストを課さない総合型選抜,E,STELLA,サイエンスカンファレンス高校の部で発表,高校の部で発表,No,Yes,https://www.sci.nagoya-u.ac.jp/admission/folder405/,2026-09-18
NU-2027-NCT-02,名古屋大学,理学部,生命理学科,大学入学共通テストを課さない総合型選抜,F,名大MIRAI GSC,第3ステージ進出,第3ステージ進出,No,Yes,https://www.sci.nagoya-u.ac.jp/admission/folder405/,2026-09-18
NU-2027-NCT-02,名古屋大学,理学部,生命理学科,大学入学共通テストを課さない総合型選抜,G,名大みらい育成プロジェクト,第3ステージ進出,第3ステージ進出,No,Yes,https://www.sci.nagoya-u.ac.jp/admission/folder405/,2026-09-18
NU-2027-NCT-02,名古屋大学,理学部,生命理学科,大学入学共通テストを課さない総合型選抜,H,SSH生徒研究発表会,代表校選出・ポスター発表賞,代表校として選出され、ポスター発表賞の要件,No,Yes,https://www.sci.nagoya-u.ac.jp/admission/folder405/,2026-09-18
NU-2027-NCT-02,名古屋大学,理学部,生命理学科,大学入学共通テストを課さない総合型選抜,I,全国学芸サイエンスコンクール 自然科学研究部門,金賞・銀賞・銅賞・入選,いずれかの受賞・入選,No,Yes,https://www.sci.nagoya-u.ac.jp/admission/folder405/,2026-09-18
NU-2027-NCT-02,名古屋大学,理学部,生命理学科,大学入学共通テストを課さない総合型選抜,J,全国高等学校総合文化祭 自然科学部門,最優秀賞・優秀賞・奨励賞,いずれかの受賞,No,Yes,https://www.sci.nagoya-u.ac.jp/admission/folder405/,2026-09-18
NU-2027-NCT-02,名古屋大学,理学部,生命理学科,大学入学共通テストを課さない総合型選抜,K,その他の公的な研究発表,優れた発表を行い実績を証明可能,A〜J以外でも公的な場で自由研究・課題研究の優れた発表を行い、その実績を証明できること,Yes,Yes,https://www.sci.nagoya-u.ac.jp/admission/folder405/,2026-09-18
YAM-2027-AO1-SCI-MATHDS,山形大学,理学部,理学科,総合型選抜Ⅰ,INQUIRY,理学分野の探究活動,取り組み経験,数学・理科・データサイエンスに関する探究活動経験が必須。,No,Yes,https://www.yamagata-u.ac.jp/jp/files/7117/8062/0130/r9_senall.pdf,2026-09-17
YAM-2027-AO1-SCI-PHYS,山形大学,理学部,理学科,総合型選抜Ⅰ,INQUIRY,理学分野の探究活動,取り組み経験,数学・理科・データサイエンスに関する探究活動経験が必須。,No,Yes,https://www.yamagata-u.ac.jp/jp/files/7117/8062/0130/r9_senall.pdf,2026-09-17
YAM-2027-AO1-SCI-CHEM,山形大学,理学部,理学科,総合型選抜Ⅰ,INQUIRY,理学分野の探究活動,取り組み経験,数学・理科・データサイエンスに関する探究活動経験が必須。,No,Yes,https://www.yamagata-u.ac.jp/jp/files/7117/8062/0130/r9_senall.pdf,2026-09-17
YAM-2027-AO1-SCI-BIO,山形大学,理学部,理学科,総合型選抜Ⅰ,INQUIRY,理学分野の探究活動,取り組み経験,数学・理科・データサイエンスに関する探究活動経験が必須。,No,Yes,https://www.yamagata-u.ac.jp/jp/files/7117/8062/0130/r9_senall.pdf,2026-09-17
YAM-2027-AO1-SCI-EARTH,山形大学,理学部,理学科,総合型選抜Ⅰ,INQUIRY,理学分野の探究活動,取り組み経験,数学・理科・データサイエンスに関する探究活動経験が必須。,No,Yes,https://www.yamagata-u.ac.jp/jp/files/7117/8062/0130/r9_senall.pdf,2026-09-17
YAM-2027-AO1-AG,山形大学,農学部,食料生命環境学科,総合型選抜Ⅰ,AG_ACTIVITY,広義の農学に関する活動実績,実績あり,農業クラブ、科学部、課題研究発表、大学・研究機関プログラム等を含む活動実績が必須。,No,Yes,https://www.yamagata-u.ac.jp/jp/files/7117/8062/0130/r9_senall.pdf,2026-09-17
FUKU-2027-AO-EDU-INQ-JPN,福島大学,教育学部,学校教育教員養成課程,総合型選抜（探究枠）,INQUIRY,志望系に関連する探究活動,探究活動経験,国語・国語教育の要素を含む探究活動を評価。授業・部活動・学校外活動も対象。,No,Yes,https://nyushi.adb.fukushima-u.ac.jp/recruitment/Files/2026/09/01_R9_sougou_yoko_1.pdf,2026-09-17
FUKU-2027-AO-EDU-INQ-ENG,福島大学,教育学部,学校教育教員養成課程,総合型選抜（探究枠）,INQUIRY,志望系に関連する探究活動,探究活動経験,英語・英語教育の要素を含む探究活動を評価。授業・部活動・学校外活動も対象。,No,Yes,https://nyushi.adb.fukushima-u.ac.jp/recruitment/Files/2026/09/01_R9_sougou_yoko_1.pdf,2026-09-17
FUKU-2027-AO-EDU-INQ-SOC,福島大学,教育学部,学校教育教員養成課程,総合型選抜（探究枠）,INQUIRY,志望系に関連する探究活動,探究活動経験,社会科・社会科教育の要素を含む探究活動を評価。授業・部活動・学校外活動も対象。,No,Yes,https://nyushi.adb.fukushima-u.ac.jp/recruitment/Files/2026/09/01_R9_sougou_yoko_1.pdf,2026-09-17
FUKU-2027-AO-EDU-INQ-MATH,福島大学,教育学部,学校教育教員養成課程,総合型選抜（探究枠）,INQUIRY,志望系に関連する探究活動,探究活動経験,算数・数学・算数数学教育の要素を含む探究活動を評価。授業・部活動・学校外活動も対象。,No,Yes,https://nyushi.adb.fukushima-u.ac.jp/recruitment/Files/2026/09/01_R9_sougou_yoko_1.pdf,2026-09-17
FUKU-2027-AO-EDU-INQ-SCI,福島大学,教育学部,学校教育教員養成課程,総合型選抜（探究枠）,INQUIRY,志望系に関連する探究活動,探究活動経験,理科・理科教育の要素を含む探究活動を評価。授業・部活動・学校外活動も対象。,No,Yes,https://nyushi.adb.fukushima-u.ac.jp/recruitment/Files/2026/09/01_R9_sougou_yoko_1.pdf,2026-09-17
FUKU-2027-AO-EDU-INQ-PE,福島大学,教育学部,学校教育教員養成課程,総合型選抜（探究枠）,INQUIRY,志望系に関連する探究活動,探究活動経験,保健体育・保健体育教育またはスポーツ活動の要素を含む探究活動を評価。授業・部活動・学校外活動も対象。,No,Yes,https://nyushi.adb.fukushima-u.ac.jp/recruitment/Files/2026/09/01_R9_sougou_yoko_1.pdf,2026-09-17
FUKU-2027-AO-EDU-INQ-PSYART,福島大学,教育学部,学校教育教員養成課程,総合型選抜（探究枠）,INQUIRY,志望系に関連する探究活動,探究活動経験,表現・アート・生活の要素を含む探究活動を評価。授業・部活動・学校外活動も対象。,No,Yes,https://nyushi.adb.fukushima-u.ac.jp/recruitment/Files/2026/09/01_R9_sougou_yoko_1.pdf,2026-09-17
FUKU-2027-AO-ENG-GEN,福島大学,理工学部,共生システム理工学科,総合型選抜,SCI_EXPLORATION_ALT,科学に関する探索的活動・学外発表/コンテスト,出願資格の代替ルート,高校在学中に科学に関する探索的活動に取り組み、出願時までに学外での発表・コンテスト参加等の経験を有する者。,Yes,Yes,https://nyushi.adb.fukushima-u.ac.jp/recruitment/Files/2026/09/01_R9_sougou_yoko_1.pdf,2026-09-17
FUKU-2027-AO-ENG-W,福島大学,理工学部,共生システム理工学科,総合型選抜,SCI_EXPLORATION_ALT,科学に関する探索的活動・学外発表/コンテスト,出願資格の代替ルート,高校在学中に科学に関する探索的活動に取り組み、出願時までに学外での発表・コンテスト参加等の経験を有する者。,Yes,Yes,https://nyushi.adb.fukushima-u.ac.jp/recruitment/Files/2026/09/01_R9_sougou_yoko_1.pdf,2026-09-17
TUFS-2027-REC-ISS-NWNAM,東京外国語大学,国際社会学部,国際社会学科,学校推薦型選抜,INTL_INQUIRY,国際的課題の探究学習／国際交流活動,特筆すべき成果,国際的な課題をテーマとする思考力を重視した探究的学習、又は国際交流活動に取り組み、特筆すべき成果を修めた者。,Yes,Yes,https://www.tufs.ac.jp/documents/admission/exam/01_2027_suisen_yoko_rev.pdf,2026-09-17
TUFS-2027-REC-ISS-CENTEU,東京外国語大学,国際社会学部,国際社会学科,学校推薦型選抜,INTL_INQUIRY,国際的課題の探究学習／国際交流活動,特筆すべき成果,国際的な課題をテーマとする思考力を重視した探究的学習、又は国際交流活動に取り組み、特筆すべき成果を修めた者。,Yes,Yes,https://www.tufs.ac.jp/documents/admission/exam/01_2027_suisen_yoko_rev.pdf,2026-09-17
TUFS-2027-REC-ISS-SWEU,東京外国語大学,国際社会学部,国際社会学科,学校推薦型選抜,INTL_INQUIRY,国際的課題の探究学習／国際交流活動,特筆すべき成果,国際的な課題をテーマとする思考力を重視した探究的学習、又は国際交流活動に取り組み、特筆すべき成果を修めた者。,Yes,Yes,https://www.tufs.ac.jp/documents/admission/exam/01_2027_suisen_yoko_rev.pdf,2026-09-17
TUFS-2027-REC-ISS-IBLAT,東京外国語大学,国際社会学部,国際社会学科,学校推薦型選抜,INTL_INQUIRY,国際的課題の探究学習／国際交流活動,特筆すべき成果,国際的な課題をテーマとする思考力を重視した探究的学習、又は国際交流活動に取り組み、特筆すべき成果を修めた者。,Yes,Yes,https://www.tufs.ac.jp/documents/admission/exam/01_2027_suisen_yoko_rev.pdf,2026-09-17
TUFS-2027-REC-ISS-RUSCA,東京外国語大学,国際社会学部,国際社会学科,学校推薦型選抜,INTL_INQUIRY,国際的課題の探究学習／国際交流活動,特筆すべき成果,国際的な課題をテーマとする思考力を重視した探究的学習、又は国際交流活動に取り組み、特筆すべき成果を修めた者。,Yes,Yes,https://www.tufs.ac.jp/documents/admission/exam/01_2027_suisen_yoko_rev.pdf,2026-09-17
TUFS-2027-REC-ISS-EASIA,東京外国語大学,国際社会学部,国際社会学科,学校推薦型選抜,INTL_INQUIRY,国際的課題の探究学習／国際交流活動,特筆すべき成果,国際的な課題をテーマとする思考力を重視した探究的学習、又は国際交流活動に取り組み、特筆すべき成果を修めた者。,Yes,Yes,https://www.tufs.ac.jp/documents/admission/exam/01_2027_suisen_yoko_rev.pdf,2026-09-17
TUFS-2027-REC-ISS-SEA1,東京外国語大学,国際社会学部,国際社会学科,学校推薦型選抜,INTL_INQUIRY,国際的課題の探究学習／国際交流活動,特筆すべき成果,国際的な課題をテーマとする思考力を重視した探究的学習、又は国際交流活動に取り組み、特筆すべき成果を修めた者。,Yes,Yes,https://www.tufs.ac.jp/documents/admission/exam/01_2027_suisen_yoko_rev.pdf,2026-09-17
TUFS-2027-REC-ISS-SEA2,東京外国語大学,国際社会学部,国際社会学科,学校推薦型選抜,INTL_INQUIRY,国際的課題の探究学習／国際交流活動,特筆すべき成果,国際的な課題をテーマとする思考力を重視した探究的学習、又は国際交流活動に取り組み、特筆すべき成果を修めた者。,Yes,Yes,https://www.tufs.ac.jp/documents/admission/exam/01_2027_suisen_yoko_rev.pdf,2026-09-17
TUFS-2027-REC-ISS-SASIA,東京外国語大学,国際社会学部,国際社会学科,学校推薦型選抜,INTL_INQUIRY,国際的課題の探究学習／国際交流活動,特筆すべき成果,国際的な課題をテーマとする思考力を重視した探究的学習、又は国際交流活動に取り組み、特筆すべき成果を修めた者。,Yes,Yes,https://www.tufs.ac.jp/documents/admission/exam/01_2027_suisen_yoko_rev.pdf,2026-09-17
TUFS-2027-REC-ISS-ME,東京外国語大学,国際社会学部,国際社会学科,学校推薦型選抜,INTL_INQUIRY,国際的課題の探究学習／国際交流活動,特筆すべき成果,国際的な課題をテーマとする思考力を重視した探究的学習、又は国際交流活動に取り組み、特筆すべき成果を修めた者。,Yes,Yes,https://www.tufs.ac.jp/documents/admission/exam/01_2027_suisen_yoko_rev.pdf,2026-09-17
TUFS-2027-REC-ISS-AFR,東京外国語大学,国際社会学部,国際社会学科,学校推薦型選抜,INTL_INQUIRY,国際的課題の探究学習／国際交流活動,特筆すべき成果,国際的な課題をテーマとする思考力を重視した探究的学習、又は国際交流活動に取り組み、特筆すべき成果を修めた者。,Yes,Yes,https://www.tufs.ac.jp/documents/admission/exam/01_2027_suisen_yoko_rev.pdf,2026-09-17
TUFS-2027-REC-ISS-OCE,東京外国語大学,国際社会学部,国際社会学科,学校推薦型選抜,INTL_INQUIRY,国際的課題の探究学習／国際交流活動,特筆すべき成果,国際的な課題をテーマとする思考力を重視した探究的学習、又は国際交流活動に取り組み、特筆すべき成果を修めた者。,Yes,Yes,https://www.tufs.ac.jp/documents/admission/exam/01_2027_suisen_yoko_rev.pdf,2026-09-17
TUFS-2027-REC-IJ,東京外国語大学,国際日本学部,国際日本学科,学校推薦型選抜,INTL_ACTIVITY,国際的課題・多文化課題の学習／国際交流活動,取組経験＋国際的素養,国際的課題をテーマとする探究的学習や国際交流活動に取り組み、コミュニケーション能力・問題解決力などの国際的素養を身に付けた者。,Yes,Yes,https://www.tufs.ac.jp/documents/admission/exam/01_2027_suisen_yoko_rev.pdf,2026-09-17
TUAT-2027-AO-SAIL-BIO,東京農工大学,工学部,生命工学科,総合型選抜（SAIL入試）,SAIL_ACTIVITY,学科指定分野の特別活動,主体的な活動経験＋レポート提出,自然科学に関する主体的な特別活動を行い、その成果・取組過程を特別活動レポートとして提出することが必須。,No,Yes,https://www.tuat.ac.jp/documents/tuat/admission/nyushi_gakubu/youkou/r9_sougougata_youkou.pdf,2026-09-18
TUAT-2027-AO-SAIL-BIOMED,東京農工大学,工学部,生体医用システム工学科,総合型選抜（SAIL入試）,SAIL_ACTIVITY,学科指定分野の特別活動,主体的な活動経験＋レポート提出,科学やものづくりに関する主体的な特別活動を行い、その成果・取組過程を特別活動レポートとして提出することが必須。,No,Yes,https://www.tuat.ac.jp/documents/tuat/admission/nyushi_gakubu/youkou/r9_sougougata_youkou.pdf,2026-09-18
TUAT-2027-AO-SAIL-CHEMPHYS,東京農工大学,工学部,化学物理工学科,総合型選抜（SAIL入試）,SAIL_ACTIVITY,学科指定分野の特別活動,主体的な活動経験＋レポート提出,自然科学に関する主体的な特別活動を行い、その成果・取組過程を特別活動レポートとして提出することが必須。,No,Yes,https://www.tuat.ac.jp/documents/tuat/admission/nyushi_gakubu/youkou/r9_sougougata_youkou.pdf,2026-09-18
TUAT-2027-AO-SAIL-MECH,東京農工大学,工学部,機械システム工学科,総合型選抜（SAIL入試）,SAIL_ACTIVITY,学科指定分野の特別活動,主体的な活動経験＋レポート提出,工学もしくは自然科学に関する主体的な特別活動を行い、その成果・取組過程を特別活動レポートとして提出することが必須。,No,Yes,https://www.tuat.ac.jp/documents/tuat/admission/nyushi_gakubu/youkou/r9_sougougata_youkou.pdf,2026-09-18
TUAT-2027-AO-SAIL-INFO,東京農工大学,工学部,知能情報システム工学科,総合型選抜（SAIL入試）,SAIL_ACTIVITY,学科指定分野の特別活動,主体的な活動経験＋レポート提出,情報工学や電気電子工学に関する主体的な特別活動を行い、その成果・取組過程を特別活動レポートとして提出することが必須。,No,Yes,https://www.tuat.ac.jp/documents/tuat/admission/nyushi_gakubu/youkou/r9_sougougata_youkou.pdf,2026-09-18
GEIDAI-2027-SSP-PIANO,東京藝術大学,音楽学部,器楽科 ピアノ専攻,音楽学部SSP（Special Soloist Program）［飛び入学］,INTL_COMPETITION_OR_EQUIV,国際的に著名なコンクール等,入賞経験又は同等の能力,専攻実技に関して優れた資質を有し、その探求を志す者で、国際的に著名なコンクール等での入賞経験、又はそれと同等の能力を持つこと。,Yes,Optional,https://admissions.geidai.ac.jp/wp/wp-content/uploads/2026/07/efe1dbcd7485831328896eb010a5724b.pdf,2026-09-18
GEIDAI-2027-SSP-STR,東京藝術大学,音楽学部,器楽科 弦楽専攻,音楽学部SSP（Special Soloist Program）［飛び入学］,INTL_COMPETITION_OR_EQUIV,国際的に著名なコンクール等,入賞経験又は同等の能力,専攻実技に関して優れた資質を有し、その探求を志す者で、国際的に著名なコンクール等での入賞経験、又はそれと同等の能力を持つこと。,Yes,Optional,https://admissions.geidai.ac.jp/wp/wp-content/uploads/2026/07/efe1dbcd7485831328896eb010a5724b.pdf,2026-09-18
GEIDAI-2027-SSP-WIND,東京藝術大学,音楽学部,器楽科 管打楽専攻,音楽学部SSP（Special Soloist Program）［飛び入学］,INTL_COMPETITION_OR_EQUIV,国際的に著名なコンクール等,入賞経験又は同等の能力,専攻実技に関して優れた資質を有し、その探求を志す者で、国際的に著名なコンクール等での入賞経験、又はそれと同等の能力を持つこと。,Yes,Optional,https://admissions.geidai.ac.jp/wp/wp-content/uploads/2026/07/efe1dbcd7485831328896eb010a5724b.pdf,2026-09-18
OCHA-2027-AO-NUTRI,お茶の水女子大学,生活科学部,食物栄養学科,総合型選抜（新フンボルト入試）,SELF_RESEARCH_POSTER,食物栄養学に関連する自主研究,自主研究実施＋ポスター提出・発表,食物栄養学に関連した自主研究のポスターを出願時に提出し、第2次選考で発表・質疑応答を行う。,No,Yes,https://www.ao.ocha.ac.jp/application/faculty/body/application_faculty_d/fil/R9sougou.pdf,2026-09-18
UEC-2027-AO-I,電気通信大学,情報理工学域,Ⅰ類（情報系）,総合型選抜,ACTIVITY_REPORT,類指定の活動実績・研究活動,必須活動報告＋PR動画,情報技術に関する特別活動・制作物・解析等,No,Yes,https://www.uec.ac.jp/education/undergraduate/admission/pdf/2027sougou.pdf,2026-09-18
UEC-2027-AO-II,電気通信大学,情報理工学域,Ⅱ類（融合系）,総合型選抜,ACTIVITY_REPORT,類指定の活動実績・研究活動,必須活動実績一覧＋PR動画,スクール/セミナー・科学技術コンテスト・研究発表・資格等,No,Yes,https://www.uec.ac.jp/education/undergraduate/admission/pdf/2027sougou.pdf,2026-09-18
UEC-2027-AO-III,電気通信大学,情報理工学域,Ⅲ類（理工系）,総合型選抜,ACTIVITY_REPORT,類指定の活動実績・研究活動,必須活動実績＋研究内容報告,科学系活動実績＋高校等での代表的な理工学研究,No,Yes,https://www.uec.ac.jp/education/undergraduate/admission/pdf/2027sougou.pdf,2026-09-18
HIT-2027-REC-COM,一橋大学,商学部,経営学科・商学科,学校推薦型選抜,JMO,日本数学オリンピック,Aランク又はBランク上位,第36回は6点、第35回は5点以上。過年度は大学へ確認。,Yes,Yes,https://juken.hit-u.ac.jp/admission/info/guidelines/files/R9senbatsu.pdf,2026-09-18
HIT-2027-REC-COM,一橋大学,商学部,経営学科・商学科,学校推薦型選抜,APIT,応用情報技術者試験,合格,旧ソフトウェア開発技術者試験を含む。,Yes,Yes,https://juken.hit-u.ac.jp/admission/info/guidelines/files/R9senbatsu.pdf,2026-09-18
HIT-2027-REC-COM,一橋大学,商学部,経営学科・商学科,学校推薦型選抜,BOOK1,日商簿記検定,1級,日商簿記検定1級取得。,Yes,Yes,https://juken.hit-u.ac.jp/admission/info/guidelines/files/R9senbatsu.pdf,2026-09-18
HIT-2027-REC-ECON,一橋大学,経済学部,経済学科,学校推薦型選抜,JMO,日本数学オリンピック,Aランク又はBランク上位,第36回は6点、第35回は5点以上。過年度は大学へ確認。,Yes,Yes,https://juken.hit-u.ac.jp/admission/info/guidelines/files/R9senbatsu.pdf,2026-09-18
HIT-2027-REC-LAW,一橋大学,法学部,法律学科,学校推薦型選抜,JMO,日本数学オリンピック,Aランク又はBランク上位,第36回は6点、第35回は5点以上。過年度は大学へ確認。,Yes,Yes,https://juken.hit-u.ac.jp/admission/info/guidelines/files/R9senbatsu.pdf,2026-09-18
HIT-2027-REC-SOC,一橋大学,社会学部,社会学科,学校推薦型選抜,JMO,日本数学オリンピック,Aランク又はBランク上位,第36回・第35回は5点以上。過年度は大学へ確認。,Yes,Yes,https://juken.hit-u.ac.jp/admission/info/guidelines/files/R9senbatsu.pdf,2026-09-18
HIT-2027-REC-SOC,一橋大学,社会学部,社会学科,学校推薦型選抜,APIT,応用情報技術者試験,合格,旧ソフトウェア開発技術者試験を含む。,Yes,Yes,https://juken.hit-u.ac.jp/admission/info/guidelines/files/R9senbatsu.pdf,2026-09-18
HIT-2027-REC-SDS,一橋大学,ソーシャル・データサイエンス学部,ソーシャル・データサイエンス学科,学校推薦型選抜,JMO,日本数学オリンピック,Aランク又はBランク上位,第36回は6点、第35回は5点以上。過年度は大学へ確認。,Yes,Yes,https://juken.hit-u.ac.jp/admission/info/guidelines/files/R9senbatsu.pdf,2026-09-18
HIT-2027-REC-SDS,一橋大学,ソーシャル・データサイエンス学部,ソーシャル・データサイエンス学科,学校推薦型選抜,APIT,応用情報技術者試験,合格,旧ソフトウェア開発技術者試験を含む。,Yes,Yes,https://juken.hit-u.ac.jp/admission/info/guidelines/files/R9senbatsu.pdf,2026-09-18
HIT-2027-REC-SDS,一橋大学,ソーシャル・データサイエンス学部,ソーシャル・データサイエンス学科,学校推薦型選抜,JOI,日本情報オリンピック,予選Aランク,日本情報オリンピック予選Aランク取得者。,Yes,Yes,https://juken.hit-u.ac.jp/admission/info/guidelines/files/R9senbatsu.pdf,2026-09-18
HIT-2027-REC-SDS,一橋大学,ソーシャル・データサイエンス学部,ソーシャル・データサイエンス学科,学校推薦型選抜,STAT,統計検定,2級A評価以上又は1級統計数理,統計検定2級にA評価以上で合格、又は1級の『統計数理』に合格。,Yes,Yes,https://juken.hit-u.ac.jp/admission/info/guidelines/files/R9senbatsu.pdf,2026-09-18
HIT-2027-REC-SDS,一橋大学,ソーシャル・データサイエンス学部,ソーシャル・データサイエンス学科,学校推薦型選抜,IB,国際バカロレア資格,所定期日までに授与,2025年3月31日までに国際バカロレア資格を授与。,Yes,Yes,https://juken.hit-u.ac.jp/admission/info/guidelines/files/R9senbatsu.pdf,2026-09-18
IBR-2027-AO-MIRAI,茨城大学,地域未来共創学環,地域未来共創学環,総合型選抜,ACTIVITY_EXPERIENCE,社会・地域活動又はデータ分析・活用,主体的な活動経験,社会や地域と関わる活動、又はデータの分析や活用のいずれかの主体的活動経験が必須。,Yes,Yes,https://www.ibaraki.ac.jp/admission/uploads/2026/08/sougou2026.pdf,2026-09-18
IBR-2027-REC-EDU-PE,茨城大学,教育学部,学校教育教員養成課程 教科教育コース 保健体育教育系 保健体育選修,学校推薦型選抜,ATHLETIC,運動競技実績,全国大会又はブロック大会等の所定実績,志願者本人の競技実績を要し、マネージャー等のサポートスタッフとしての貢献は運動特技に含まない。,No,Yes,https://www.ibaraki.ac.jp/admission/uploads/2026/07/R9senbatuyoko.pdf,2026-09-18
IBR-2027-REC-SCI-MATHINFO,茨城大学,理学部,理学科 数学・情報数理コース,学校推薦型選抜,NATSCI_EXP,自然科学の調査・研究・発表等,評定基準の代替となる特記すべき経験,SSH等を含む自然科学の調査・研究、発表、課外活動等の特記すべき経験により、所定評定基準の代替ルートで出願可能。,Yes,Yes,https://www.ibaraki.ac.jp/admission/uploads/2026/07/R9senbatuyoko.pdf,2026-09-18
IBR-2027-REC-SCI-PHYS,茨城大学,理学部,理学科 物理学コース,学校推薦型選抜,NATSCI_EXP,自然科学の調査・研究・発表等,評定基準の代替となる特記すべき経験,SSH等を含む自然科学の調査・研究、発表、課外活動等の特記すべき経験により、所定評定基準の代替ルートで出願可能。,Yes,Yes,https://www.ibaraki.ac.jp/admission/uploads/2026/07/R9senbatuyoko.pdf,2026-09-18
IBR-2027-REC-SCI-CHEM,茨城大学,理学部,理学科 化学コース,学校推薦型選抜,NATSCI_EXP,自然科学の調査・研究・発表等,評定基準の代替となる特記すべき経験,SSH等を含む自然科学の調査・研究、発表、課外活動等の特記すべき経験により、所定評定基準の代替ルートで出願可能。,Yes,Yes,https://www.ibaraki.ac.jp/admission/uploads/2026/07/R9senbatuyoko.pdf,2026-09-18
IBR-2027-REC-SCI-BIO,茨城大学,理学部,理学科 生物科学コース,学校推薦型選抜,NATSCI_EXP,自然科学の調査・研究・発表等,評定基準の代替となる特記すべき経験,SSH等を含む自然科学の調査・研究、発表、課外活動等の特記すべき経験により、所定評定基準の代替ルートで出願可能。,Yes,Yes,https://www.ibaraki.ac.jp/admission/uploads/2026/07/R9senbatuyoko.pdf,2026-09-18
IBR-2027-REC-SCI-EARTH,茨城大学,理学部,理学科 地球環境科学コース,学校推薦型選抜,NATSCI_EXP,自然科学の調査・研究・発表等,評定基準の代替となる特記すべき経験,SSH等を含む自然科学の調査・研究、発表、課外活動等の特記すべき経験により、所定評定基準の代替ルートで出願可能。,Yes,Yes,https://www.ibaraki.ac.jp/admission/uploads/2026/07/R9senbatuyoko.pdf,2026-09-18
TSU-2027-RES-01,筑波大学,医学群,医学類,研究型人材入試,HIGH_RESEARCH_ACHIEVEMENT,高度な自然科学研究成果,指定大会・研究成果のいずれか,日本学生科学賞中央最終審査、JSEC最終審査、科学の芽賞、国際科学オリンピック所定成績＋研究、科学の甲子園全国大会＋研究、査読等を含む優れた学術論文、又は同等以上の優れた理系研究。,Yes,Yes,https://ac.tsukuba.ac.jp/wp/wp-content/uploads/2026/06/4f630c08cdcc5dd17cd18e82b4e601aa.pdf,2026-09-18
UTSU-2027-AO-SP-CHEM,宇都宮大学,工学部,基盤工学科 化学系,総合型選抜A（特別・未来デザイン型）,GSC_COMPLETION,iP-Uを含むGSC事業・後継事業／次世代科学技術チャレンジプログラム,第一段階修了,対象の高校生科学人材育成プログラムの第一段階修了者であることが出願資格。,Yes,Yes,https://admission.utsunomiya-u.ac.jp/docs/R9_sougouA.pdf,2026-09-18
UTSU-2027-AO-SP-MECHINFO,宇都宮大学,工学部,基盤工学科 機械・情報電子系,総合型選抜A（特別・未来デザイン型）,GSC_COMPLETION,iP-Uを含むGSC事業・後継事業／次世代科学技術チャレンジプログラム,第一段階修了,対象の高校生科学人材育成プログラムの第一段階修了者であることが出願資格。,Yes,Yes,https://admission.utsunomiya-u.ac.jp/docs/R9_sougouA.pdf,2026-09-18
UTSU-2027-AO-SP-FOOD,宇都宮大学,農学部,フロンティア食品科学科,総合型選抜A（特別・未来デザイン型）,GSC_COMPLETION,iP-Uを含むGSC事業・後継事業／次世代科学技術チャレンジプログラム,第一段階修了,対象の高校生科学人材育成プログラムの第一段階修了者であることが出願資格。,Yes,Yes,https://admission.utsunomiya-u.ac.jp/docs/R9_sougouA.pdf,2026-09-18
UTSU-2027-AO-SP-BIOINNOV,宇都宮大学,農学部,生物生産イノベーション科学科,総合型選抜A（特別・未来デザイン型）,GSC_COMPLETION,iP-Uを含むGSC事業・後継事業／次世代科学技術チャレンジプログラム,第一段階修了,対象の高校生科学人材育成プログラムの第一段階修了者であることが出願資格。,Yes,Yes,https://admission.utsunomiya-u.ac.jp/docs/R9_sougouA.pdf,2026-09-18
UTSU-2027-AO-SP-ENV,宇都宮大学,農学部,環境システム科学科,総合型選抜A（特別・未来デザイン型）,GSC_COMPLETION,iP-Uを含むGSC事業・後継事業／次世代科学技術チャレンジプログラム,第一段階修了,対象の高校生科学人材育成プログラムの第一段階修了者であることが出願資格。,Yes,Yes,https://admission.utsunomiya-u.ac.jp/docs/R9_sougouA.pdf,2026-09-18
UTSU-2027-AO-SP-ECO,宇都宮大学,農学部,エコロジカル社会経済学科,総合型選抜A（特別・未来デザイン型）,GSC_COMPLETION,iP-Uを含むGSC事業・後継事業／次世代科学技術チャレンジプログラム,第一段階修了,対象の高校生科学人材育成プログラムの第一段階修了者であることが出願資格。,Yes,Yes,https://admission.utsunomiya-u.ac.jp/docs/R9_sougouA.pdf,2026-09-18
GUNMA-2027-AO-ITFL-INF,群馬大学,情報学部,情報学科,総合型選抜〈iTFL特別選抜〉,A,情報系・科学技術系コンテスト等（官公庁、自治体、研究会、大学、企業等主催）,参加歴又は入賞歴,情報系・科学技術系コンテスト等への参加歴又は入賞歴を出願資格として扱う。,Yes,Yes,https://www.gunma-u.ac.jp/wp-content/uploads/2026/07/2027sougougatai.pdf,2026-09-18
GUNMA-2027-AO-ITFL-EM,群馬大学,理工学部,電子・機械類,総合型選抜〈iTFL特別選抜〉,A,情報系・科学技術系コンテスト等（官公庁、自治体、研究会、大学、企業等主催）,参加歴又は入賞歴,情報系・科学技術系コンテスト等への参加歴又は入賞歴を出願資格として扱う。,Yes,Yes,https://www.gunma-u.ac.jp/wp-content/uploads/2026/07/2027sougougatai.pdf,2026-09-18
CHIBA-2027-AO-SCI-PHY,千葉大学,理学部,物理学科,総合型選抜,A,全国物理コンテスト物理チャレンジ 第1チャレンジ,参加,令和3年度以降に開催された第1チャレンジに参加した者。,No,Yes,https://www.s.chiba-u.ac.jp/admission/files/r09_s_senbatu.pdf,2026-09-18
CHIBA-2027-AO-ENG-MAT-I,千葉大学,工学部,総合工学科 物質科学コース,総合型選抜 物質科学コース方式I,A,理科に関する研究活動,主体的に実施,高校在学中に理科に関する実験・調査活動等を通じて主体的な自由研究を実施。,No,Yes,https://www.f-eng.chiba-u.jp/admission/R09_sogo-guide(designP6).pdf,2026-09-18
CHIBA-2027-AO-ENG-MAT-II,千葉大学,工学部,総合工学科 物質科学コース,総合型選抜 物質科学コース方式II,A,著名な国際科学コンクール等,日本代表又は同等,個人研究で著名な国際科学コンクールの日本代表又はそれに準ずる成績。,No,Yes,https://www.f-eng.chiba-u.jp/admission/R09_sogo-guide(designP6).pdf,2026-09-18
CHIBA-2027-AO-HORT-HORT,千葉大学,園芸学部,園芸学科,総合型選抜,A,理科研究／科学技術・園芸技術に係る研究発表会・コンテスト・セミナー・社会活動等,参加,高校在学中に対象活動へ参加していること。千葉大学主催セミナー・AP基礎力養成講座等も含む。,Yes,Yes,https://www.h.chiba-u.jp/admission/1-1.R9_sougougata_bosyu.pdf,2026-09-18
CHIBA-2027-AO-HORT-BIOCHEM,千葉大学,園芸学部,応用生命化学科,総合型選抜,A,理科研究／科学技術・園芸技術に係る研究発表会・コンテスト・セミナー・社会活動等,参加,高校在学中に対象活動へ参加していること。千葉大学主催セミナー・AP基礎力養成講座等も含む。,Yes,Yes,https://www.h.chiba-u.jp/admission/1-1.R9_sougougata_bosyu.pdf,2026-09-18
CHIBA-2027-AO-HORT-LAND,千葉大学,園芸学部,緑地環境学科,総合型選抜,A,理科研究／科学技術・園芸技術に係る研究発表会・コンテスト・セミナー・社会活動等,参加,高校在学中に対象活動へ参加していること。千葉大学主催セミナー・AP基礎力養成講座等も含む。,Yes,Yes,https://www.h.chiba-u.jp/admission/1-1.R9_sougougata_bosyu.pdf,2026-09-18
NU-2027-AO-SCI,新潟大学,理学部,理学科,総合型選抜,NU-SCI-AO-RESEARCH,高等学校等の正課外での数学又は理科をテーマとした研究活動,研究成果を学校内外いずれかで発表,数学又は理科をテーマとした研究活動に主体的に取り組み、学校内外いずれかで成果発表（インターネットを通じた発表を含む）を行った経験。,No,Yes,https://www.niigata-u.ac.jp/wp-content/uploads/2026/07/aoyoukou.pdf,2026-09-18
SHIN-2027-AO2-SCI-BIO,信州大学,理学部,理学科 生物学コース,総合型選抜Ⅱ,SHIN-SCI-BIO-INQUIRY,生物に関する探究活動,経験,高等学校の授業、課外活動や学校外での活動などで、生物に関する探究活動の経験を有すること。,No,Yes,https://www.shinshu-u.ac.jp/ad_portal/selection/uploads/R09gakuseiboshuyoko_sougousuisen.pdf,2026-09-18
MIE-2027-AO-MED,三重大学,医学部,医学科,総合Ⅱ,MIE-MED-AO-ACTIVITY,国際科学オリンピック等／三重ジュニアドクター育成塾／校外地域社会活動等,指定実績・資格のいずれか,国際科学オリンピック日本代表又は所定の最終選考等（日本数学オリンピック本選、化学グランプリ二次選考、日本生物学オリンピック本選、物理チャレンジ第2チャレンジ、日本地学オリンピック本選）、三重ジュニアドクター育成塾修了、校外地域社会活動の表彰・証明可能な実績、英検1級のいずれか。,Yes,Yes,https://www.mie-u.ac.jp/exam/20260730%20%EF%BC%88%E8%A8%82%E6%AD%A3%E7%AE%87%E6%89%80%E8%A8%98%E8%BC%89%E7%89%88%EF%BC%89%E4%BB%A4%E5%92%8C9%E5%B9%B4%E5%BA%A6%E7%B7%8F%E5%90%88%E5%9E%8B%E9%81%B8%E6%8A%9C%E5%8B%9F%E9%9B%86%E8%A6%81%E9%A0%85.pdf,2026-09-18
MIE-2027-REC-ENG-FEMALE,三重大学,工学部,総合工学科 電子情報工学コース,推薦Ⅰ-女子特別推薦,MIE-ENG-FEMALE-SCIENCE-ACTIVITY,SSH又は先進的な科学技術等の課外活動,SSH指定校卒業（見込み）又は課外活動へ積極的に取り組む,SSH指定校を卒業若しくは卒業見込み、又は先進的な科学技術等の課外活動に積極的に取り組んでいること。,Yes,Yes,https://www.mie-u.ac.jp/exam/R9suisenbosyuuyoukou.pdf,2026-09-18
SHIGA-2027-AO-DS2,滋賀大学,データサイエンス学部,データサイエンス学科,総合型選抜Ⅱ【実績評価型】,SHIGA-DS-AO2-ACHIEVEMENT,全国規模等のデータ分析・プログラミングコンペ／研究発表等,参加実績等を実績報告レポートで提出,実績報告レポート必須。募集要項では統計グラフ全国コンクール、地方創生☆政策アイデアコンテスト、データビジネス創造コンテスト、SSH成果発表会、マスフェスタ、スポーツデータ解析コンペティション、情報学研究コンテスト等が例示され、その他の全国規模・国際的な活動も対象となり得る。,Yes,Yes,https://www.shiga-u.ac.jp/wp/wp-content/uploads/R9sougou.pdf,2026-09-18
KU-2027-TOK-05,京都大学,経済学部,文系,特色入試,KYOTO_RESEARCH_ACTIVITY,課外活動・課題研究,顕著なリーダーシップ・課題発見/解決力,課外活動（論文・ディベートコンテスト等を含む）や授業科目の一環の課題研究で、顕著なリーダーシップや課題発見・解決力を示した者。,No,Yes,https://www.kyoto-u.ac.jp/sites/default/files/inline-files/tokushokubosyuyokoR9_all-f569224441815e266daff2544e136cc1.pdf,2026-09-18
KU-2027-TOK-06,京都大学,経済学部,理系,特色入試,KYOTO_RESEARCH_ACTIVITY,科学活動・課題研究または理数科目成績,顕著な実績または極めて優れた学業成績,科学に関する課外活動・課題研究で顕著な実績、または数学・物理・化学・生物の少なくとも1科目で極めて優れた成績。,Yes,Yes,https://www.kyoto-u.ac.jp/sites/default/files/inline-files/tokushokubosyuyokoR9_all-f569224441815e266daff2544e136cc1.pdf,2026-09-18
KU-2027-TOK-17,京都大学,工学部,地球工学科（一般枠）,特色入試,KYOTO_RESEARCH_ACTIVITY,科学活動・課題研究または理数科目成績,顕著な実績または極めて優れた学業成績,科学に関する課外活動・課題研究の顕著な実績、または指定理数科目の極めて優れた学業成績を求める。,Yes,Yes,https://www.kyoto-u.ac.jp/sites/default/files/inline-files/tokushokubosyuyokoR9_all-f569224441815e266daff2544e136cc1.pdf,2026-09-18
KU-2027-TOK-18,京都大学,工学部,地球工学科（女性募集枠）,特色入試,KYOTO_RESEARCH_ACTIVITY,科学活動・課題研究または理数科目成績,顕著な実績または極めて優れた学業成績,科学に関する課外活動・課題研究の顕著な実績、または指定理数科目の極めて優れた学業成績を求める。,Yes,Yes,https://www.kyoto-u.ac.jp/sites/default/files/inline-files/tokushokubosyuyokoR9_all-f569224441815e266daff2544e136cc1.pdf,2026-09-18
KU-2027-TOK-19,京都大学,工学部,建築学科,特色入試,KYOTO_RESEARCH_ACTIVITY,科学・芸術等の活動・課題研究,顕著な実績,科学・芸術等に関する課外活動や授業科目の一環として実施した課題研究等で顕著な実績を求める。,No,Yes,https://www.kyoto-u.ac.jp/sites/default/files/inline-files/tokushokubosyuyokoR9_all-f569224441815e266daff2544e136cc1.pdf,2026-09-18
KU-2027-TOK-20,京都大学,工学部,物理工学科（一般枠）,特色入試,KYOTO_RESEARCH_ACTIVITY,科学活動・課題研究,顕著な実績,科学に関する課外活動や授業科目の一環として実施した課題研究で顕著な実績を求める。,No,Yes,https://www.kyoto-u.ac.jp/sites/default/files/inline-files/tokushokubosyuyokoR9_all-f569224441815e266daff2544e136cc1.pdf,2026-09-18
KU-2027-TOK-21,京都大学,工学部,物理工学科（女性募集枠）,特色入試,KYOTO_RESEARCH_ACTIVITY,科学活動・課題研究,顕著な実績,科学に関する課外活動や授業科目の一環として実施した課題研究で顕著な実績を求める。,No,Yes,https://www.kyoto-u.ac.jp/sites/default/files/inline-files/tokushokubosyuyokoR9_all-f569224441815e266daff2544e136cc1.pdf,2026-09-18
KU-2027-TOK-22,京都大学,工学部,電気電子工学科（一般枠）,特色入試,KYOTO_RESEARCH_ACTIVITY,科学活動・課題研究,顕著な実績,科学に関する課外活動や授業科目の一環として実施した課題研究で顕著な実績を求める。,No,Yes,https://www.kyoto-u.ac.jp/sites/default/files/inline-files/tokushokubosyuyokoR9_all-f569224441815e266daff2544e136cc1.pdf,2026-09-18
KU-2027-TOK-23,京都大学,工学部,電気電子工学科（女性募集枠）,特色入試,KYOTO_RESEARCH_ACTIVITY,科学活動・課題研究,顕著な実績,科学に関する課外活動や授業科目の一環として実施した課題研究で顕著な実績を求める。,No,Yes,https://www.kyoto-u.ac.jp/sites/default/files/inline-files/tokushokubosyuyokoR9_all-f569224441815e266daff2544e136cc1.pdf,2026-09-18
KU-2027-TOK-24,京都大学,工学部,情報学科（一般枠）,特色入試,KYOTO_RESEARCH_ACTIVITY,科学・情報分野の活動・課題研究,顕著な実績,科学・情報分野に関する課外活動や課題研究で顕著な実績を求める。,No,Yes,https://www.kyoto-u.ac.jp/sites/default/files/inline-files/tokushokubosyuyokoR9_all-f569224441815e266daff2544e136cc1.pdf,2026-09-18
KU-2027-TOK-25,京都大学,工学部,情報学科（女性募集枠）,特色入試,KYOTO_RESEARCH_ACTIVITY,情報学分野の学習・探究,顕著または優秀な成績,情報学分野における学習と探究に強い意欲を有し、課題研究で顕著または優秀な成績を修めた者。,No,Yes,https://www.kyoto-u.ac.jp/sites/default/files/inline-files/tokushokubosyuyokoR9_all-f569224441815e266daff2544e136cc1.pdf,2026-09-18
KU-2027-TOK-26,京都大学,工学部,理工化学科（一般枠）,特色入試,KYOTO_RESEARCH_ACTIVITY,科学活動・課題研究,顕著な実績,科学に関する課外活動や授業科目の一環として実施した課題研究で顕著な実績を求める。,No,Yes,https://www.kyoto-u.ac.jp/sites/default/files/inline-files/tokushokubosyuyokoR9_all-f569224441815e266daff2544e136cc1.pdf,2026-09-18
KU-2027-TOK-27,京都大学,工学部,理工化学科（女性募集枠）,特色入試,KYOTO_RESEARCH_ACTIVITY,科学活動・課題研究,顕著な実績,科学に関する課外活動や授業科目の一環として実施した課題研究で顕著な実績を求める。,No,Yes,https://www.kyoto-u.ac.jp/sites/default/files/inline-files/tokushokubosyuyokoR9_all-f569224441815e266daff2544e136cc1.pdf,2026-09-18
OU-2027-C-06,大阪大学,理学部,化学科・生物科学科,総合型選抜（研究奨励型）,OU-SCI-R01,SSH生徒研究発表会,出場,スーパーサイエンスハイスクール生徒研究発表会への出場。化学科・生物科学科で利用可。,Yes,Yes,https://www.nyusi.icho.osaka-u.ac.jp/up/pdf/R9sougougakusui_bosyuyoukou.pdf,2026-09-18
OU-2027-C-06,大阪大学,理学部,化学科・生物科学科,総合型選抜（研究奨励型）,OU-SCI-R02,日本学生科学賞,入選または中央最終審査会進出,日本学生科学賞で入選、または中央最終審査会へ進出。化学科・生物科学科で利用可。,Yes,Yes,https://www.nyusi.icho.osaka-u.ac.jp/up/pdf/R9sougougakusui_bosyuyoukou.pdf,2026-09-18
OU-2027-C-06,大阪大学,理学部,化学科・生物科学科,総合型選抜（研究奨励型）,OU-SCI-R03,JSEC（高校生・高専生科学技術チャレンジ）,最終審査会出場,JSECの最終審査会に出場。化学科・生物科学科で利用可。,Yes,Yes,https://www.nyusi.icho.osaka-u.ac.jp/up/pdf/R9sougougakusui_bosyuyoukou.pdf,2026-09-18
OU-2027-C-06,大阪大学,理学部,化学科・生物科学科,総合型選抜（研究奨励型）,OU-SCI-R04,学術研究団体主催の学会,研究発表,日本学術会議協力学術研究団体主催の学会で研究発表。化学科では日本化学会を指定。,Yes,Yes,https://www.nyusi.icho.osaka-u.ac.jp/up/pdf/R9sougougakusui_bosyuyoukou.pdf,2026-09-18
OU-2027-C-06,大阪大学,理学部,化学科・生物科学科,総合型選抜（研究奨励型）,OU-SCI-R05,GSC全国受講生研究発表会 / STELLAサイエンスカンファレンス,出場,GSC全国受講生研究発表会またはSTELLAサイエンスカンファレンスへの出場。,Yes,Yes,https://www.nyusi.icho.osaka-u.ac.jp/up/pdf/R9sougougakusui_bosyuyoukou.pdf,2026-09-18
OU-2027-C-06,大阪大学,理学部,化学科・生物科学科,総合型選抜（研究奨励型）,OU-SCI-R06,高校化学グランドコンテスト,出場,高校化学グランドコンテストへの出場。,Yes,Yes,https://www.nyusi.icho.osaka-u.ac.jp/up/pdf/R9sougougakusui_bosyuyoukou.pdf,2026-09-18
OU-2027-C-06,大阪大学,理学部,化学科・生物科学科,総合型選抜（研究奨励型）,OU-SCI-R07,大阪大学SEEDS,実感コース修了,大阪大学SEEDSプログラムの実感コースを修了。,Yes,Yes,https://www.nyusi.icho.osaka-u.ac.jp/up/pdf/R9sougougakusui_bosyuyoukou.pdf,2026-09-18
OU-2027-C-06,大阪大学,理学部,化学科・生物科学科,総合型選抜（研究奨励型）,OU-SCI-R08,数学・自然科学分野の自主研究・課題研究,優れた研究実績,生物科学科のみ。数学・物理・化学・生物・地学等の優れた自主研究または課題研究の実績。,Yes,Yes,https://www.nyusi.icho.osaka-u.ac.jp/up/pdf/R9sougougakusui_bosyuyoukou.pdf,2026-09-18
KU-2027-SHI-02,神戸大学,国際人間科学部,環境共生学科,「志」特別選抜,KOBE-ENV-01,理数系の課題研究・自然科学的／数理科学的研究活動,いずれか1つ以上,高等学校等において理数系の課題研究、自然科学的又は数理科学的な研究活動に取り組んだ者。,Yes,Yes,https://www.office.kobe-u.ac.jp/stdnt-examinavi/wp-content/uploads/2026/06/2027kokorozashi_bosyuyoukou.pdf,2026-09-18
KU-2027-SHI-02,神戸大学,国際人間科学部,環境共生学科,「志」特別選抜,KOBE-ENV-02,国際レベル又は日本全国レベルの学会・科学コンクール等,受賞,国際レベル又は日本全国レベルの学会・科学コンクール等で受賞した者。,Yes,Yes,https://www.office.kobe-u.ac.jp/stdnt-examinavi/wp-content/uploads/2026/06/2027kokorozashi_bosyuyoukou.pdf,2026-09-18
KU-2027-SHI-02,神戸大学,国際人間科学部,環境共生学科,「志」特別選抜,KOBE-ENV-03,学術雑誌等,研究論文の発表,学術雑誌等に研究論文を発表した者。,Yes,Yes,https://www.office.kobe-u.ac.jp/stdnt-examinavi/wp-content/uploads/2026/06/2027kokorozashi_bosyuyoukou.pdf,2026-09-18
HIROSHIMA-2027-002,広島大学,総合科学部,総合科学科,光り輝き入試 総合型選抜Ⅰ型,SCI-RESEARCH,高校等での科学研究活動・研究成果,募集要項記載条件を満たすこと,高校等における科学研究活動・研究成果を評価対象とする。,Yes,Yes,https://www.hiroshima-u.ac.jp/system/files/300078/00_R9_1_2gata_youkou20260903.pdf,2026-09-18
HIROSHIMA-2027-030,広島大学,理学部,地球惑星システム学科,光り輝き入試 総合型選抜Ⅱ型,JEO,日本地学オリンピック,募集要項記載条件を満たすこと,日本地学オリンピックの実績を利用する選抜方式。,Yes,Yes,https://www.hiroshima-u.ac.jp/system/files/300078/00_R9_1_2gata_youkou20260903.pdf,2026-09-18
HIROSHIMA-2027-052,広島大学,情報科学部,情報科学科,光り輝き入試 学校推薦型選抜Ⅰ型,SC,広島大学情報科学部サマーキャンプ等,募集要項記載条件を満たすこと,情報科学部が実施するサマーキャンプ等の所定プログラム修了。,Yes,Yes,https://www.hiroshima-u.ac.jp/system/files/297560/00_R9_gakkousuisen_jouhou_youkou.pdf,2026-09-18
HIROSHIMA-2027-052,広島大学,情報科学部,情報科学科,光り輝き入試 学校推薦型選抜Ⅰ型,JST,JST グローバルサイエンスキャンパス／次世代科学技術チャレンジプログラム,募集要項記載条件を満たすこと,募集要項が定める所定段階の修了。,Yes,Yes,https://www.hiroshima-u.ac.jp/system/files/297560/00_R9_gakkousuisen_jouhou_youkou.pdf,2026-09-18
HIROSHIMA-2027-052,広島大学,情報科学部,情報科学科,光り輝き入試 学校推薦型選抜Ⅰ型,OLY,日本情報オリンピック／日本数学オリンピック,募集要項記載条件を満たすこと,募集要項が定める大会実績等を満たすこと。,Yes,Yes,https://www.hiroshima-u.ac.jp/system/files/297560/00_R9_gakkousuisen_jouhou_youkou.pdf,2026-09-18
HIROSHIMA-2027-052,広島大学,情報科学部,情報科学科,光り輝き入試 学校推薦型選抜Ⅰ型,PROG,U-22プログラミング・コンテスト等,募集要項記載条件を満たすこと,募集要項記載の関連コンテスト・活動実績を満たすこと。,Yes,Yes,https://www.hiroshima-u.ac.jp/system/files/297560/00_R9_gakkousuisen_jouhou_youkou.pdf,2026-09-18
HIROSHIMA-2027-053,広島大学,情報科学部,情報科学科,光り輝き入試 学校推薦型選抜Ⅰ型,SC,広島大学情報科学部サマーキャンプ等,募集要項記載条件を満たすこと,情報科学部が実施するサマーキャンプ等の所定プログラム修了。,Yes,Yes,https://www.hiroshima-u.ac.jp/system/files/297560/00_R9_gakkousuisen_jouhou_youkou.pdf,2026-09-18
HIROSHIMA-2027-053,広島大学,情報科学部,情報科学科,光り輝き入試 学校推薦型選抜Ⅰ型,JST,JST グローバルサイエンスキャンパス／次世代科学技術チャレンジプログラム,募集要項記載条件を満たすこと,募集要項が定める所定段階の修了。,Yes,Yes,https://www.hiroshima-u.ac.jp/system/files/297560/00_R9_gakkousuisen_jouhou_youkou.pdf,2026-09-18
HIROSHIMA-2027-053,広島大学,情報科学部,情報科学科,光り輝き入試 学校推薦型選抜Ⅰ型,OLY,日本情報オリンピック／日本数学オリンピック,募集要項記載条件を満たすこと,募集要項が定める大会実績等を満たすこと。,Yes,Yes,https://www.hiroshima-u.ac.jp/system/files/297560/00_R9_gakkousuisen_jouhou_youkou.pdf,2026-09-18
HIROSHIMA-2027-053,広島大学,情報科学部,情報科学科,光り輝き入試 学校推薦型選抜Ⅰ型,PROG,U-22プログラミング・コンテスト等,募集要項記載条件を満たすこと,募集要項記載の関連コンテスト・活動実績を満たすこと。,Yes,Yes,https://www.hiroshima-u.ac.jp/system/files/297560/00_R9_gakkousuisen_jouhou_youkou.pdf,2026-09-18
KYUSHU-2027-NEXTI-ENG-MAT,九州大学,工学部,材料工学科,次世代研究者発掘入試Ⅰ（総合型選抜Ⅰ）,GSC-01,サイエンスカンファレンス（高校の部）,GSC全国受講生研究発表会出場,8項目のうちいずれか1つに該当する顕著な活動実績。,Yes,Yes,https://www.kyushu-u.ac.jp/f/66696/R9_jisedai1_all_rev3.pdf,2026-09-18
KYUSHU-2027-NEXTI-ENG-MAT,九州大学,工学部,材料工学科,次世代研究者発掘入試Ⅰ（総合型選抜Ⅰ）,SSH-02,SSH生徒研究発表会,出場,8項目のうちいずれか1つに該当する顕著な活動実績。,Yes,Yes,https://www.kyushu-u.ac.jp/f/66696/R9_jisedai1_all_rev3.pdf,2026-09-18
KYUSHU-2027-NEXTI-ENG-MAT,九州大学,工学部,材料工学科,次世代研究者発掘入試Ⅰ（総合型選抜Ⅰ）,ISEF-03,国際学生科学技術フェア（ISEF）,参加,8項目のうちいずれか1つに該当する顕著な活動実績。,Yes,Yes,https://www.kyushu-u.ac.jp/f/66696/R9_jisedai1_all_rev3.pdf,2026-09-18
KYUSHU-2027-NEXTI-ENG-MAT,九州大学,工学部,材料工学科,次世代研究者発掘入試Ⅰ（総合型選抜Ⅰ）,JSSA-04,日本学生科学賞,中央最終審査進出,8項目のうちいずれか1つに該当する顕著な活動実績。,Yes,Yes,https://www.kyushu-u.ac.jp/f/66696/R9_jisedai1_all_rev3.pdf,2026-09-18
KYUSHU-2027-NEXTI-ENG-MAT,九州大学,工学部,材料工学科,次世代研究者発掘入試Ⅰ（総合型選抜Ⅰ）,JSEC-05,高校生・高専生科学技術チャレンジ（JSEC）,最終審査進出,8項目のうちいずれか1つに該当する顕著な活動実績。,Yes,Yes,https://www.kyushu-u.ac.jp/f/66696/R9_jisedai1_all_rev3.pdf,2026-09-18
KYUSHU-2027-NEXTI-ENG-MAT,九州大学,工学部,材料工学科,次世代研究者発掘入試Ⅰ（総合型選抜Ⅰ）,OLYMPIAD-06,国際科学オリンピック,日本代表として世界大会出場,8項目のうちいずれか1つに該当する顕著な活動実績。,Yes,Yes,https://www.kyushu-u.ac.jp/f/66696/R9_jisedai1_all_rev3.pdf,2026-09-18
KYUSHU-2027-NEXTI-ENG-MAT,九州大学,工学部,材料工学科,次世代研究者発掘入試Ⅰ（総合型選抜Ⅰ）,QFCSP-07,九州大学未来創成科学者育成プロジェクト（QFC-SP）,リサーチコース修了（見込み可）,8項目のうちいずれか1つに該当する顕著な活動実績。,Yes,Yes,https://www.kyushu-u.ac.jp/f/66696/R9_jisedai1_all_rev3.pdf,2026-09-18
KYUSHU-2027-NEXTI-ENG-MAT,九州大学,工学部,材料工学科,次世代研究者発掘入試Ⅰ（総合型選抜Ⅰ）,EQUIV-08,その他の自由研究・課題研究,上記と同等の優れた発表を公的に証明,8項目のうちいずれか1つに該当する顕著な活動実績。,Yes,Yes,https://www.kyushu-u.ac.jp/f/66696/R9_jisedai1_all_rev3.pdf,2026-09-18
KYUSHU-2027-NEXTI-ENG-CHEMENG,九州大学,工学部,化学工学科,次世代研究者発掘入試Ⅰ（総合型選抜Ⅰ）,GSC-01,サイエンスカンファレンス（高校の部）,GSC全国受講生研究発表会出場,8項目のうちいずれか1つに該当する顕著な活動実績。,Yes,Yes,https://www.kyushu-u.ac.jp/f/66696/R9_jisedai1_all_rev3.pdf,2026-09-18
KYUSHU-2027-NEXTI-ENG-CHEMENG,九州大学,工学部,化学工学科,次世代研究者発掘入試Ⅰ（総合型選抜Ⅰ）,SSH-02,SSH生徒研究発表会,出場,8項目のうちいずれか1つに該当する顕著な活動実績。,Yes,Yes,https://www.kyushu-u.ac.jp/f/66696/R9_jisedai1_all_rev3.pdf,2026-09-18
KYUSHU-2027-NEXTI-ENG-CHEMENG,九州大学,工学部,化学工学科,次世代研究者発掘入試Ⅰ（総合型選抜Ⅰ）,ISEF-03,国際学生科学技術フェア（ISEF）,参加,8項目のうちいずれか1つに該当する顕著な活動実績。,Yes,Yes,https://www.kyushu-u.ac.jp/f/66696/R9_jisedai1_all_rev3.pdf,2026-09-18
KYUSHU-2027-NEXTI-ENG-CHEMENG,九州大学,工学部,化学工学科,次世代研究者発掘入試Ⅰ（総合型選抜Ⅰ）,JSSA-04,日本学生科学賞,中央最終審査進出,8項目のうちいずれか1つに該当する顕著な活動実績。,Yes,Yes,https://www.kyushu-u.ac.jp/f/66696/R9_jisedai1_all_rev3.pdf,2026-09-18
KYUSHU-2027-NEXTI-ENG-CHEMENG,九州大学,工学部,化学工学科,次世代研究者発掘入試Ⅰ（総合型選抜Ⅰ）,JSEC-05,高校生・高専生科学技術チャレンジ（JSEC）,最終審査進出,8項目のうちいずれか1つに該当する顕著な活動実績。,Yes,Yes,https://www.kyushu-u.ac.jp/f/66696/R9_jisedai1_all_rev3.pdf,2026-09-18
KYUSHU-2027-NEXTI-ENG-CHEMENG,九州大学,工学部,化学工学科,次世代研究者発掘入試Ⅰ（総合型選抜Ⅰ）,OLYMPIAD-06,国際科学オリンピック,日本代表として世界大会出場,8項目のうちいずれか1つに該当する顕著な活動実績。,Yes,Yes,https://www.kyushu-u.ac.jp/f/66696/R9_jisedai1_all_rev3.pdf,2026-09-18
KYUSHU-2027-NEXTI-ENG-CHEMENG,九州大学,工学部,化学工学科,次世代研究者発掘入試Ⅰ（総合型選抜Ⅰ）,QFCSP-07,九州大学未来創成科学者育成プロジェクト（QFC-SP）,リサーチコース修了（見込み可）,8項目のうちいずれか1つに該当する顕著な活動実績。,Yes,Yes,https://www.kyushu-u.ac.jp/f/66696/R9_jisedai1_all_rev3.pdf,2026-09-18
KYUSHU-2027-NEXTI-ENG-CHEMENG,九州大学,工学部,化学工学科,次世代研究者発掘入試Ⅰ（総合型選抜Ⅰ）,EQUIV-08,その他の自由研究・課題研究,上記と同等の優れた発表を公的に証明,8項目のうちいずれか1つに該当する顕著な活動実績。,Yes,Yes,https://www.kyushu-u.ac.jp/f/66696/R9_jisedai1_all_rev3.pdf,2026-09-18
KYUSHU-2027-NEXTI-ENG-FUSION,九州大学,工学部,融合基礎工学科,次世代研究者発掘入試Ⅰ（総合型選抜Ⅰ）,GSC-01,サイエンスカンファレンス（高校の部）,GSC全国受講生研究発表会出場,8項目のうちいずれか1つに該当する顕著な活動実績。,Yes,Yes,https://www.kyushu-u.ac.jp/f/66696/R9_jisedai1_all_rev3.pdf,2026-09-18
KYUSHU-2027-NEXTI-ENG-FUSION,九州大学,工学部,融合基礎工学科,次世代研究者発掘入試Ⅰ（総合型選抜Ⅰ）,SSH-02,SSH生徒研究発表会,出場,8項目のうちいずれか1つに該当する顕著な活動実績。,Yes,Yes,https://www.kyushu-u.ac.jp/f/66696/R9_jisedai1_all_rev3.pdf,2026-09-18
KYUSHU-2027-NEXTI-ENG-FUSION,九州大学,工学部,融合基礎工学科,次世代研究者発掘入試Ⅰ（総合型選抜Ⅰ）,ISEF-03,国際学生科学技術フェア（ISEF）,参加,8項目のうちいずれか1つに該当する顕著な活動実績。,Yes,Yes,https://www.kyushu-u.ac.jp/f/66696/R9_jisedai1_all_rev3.pdf,2026-09-18
KYUSHU-2027-NEXTI-ENG-FUSION,九州大学,工学部,融合基礎工学科,次世代研究者発掘入試Ⅰ（総合型選抜Ⅰ）,JSSA-04,日本学生科学賞,中央最終審査進出,8項目のうちいずれか1つに該当する顕著な活動実績。,Yes,Yes,https://www.kyushu-u.ac.jp/f/66696/R9_jisedai1_all_rev3.pdf,2026-09-18
KYUSHU-2027-NEXTI-ENG-FUSION,九州大学,工学部,融合基礎工学科,次世代研究者発掘入試Ⅰ（総合型選抜Ⅰ）,JSEC-05,高校生・高専生科学技術チャレンジ（JSEC）,最終審査進出,8項目のうちいずれか1つに該当する顕著な活動実績。,Yes,Yes,https://www.kyushu-u.ac.jp/f/66696/R9_jisedai1_all_rev3.pdf,2026-09-18
KYUSHU-2027-NEXTI-ENG-FUSION,九州大学,工学部,融合基礎工学科,次世代研究者発掘入試Ⅰ（総合型選抜Ⅰ）,OLYMPIAD-06,国際科学オリンピック,日本代表として世界大会出場,8項目のうちいずれか1つに該当する顕著な活動実績。,Yes,Yes,https://www.kyushu-u.ac.jp/f/66696/R9_jisedai1_all_rev3.pdf,2026-09-18
KYUSHU-2027-NEXTI-ENG-FUSION,九州大学,工学部,融合基礎工学科,次世代研究者発掘入試Ⅰ（総合型選抜Ⅰ）,QFCSP-07,九州大学未来創成科学者育成プロジェクト（QFC-SP）,リサーチコース修了（見込み可）,8項目のうちいずれか1つに該当する顕著な活動実績。,Yes,Yes,https://www.kyushu-u.ac.jp/f/66696/R9_jisedai1_all_rev3.pdf,2026-09-18
KYUSHU-2027-NEXTI-ENG-FUSION,九州大学,工学部,融合基礎工学科,次世代研究者発掘入試Ⅰ（総合型選抜Ⅰ）,EQUIV-08,その他の自由研究・課題研究,上記と同等の優れた発表を公的に証明,8項目のうちいずれか1つに該当する顕著な活動実績。,Yes,Yes,https://www.kyushu-u.ac.jp/f/66696/R9_jisedai1_all_rev3.pdf,2026-09-18
KYUSHU-2027-NEXTI-ENG-EARTH,九州大学,工学部,地球資源システム工学科,次世代研究者発掘入試Ⅰ（総合型選抜Ⅰ）,GSC-01,サイエンスカンファレンス（高校の部）,GSC全国受講生研究発表会出場,8項目のうちいずれか1つに該当する顕著な活動実績。,Yes,Yes,https://www.kyushu-u.ac.jp/f/66696/R9_jisedai1_all_rev3.pdf,2026-09-18
KYUSHU-2027-NEXTI-ENG-EARTH,九州大学,工学部,地球資源システム工学科,次世代研究者発掘入試Ⅰ（総合型選抜Ⅰ）,SSH-02,SSH生徒研究発表会,出場,8項目のうちいずれか1つに該当する顕著な活動実績。,Yes,Yes,https://www.kyushu-u.ac.jp/f/66696/R9_jisedai1_all_rev3.pdf,2026-09-18
KYUSHU-2027-NEXTI-ENG-EARTH,九州大学,工学部,地球資源システム工学科,次世代研究者発掘入試Ⅰ（総合型選抜Ⅰ）,ISEF-03,国際学生科学技術フェア（ISEF）,参加,8項目のうちいずれか1つに該当する顕著な活動実績。,Yes,Yes,https://www.kyushu-u.ac.jp/f/66696/R9_jisedai1_all_rev3.pdf,2026-09-18
KYUSHU-2027-NEXTI-ENG-EARTH,九州大学,工学部,地球資源システム工学科,次世代研究者発掘入試Ⅰ（総合型選抜Ⅰ）,JSSA-04,日本学生科学賞,中央最終審査進出,8項目のうちいずれか1つに該当する顕著な活動実績。,Yes,Yes,https://www.kyushu-u.ac.jp/f/66696/R9_jisedai1_all_rev3.pdf,2026-09-18
KYUSHU-2027-NEXTI-ENG-EARTH,九州大学,工学部,地球資源システム工学科,次世代研究者発掘入試Ⅰ（総合型選抜Ⅰ）,JSEC-05,高校生・高専生科学技術チャレンジ（JSEC）,最終審査進出,8項目のうちいずれか1つに該当する顕著な活動実績。,Yes,Yes,https://www.kyushu-u.ac.jp/f/66696/R9_jisedai1_all_rev3.pdf,2026-09-18
KYUSHU-2027-NEXTI-ENG-EARTH,九州大学,工学部,地球資源システム工学科,次世代研究者発掘入試Ⅰ（総合型選抜Ⅰ）,OLYMPIAD-06,国際科学オリンピック,日本代表として世界大会出場,8項目のうちいずれか1つに該当する顕著な活動実績。,Yes,Yes,https://www.kyushu-u.ac.jp/f/66696/R9_jisedai1_all_rev3.pdf,2026-09-18
KYUSHU-2027-NEXTI-ENG-EARTH,九州大学,工学部,地球資源システム工学科,次世代研究者発掘入試Ⅰ（総合型選抜Ⅰ）,QFCSP-07,九州大学未来創成科学者育成プロジェクト（QFC-SP）,リサーチコース修了（見込み可）,8項目のうちいずれか1つに該当する顕著な活動実績。,Yes,Yes,https://www.kyushu-u.ac.jp/f/66696/R9_jisedai1_all_rev3.pdf,2026-09-18
KYUSHU-2027-NEXTI-ENG-EARTH,九州大学,工学部,地球資源システム工学科,次世代研究者発掘入試Ⅰ（総合型選抜Ⅰ）,EQUIV-08,その他の自由研究・課題研究,上記と同等の優れた発表を公的に証明,8項目のうちいずれか1つに該当する顕著な活動実績。,Yes,Yes,https://www.kyushu-u.ac.jp/f/66696/R9_jisedai1_all_rev3.pdf,2026-09-18
KYUSHU-2027-NEXTI-AGR,九州大学,農学部,農学部,次世代研究者発掘入試Ⅰ（総合型選抜Ⅰ）,GSC-01,サイエンスカンファレンス（高校の部）,GSC全国受講生研究発表会出場,8項目のうちいずれか1つに該当する顕著な活動実績。,Yes,Yes,https://www.kyushu-u.ac.jp/f/66696/R9_jisedai1_all_rev3.pdf,2026-09-18
KYUSHU-2027-NEXTI-AGR,九州大学,農学部,農学部,次世代研究者発掘入試Ⅰ（総合型選抜Ⅰ）,SSH-02,SSH生徒研究発表会,出場,8項目のうちいずれか1つに該当する顕著な活動実績。,Yes,Yes,https://www.kyushu-u.ac.jp/f/66696/R9_jisedai1_all_rev3.pdf,2026-09-18
KYUSHU-2027-NEXTI-AGR,九州大学,農学部,農学部,次世代研究者発掘入試Ⅰ（総合型選抜Ⅰ）,ISEF-03,国際学生科学技術フェア（ISEF）,参加,8項目のうちいずれか1つに該当する顕著な活動実績。,Yes,Yes,https://www.kyushu-u.ac.jp/f/66696/R9_jisedai1_all_rev3.pdf,2026-09-18
KYUSHU-2027-NEXTI-AGR,九州大学,農学部,農学部,次世代研究者発掘入試Ⅰ（総合型選抜Ⅰ）,JSSA-04,日本学生科学賞,中央最終審査進出,8項目のうちいずれか1つに該当する顕著な活動実績。,Yes,Yes,https://www.kyushu-u.ac.jp/f/66696/R9_jisedai1_all_rev3.pdf,2026-09-18
KYUSHU-2027-NEXTI-AGR,九州大学,農学部,農学部,次世代研究者発掘入試Ⅰ（総合型選抜Ⅰ）,JSEC-05,高校生・高専生科学技術チャレンジ（JSEC）,最終審査進出,8項目のうちいずれか1つに該当する顕著な活動実績。,Yes,Yes,https://www.kyushu-u.ac.jp/f/66696/R9_jisedai1_all_rev3.pdf,2026-09-18
KYUSHU-2027-NEXTI-AGR,九州大学,農学部,農学部,次世代研究者発掘入試Ⅰ（総合型選抜Ⅰ）,OLYMPIAD-06,国際科学オリンピック,日本代表として世界大会出場,8項目のうちいずれか1つに該当する顕著な活動実績。,Yes,Yes,https://www.kyushu-u.ac.jp/f/66696/R9_jisedai1_all_rev3.pdf,2026-09-18
KYUSHU-2027-NEXTI-AGR,九州大学,農学部,農学部,次世代研究者発掘入試Ⅰ（総合型選抜Ⅰ）,QFCSP-07,九州大学未来創成科学者育成プロジェクト（QFC-SP）,リサーチコース修了（見込み可）,8項目のうちいずれか1つに該当する顕著な活動実績。,Yes,Yes,https://www.kyushu-u.ac.jp/f/66696/R9_jisedai1_all_rev3.pdf,2026-09-18
KYUSHU-2027-NEXTI-AGR,九州大学,農学部,農学部,次世代研究者発掘入試Ⅰ（総合型選抜Ⅰ）,EQUIV-08,その他の自由研究・課題研究,上記と同等の優れた発表を公的に証明,8項目のうちいずれか1つに該当する顕著な活動実績。,Yes,Yes,https://www.kyushu-u.ac.jp/f/66696/R9_jisedai1_all_rev3.pdf,2026-09-18
KYUSHU-2027-NEXTII-ENG-EE,九州大学,工学部,電気情報工学科,次世代研究者発掘入試Ⅱ（総合型選抜Ⅱ）,GSC-01,サイエンスカンファレンス（高校の部）,GSC全国受講生研究発表会出場,8項目のうちいずれか1つに該当する顕著な活動実績。,Yes,Yes,https://www.kyushu-u.ac.jp/f/66696/R9_jisedai1_all_rev3.pdf,2026-09-18
KYUSHU-2027-NEXTII-ENG-EE,九州大学,工学部,電気情報工学科,次世代研究者発掘入試Ⅱ（総合型選抜Ⅱ）,SSH-02,SSH生徒研究発表会,出場,8項目のうちいずれか1つに該当する顕著な活動実績。,Yes,Yes,https://www.kyushu-u.ac.jp/f/66696/R9_jisedai1_all_rev3.pdf,2026-09-18
KYUSHU-2027-NEXTII-ENG-EE,九州大学,工学部,電気情報工学科,次世代研究者発掘入試Ⅱ（総合型選抜Ⅱ）,ISEF-03,国際学生科学技術フェア（ISEF）,参加,8項目のうちいずれか1つに該当する顕著な活動実績。,Yes,Yes,https://www.kyushu-u.ac.jp/f/66696/R9_jisedai1_all_rev3.pdf,2026-09-18
KYUSHU-2027-NEXTII-ENG-EE,九州大学,工学部,電気情報工学科,次世代研究者発掘入試Ⅱ（総合型選抜Ⅱ）,JSSA-04,日本学生科学賞,中央最終審査進出,8項目のうちいずれか1つに該当する顕著な活動実績。,Yes,Yes,https://www.kyushu-u.ac.jp/f/66696/R9_jisedai1_all_rev3.pdf,2026-09-18
KYUSHU-2027-NEXTII-ENG-EE,九州大学,工学部,電気情報工学科,次世代研究者発掘入試Ⅱ（総合型選抜Ⅱ）,JSEC-05,高校生・高専生科学技術チャレンジ（JSEC）,最終審査進出,8項目のうちいずれか1つに該当する顕著な活動実績。,Yes,Yes,https://www.kyushu-u.ac.jp/f/66696/R9_jisedai1_all_rev3.pdf,2026-09-18
KYUSHU-2027-NEXTII-ENG-EE,九州大学,工学部,電気情報工学科,次世代研究者発掘入試Ⅱ（総合型選抜Ⅱ）,OLYMPIAD-06,国際科学オリンピック,日本代表として世界大会出場,8項目のうちいずれか1つに該当する顕著な活動実績。,Yes,Yes,https://www.kyushu-u.ac.jp/f/66696/R9_jisedai1_all_rev3.pdf,2026-09-18
KYUSHU-2027-NEXTII-ENG-EE,九州大学,工学部,電気情報工学科,次世代研究者発掘入試Ⅱ（総合型選抜Ⅱ）,QFCSP-07,九州大学未来創成科学者育成プロジェクト（QFC-SP）,リサーチコース修了（見込み可）,8項目のうちいずれか1つに該当する顕著な活動実績。,Yes,Yes,https://www.kyushu-u.ac.jp/f/66696/R9_jisedai1_all_rev3.pdf,2026-09-18
KYUSHU-2027-NEXTII-ENG-EE,九州大学,工学部,電気情報工学科,次世代研究者発掘入試Ⅱ（総合型選抜Ⅱ）,EQUIV-08,その他の自由研究・課題研究,上記と同等の優れた発表を公的に証明,8項目のうちいずれか1つに該当する顕著な活動実績。,Yes,Yes,https://www.kyushu-u.ac.jp/f/66696/R9_jisedai1_all_rev3.pdf,2026-09-18
KYUSHU-2027-NEXTII-ENG-MAT,九州大学,工学部,材料工学科,次世代研究者発掘入試Ⅱ（総合型選抜Ⅱ）,GSC-01,サイエンスカンファレンス（高校の部）,GSC全国受講生研究発表会出場,8項目のうちいずれか1つに該当する顕著な活動実績。,Yes,Yes,https://www.kyushu-u.ac.jp/f/66696/R9_jisedai1_all_rev3.pdf,2026-09-18
KYUSHU-2027-NEXTII-ENG-MAT,九州大学,工学部,材料工学科,次世代研究者発掘入試Ⅱ（総合型選抜Ⅱ）,SSH-02,SSH生徒研究発表会,出場,8項目のうちいずれか1つに該当する顕著な活動実績。,Yes,Yes,https://www.kyushu-u.ac.jp/f/66696/R9_jisedai1_all_rev3.pdf,2026-09-18
KYUSHU-2027-NEXTII-ENG-MAT,九州大学,工学部,材料工学科,次世代研究者発掘入試Ⅱ（総合型選抜Ⅱ）,ISEF-03,国際学生科学技術フェア（ISEF）,参加,8項目のうちいずれか1つに該当する顕著な活動実績。,Yes,Yes,https://www.kyushu-u.ac.jp/f/66696/R9_jisedai1_all_rev3.pdf,2026-09-18
KYUSHU-2027-NEXTII-ENG-MAT,九州大学,工学部,材料工学科,次世代研究者発掘入試Ⅱ（総合型選抜Ⅱ）,JSSA-04,日本学生科学賞,中央最終審査進出,8項目のうちいずれか1つに該当する顕著な活動実績。,Yes,Yes,https://www.kyushu-u.ac.jp/f/66696/R9_jisedai1_all_rev3.pdf,2026-09-18
KYUSHU-2027-NEXTII-ENG-MAT,九州大学,工学部,材料工学科,次世代研究者発掘入試Ⅱ（総合型選抜Ⅱ）,JSEC-05,高校生・高専生科学技術チャレンジ（JSEC）,最終審査進出,8項目のうちいずれか1つに該当する顕著な活動実績。,Yes,Yes,https://www.kyushu-u.ac.jp/f/66696/R9_jisedai1_all_rev3.pdf,2026-09-18
KYUSHU-2027-NEXTII-ENG-MAT,九州大学,工学部,材料工学科,次世代研究者発掘入試Ⅱ（総合型選抜Ⅱ）,OLYMPIAD-06,国際科学オリンピック,日本代表として世界大会出場,8項目のうちいずれか1つに該当する顕著な活動実績。,Yes,Yes,https://www.kyushu-u.ac.jp/f/66696/R9_jisedai1_all_rev3.pdf,2026-09-18
KYUSHU-2027-NEXTII-ENG-MAT,九州大学,工学部,材料工学科,次世代研究者発掘入試Ⅱ（総合型選抜Ⅱ）,QFCSP-07,九州大学未来創成科学者育成プロジェクト（QFC-SP）,リサーチコース修了（見込み可）,8項目のうちいずれか1つに該当する顕著な活動実績。,Yes,Yes,https://www.kyushu-u.ac.jp/f/66696/R9_jisedai1_all_rev3.pdf,2026-09-18
KYUSHU-2027-NEXTII-ENG-MAT,九州大学,工学部,材料工学科,次世代研究者発掘入試Ⅱ（総合型選抜Ⅱ）,EQUIV-08,その他の自由研究・課題研究,上記と同等の優れた発表を公的に証明,8項目のうちいずれか1つに該当する顕著な活動実績。,Yes,Yes,https://www.kyushu-u.ac.jp/f/66696/R9_jisedai1_all_rev3.pdf,2026-09-18
KYUSHU-2027-NEXTII-ENG-APCHEM,九州大学,工学部,応用化学科,次世代研究者発掘入試Ⅱ（総合型選抜Ⅱ）,GSC-01,サイエンスカンファレンス（高校の部）,GSC全国受講生研究発表会出場,8項目のうちいずれか1つに該当する顕著な活動実績。,Yes,Yes,https://www.kyushu-u.ac.jp/f/66696/R9_jisedai1_all_rev3.pdf,2026-09-18
KYUSHU-2027-NEXTII-ENG-APCHEM,九州大学,工学部,応用化学科,次世代研究者発掘入試Ⅱ（総合型選抜Ⅱ）,SSH-02,SSH生徒研究発表会,出場,8項目のうちいずれか1つに該当する顕著な活動実績。,Yes,Yes,https://www.kyushu-u.ac.jp/f/66696/R9_jisedai1_all_rev3.pdf,2026-09-18
KYUSHU-2027-NEXTII-ENG-APCHEM,九州大学,工学部,応用化学科,次世代研究者発掘入試Ⅱ（総合型選抜Ⅱ）,ISEF-03,国際学生科学技術フェア（ISEF）,参加,8項目のうちいずれか1つに該当する顕著な活動実績。,Yes,Yes,https://www.kyushu-u.ac.jp/f/66696/R9_jisedai1_all_rev3.pdf,2026-09-18
KYUSHU-2027-NEXTII-ENG-APCHEM,九州大学,工学部,応用化学科,次世代研究者発掘入試Ⅱ（総合型選抜Ⅱ）,JSSA-04,日本学生科学賞,中央最終審査進出,8項目のうちいずれか1つに該当する顕著な活動実績。,Yes,Yes,https://www.kyushu-u.ac.jp/f/66696/R9_jisedai1_all_rev3.pdf,2026-09-18
KYUSHU-2027-NEXTII-ENG-APCHEM,九州大学,工学部,応用化学科,次世代研究者発掘入試Ⅱ（総合型選抜Ⅱ）,JSEC-05,高校生・高専生科学技術チャレンジ（JSEC）,最終審査進出,8項目のうちいずれか1つに該当する顕著な活動実績。,Yes,Yes,https://www.kyushu-u.ac.jp/f/66696/R9_jisedai1_all_rev3.pdf,2026-09-18
KYUSHU-2027-NEXTII-ENG-APCHEM,九州大学,工学部,応用化学科,次世代研究者発掘入試Ⅱ（総合型選抜Ⅱ）,OLYMPIAD-06,国際科学オリンピック,日本代表として世界大会出場,8項目のうちいずれか1つに該当する顕著な活動実績。,Yes,Yes,https://www.kyushu-u.ac.jp/f/66696/R9_jisedai1_all_rev3.pdf,2026-09-18
KYUSHU-2027-NEXTII-ENG-APCHEM,九州大学,工学部,応用化学科,次世代研究者発掘入試Ⅱ（総合型選抜Ⅱ）,QFCSP-07,九州大学未来創成科学者育成プロジェクト（QFC-SP）,リサーチコース修了（見込み可）,8項目のうちいずれか1つに該当する顕著な活動実績。,Yes,Yes,https://www.kyushu-u.ac.jp/f/66696/R9_jisedai1_all_rev3.pdf,2026-09-18
KYUSHU-2027-NEXTII-ENG-APCHEM,九州大学,工学部,応用化学科,次世代研究者発掘入試Ⅱ（総合型選抜Ⅱ）,EQUIV-08,その他の自由研究・課題研究,上記と同等の優れた発表を公的に証明,8項目のうちいずれか1つに該当する顕著な活動実績。,Yes,Yes,https://www.kyushu-u.ac.jp/f/66696/R9_jisedai1_all_rev3.pdf,2026-09-18
KYUSHU-2027-NEXTII-ENG-CHEMENG,九州大学,工学部,化学工学科,次世代研究者発掘入試Ⅱ（総合型選抜Ⅱ）,GSC-01,サイエンスカンファレンス（高校の部）,GSC全国受講生研究発表会出場,8項目のうちいずれか1つに該当する顕著な活動実績。,Yes,Yes,https://www.kyushu-u.ac.jp/f/66696/R9_jisedai1_all_rev3.pdf,2026-09-18
KYUSHU-2027-NEXTII-ENG-CHEMENG,九州大学,工学部,化学工学科,次世代研究者発掘入試Ⅱ（総合型選抜Ⅱ）,SSH-02,SSH生徒研究発表会,出場,8項目のうちいずれか1つに該当する顕著な活動実績。,Yes,Yes,https://www.kyushu-u.ac.jp/f/66696/R9_jisedai1_all_rev3.pdf,2026-09-18
KYUSHU-2027-NEXTII-ENG-CHEMENG,九州大学,工学部,化学工学科,次世代研究者発掘入試Ⅱ（総合型選抜Ⅱ）,ISEF-03,国際学生科学技術フェア（ISEF）,参加,8項目のうちいずれか1つに該当する顕著な活動実績。,Yes,Yes,https://www.kyushu-u.ac.jp/f/66696/R9_jisedai1_all_rev3.pdf,2026-09-18
KYUSHU-2027-NEXTII-ENG-CHEMENG,九州大学,工学部,化学工学科,次世代研究者発掘入試Ⅱ（総合型選抜Ⅱ）,JSSA-04,日本学生科学賞,中央最終審査進出,8項目のうちいずれか1つに該当する顕著な活動実績。,Yes,Yes,https://www.kyushu-u.ac.jp/f/66696/R9_jisedai1_all_rev3.pdf,2026-09-18
KYUSHU-2027-NEXTII-ENG-CHEMENG,九州大学,工学部,化学工学科,次世代研究者発掘入試Ⅱ（総合型選抜Ⅱ）,JSEC-05,高校生・高専生科学技術チャレンジ（JSEC）,最終審査進出,8項目のうちいずれか1つに該当する顕著な活動実績。,Yes,Yes,https://www.kyushu-u.ac.jp/f/66696/R9_jisedai1_all_rev3.pdf,2026-09-18
KYUSHU-2027-NEXTII-ENG-CHEMENG,九州大学,工学部,化学工学科,次世代研究者発掘入試Ⅱ（総合型選抜Ⅱ）,OLYMPIAD-06,国際科学オリンピック,日本代表として世界大会出場,8項目のうちいずれか1つに該当する顕著な活動実績。,Yes,Yes,https://www.kyushu-u.ac.jp/f/66696/R9_jisedai1_all_rev3.pdf,2026-09-18
KYUSHU-2027-NEXTII-ENG-CHEMENG,九州大学,工学部,化学工学科,次世代研究者発掘入試Ⅱ（総合型選抜Ⅱ）,QFCSP-07,九州大学未来創成科学者育成プロジェクト（QFC-SP）,リサーチコース修了（見込み可）,8項目のうちいずれか1つに該当する顕著な活動実績。,Yes,Yes,https://www.kyushu-u.ac.jp/f/66696/R9_jisedai1_all_rev3.pdf,2026-09-18
KYUSHU-2027-NEXTII-ENG-CHEMENG,九州大学,工学部,化学工学科,次世代研究者発掘入試Ⅱ（総合型選抜Ⅱ）,EQUIV-08,その他の自由研究・課題研究,上記と同等の優れた発表を公的に証明,8項目のうちいずれか1つに該当する顕著な活動実績。,Yes,Yes,https://www.kyushu-u.ac.jp/f/66696/R9_jisedai1_all_rev3.pdf,2026-09-18
KYUSHU-2027-NEXTII-ENG-FUSION,九州大学,工学部,融合基礎工学科,次世代研究者発掘入試Ⅱ（総合型選抜Ⅱ）,GSC-01,サイエンスカンファレンス（高校の部）,GSC全国受講生研究発表会出場,8項目のうちいずれか1つに該当する顕著な活動実績。,Yes,Yes,https://www.kyushu-u.ac.jp/f/66696/R9_jisedai1_all_rev3.pdf,2026-09-18
KYUSHU-2027-NEXTII-ENG-FUSION,九州大学,工学部,融合基礎工学科,次世代研究者発掘入試Ⅱ（総合型選抜Ⅱ）,SSH-02,SSH生徒研究発表会,出場,8項目のうちいずれか1つに該当する顕著な活動実績。,Yes,Yes,https://www.kyushu-u.ac.jp/f/66696/R9_jisedai1_all_rev3.pdf,2026-09-18
KYUSHU-2027-NEXTII-ENG-FUSION,九州大学,工学部,融合基礎工学科,次世代研究者発掘入試Ⅱ（総合型選抜Ⅱ）,ISEF-03,国際学生科学技術フェア（ISEF）,参加,8項目のうちいずれか1つに該当する顕著な活動実績。,Yes,Yes,https://www.kyushu-u.ac.jp/f/66696/R9_jisedai1_all_rev3.pdf,2026-09-18
KYUSHU-2027-NEXTII-ENG-FUSION,九州大学,工学部,融合基礎工学科,次世代研究者発掘入試Ⅱ（総合型選抜Ⅱ）,JSSA-04,日本学生科学賞,中央最終審査進出,8項目のうちいずれか1つに該当する顕著な活動実績。,Yes,Yes,https://www.kyushu-u.ac.jp/f/66696/R9_jisedai1_all_rev3.pdf,2026-09-18
KYUSHU-2027-NEXTII-ENG-FUSION,九州大学,工学部,融合基礎工学科,次世代研究者発掘入試Ⅱ（総合型選抜Ⅱ）,JSEC-05,高校生・高専生科学技術チャレンジ（JSEC）,最終審査進出,8項目のうちいずれか1つに該当する顕著な活動実績。,Yes,Yes,https://www.kyushu-u.ac.jp/f/66696/R9_jisedai1_all_rev3.pdf,2026-09-18
KYUSHU-2027-NEXTII-ENG-FUSION,九州大学,工学部,融合基礎工学科,次世代研究者発掘入試Ⅱ（総合型選抜Ⅱ）,OLYMPIAD-06,国際科学オリンピック,日本代表として世界大会出場,8項目のうちいずれか1つに該当する顕著な活動実績。,Yes,Yes,https://www.kyushu-u.ac.jp/f/66696/R9_jisedai1_all_rev3.pdf,2026-09-18
KYUSHU-2027-NEXTII-ENG-FUSION,九州大学,工学部,融合基礎工学科,次世代研究者発掘入試Ⅱ（総合型選抜Ⅱ）,QFCSP-07,九州大学未来創成科学者育成プロジェクト（QFC-SP）,リサーチコース修了（見込み可）,8項目のうちいずれか1つに該当する顕著な活動実績。,Yes,Yes,https://www.kyushu-u.ac.jp/f/66696/R9_jisedai1_all_rev3.pdf,2026-09-18
KYUSHU-2027-NEXTII-ENG-FUSION,九州大学,工学部,融合基礎工学科,次世代研究者発掘入試Ⅱ（総合型選抜Ⅱ）,EQUIV-08,その他の自由研究・課題研究,上記と同等の優れた発表を公的に証明,8項目のうちいずれか1つに該当する顕著な活動実績。,Yes,Yes,https://www.kyushu-u.ac.jp/f/66696/R9_jisedai1_all_rev3.pdf,2026-09-18
KYUSHU-2027-NEXTII-ENG-EARTH,九州大学,工学部,地球資源システム工学科,次世代研究者発掘入試Ⅱ（総合型選抜Ⅱ）,GSC-01,サイエンスカンファレンス（高校の部）,GSC全国受講生研究発表会出場,8項目のうちいずれか1つに該当する顕著な活動実績。,Yes,Yes,https://www.kyushu-u.ac.jp/f/66696/R9_jisedai1_all_rev3.pdf,2026-09-18
KYUSHU-2027-NEXTII-ENG-EARTH,九州大学,工学部,地球資源システム工学科,次世代研究者発掘入試Ⅱ（総合型選抜Ⅱ）,SSH-02,SSH生徒研究発表会,出場,8項目のうちいずれか1つに該当する顕著な活動実績。,Yes,Yes,https://www.kyushu-u.ac.jp/f/66696/R9_jisedai1_all_rev3.pdf,2026-09-18
KYUSHU-2027-NEXTII-ENG-EARTH,九州大学,工学部,地球資源システム工学科,次世代研究者発掘入試Ⅱ（総合型選抜Ⅱ）,ISEF-03,国際学生科学技術フェア（ISEF）,参加,8項目のうちいずれか1つに該当する顕著な活動実績。,Yes,Yes,https://www.kyushu-u.ac.jp/f/66696/R9_jisedai1_all_rev3.pdf,2026-09-18
KYUSHU-2027-NEXTII-ENG-EARTH,九州大学,工学部,地球資源システム工学科,次世代研究者発掘入試Ⅱ（総合型選抜Ⅱ）,JSSA-04,日本学生科学賞,中央最終審査進出,8項目のうちいずれか1つに該当する顕著な活動実績。,Yes,Yes,https://www.kyushu-u.ac.jp/f/66696/R9_jisedai1_all_rev3.pdf,2026-09-18
KYUSHU-2027-NEXTII-ENG-EARTH,九州大学,工学部,地球資源システム工学科,次世代研究者発掘入試Ⅱ（総合型選抜Ⅱ）,JSEC-05,高校生・高専生科学技術チャレンジ（JSEC）,最終審査進出,8項目のうちいずれか1つに該当する顕著な活動実績。,Yes,Yes,https://www.kyushu-u.ac.jp/f/66696/R9_jisedai1_all_rev3.pdf,2026-09-18
KYUSHU-2027-NEXTII-ENG-EARTH,九州大学,工学部,地球資源システム工学科,次世代研究者発掘入試Ⅱ（総合型選抜Ⅱ）,OLYMPIAD-06,国際科学オリンピック,日本代表として世界大会出場,8項目のうちいずれか1つに該当する顕著な活動実績。,Yes,Yes,https://www.kyushu-u.ac.jp/f/66696/R9_jisedai1_all_rev3.pdf,2026-09-18
KYUSHU-2027-NEXTII-ENG-EARTH,九州大学,工学部,地球資源システム工学科,次世代研究者発掘入試Ⅱ（総合型選抜Ⅱ）,QFCSP-07,九州大学未来創成科学者育成プロジェクト（QFC-SP）,リサーチコース修了（見込み可）,8項目のうちいずれか1つに該当する顕著な活動実績。,Yes,Yes,https://www.kyushu-u.ac.jp/f/66696/R9_jisedai1_all_rev3.pdf,2026-09-18
KYUSHU-2027-NEXTII-ENG-EARTH,九州大学,工学部,地球資源システム工学科,次世代研究者発掘入試Ⅱ（総合型選抜Ⅱ）,EQUIV-08,その他の自由研究・課題研究,上記と同等の優れた発表を公的に証明,8項目のうちいずれか1つに該当する顕著な活動実績。,Yes,Yes,https://www.kyushu-u.ac.jp/f/66696/R9_jisedai1_all_rev3.pdf,2026-09-18
KYUSHU-2027-NEXTII-AGR,九州大学,農学部,農学部,次世代研究者発掘入試Ⅱ（総合型選抜Ⅱ）,GSC-01,サイエンスカンファレンス（高校の部）,GSC全国受講生研究発表会出場,8項目のうちいずれか1つに該当する顕著な活動実績。,Yes,Yes,https://www.kyushu-u.ac.jp/f/66696/R9_jisedai1_all_rev3.pdf,2026-09-18
KYUSHU-2027-NEXTII-AGR,九州大学,農学部,農学部,次世代研究者発掘入試Ⅱ（総合型選抜Ⅱ）,SSH-02,SSH生徒研究発表会,出場,8項目のうちいずれか1つに該当する顕著な活動実績。,Yes,Yes,https://www.kyushu-u.ac.jp/f/66696/R9_jisedai1_all_rev3.pdf,2026-09-18
KYUSHU-2027-NEXTII-AGR,九州大学,農学部,農学部,次世代研究者発掘入試Ⅱ（総合型選抜Ⅱ）,ISEF-03,国際学生科学技術フェア（ISEF）,参加,8項目のうちいずれか1つに該当する顕著な活動実績。,Yes,Yes,https://www.kyushu-u.ac.jp/f/66696/R9_jisedai1_all_rev3.pdf,2026-09-18
KYUSHU-2027-NEXTII-AGR,九州大学,農学部,農学部,次世代研究者発掘入試Ⅱ（総合型選抜Ⅱ）,JSSA-04,日本学生科学賞,中央最終審査進出,8項目のうちいずれか1つに該当する顕著な活動実績。,Yes,Yes,https://www.kyushu-u.ac.jp/f/66696/R9_jisedai1_all_rev3.pdf,2026-09-18
KYUSHU-2027-NEXTII-AGR,九州大学,農学部,農学部,次世代研究者発掘入試Ⅱ（総合型選抜Ⅱ）,JSEC-05,高校生・高専生科学技術チャレンジ（JSEC）,最終審査進出,8項目のうちいずれか1つに該当する顕著な活動実績。,Yes,Yes,https://www.kyushu-u.ac.jp/f/66696/R9_jisedai1_all_rev3.pdf,2026-09-18
KYUSHU-2027-NEXTII-AGR,九州大学,農学部,農学部,次世代研究者発掘入試Ⅱ（総合型選抜Ⅱ）,OLYMPIAD-06,国際科学オリンピック,日本代表として世界大会出場,8項目のうちいずれか1つに該当する顕著な活動実績。,Yes,Yes,https://www.kyushu-u.ac.jp/f/66696/R9_jisedai1_all_rev3.pdf,2026-09-18
KYUSHU-2027-NEXTII-AGR,九州大学,農学部,農学部,次世代研究者発掘入試Ⅱ（総合型選抜Ⅱ）,QFCSP-07,九州大学未来創成科学者育成プロジェクト（QFC-SP）,リサーチコース修了（見込み可）,8項目のうちいずれか1つに該当する顕著な活動実績。,Yes,Yes,https://www.kyushu-u.ac.jp/f/66696/R9_jisedai1_all_rev3.pdf,2026-09-18
KYUSHU-2027-NEXTII-AGR,九州大学,農学部,農学部,次世代研究者発掘入試Ⅱ（総合型選抜Ⅱ）,EQUIV-08,その他の自由研究・課題研究,上記と同等の優れた発表を公的に証明,8項目のうちいずれか1つに該当する顕著な活動実績。,Yes,Yes,https://www.kyushu-u.ac.jp/f/66696/R9_jisedai1_all_rev3.pdf,2026-09-18
OITA-2027-SRI-INFO-S,大分大学,理工学部,理工学科 知能情報システムプログラム,学校推薦型選抜Ⅰ,SCI-ACT,科学に関する活動実績,活動実績を示す資料を提出,発表会・報告会資料等により科学に関する活動実績を示し、プレゼンテーション・質疑応答を行う。,No,Yes,https://www.oita-u.ac.jp/000071339.pdf,2026-09-20
OITA-2027-SRI-DX-S,大分大学,理工学部,理工学科 DX人材育成基盤プログラム,学校推薦型選抜Ⅰ,SCI-ACT,科学に関する活動実績,活動実績を示す資料を提出,発表会・報告会資料等により科学に関する活動実績を示し、プレゼンテーション・質疑応答を行う。,No,Yes,https://www.oita-u.ac.jp/000071339.pdf,2026-09-20
OITA-2027-SRI-IMECH-S,大分大学,理工学部,理工学科 知能機械システムプログラム,学校推薦型選抜Ⅰ,SCI-ACT,科学に関する活動実績,活動実績を示す資料を提出,発表会・報告会資料等により科学に関する活動実績を示し、プレゼンテーション・質疑応答を行う。,No,Yes,https://www.oita-u.ac.jp/000071339.pdf,2026-09-20
OITA-2027-AOI-ECON-INQ,大分大学,経済学部,総合経済学科,総合型選抜Ⅰ,INQ-01,高等学校等での課題探究型学習,経験者,総合的な探究（学習）の時間、課題研究等,Yes,Yes,https://www.oita-u.ac.jp/000071339.pdf,2026-09-20
OITA-2027-AOI-ECON-INQ,大分大学,経済学部,総合経済学科,総合型選抜Ⅰ,INQ-02,大学による高校生対象の課題探究型学習,経験者,本学又は他大学の高校生向けプログラム,Yes,Yes,https://www.oita-u.ac.jp/000071339.pdf,2026-09-20
OITA-2027-AOI-ECON-INQ,大分大学,経済学部,総合経済学科,総合型選抜Ⅰ,INQ-03,課題探究型学習成果コンテスト,経験者,高校生ビジネスプラン・グランプリ等を例示,Yes,Yes,https://www.oita-u.ac.jp/000071339.pdf,2026-09-20
OITA-2027-AOI-ECON-INQ,大分大学,経済学部,総合経済学科,総合型選抜Ⅰ,INQ-04,その他の課題探究型学習,経験者,上記と同等の高校等での課題探究型学習,Yes,Yes,https://www.oita-u.ac.jp/000071339.pdf,2026-09-20
AIZU-2027-REC-A,会津大学,コンピュータ理工学部,コンピュータ理工学部（一括募集）,学校推薦型選抜A,IT-01,情報処理技術者試験,合格,GPA3.8以上を含む複数の出願資格のうち、いずれか1つを満たせばよい。,Yes,Yes,https://u-aizu.ac.jp/files/page/admissions/AY2027RAS-Guide-v1.pdf,2026-09-19
AIZU-2027-REC-A,会津大学,コンピュータ理工学部,コンピュータ理工学部（一括募集）,学校推薦型選抜A,PCK-02,全国高等学校パソコンコンクール（パソコン甲子園）プログラミング部門,本選出場または予選成績優秀証,GPA3.8以上を含む複数の出願資格のうち、いずれか1つを満たせばよい。,Yes,Yes,https://u-aizu.ac.jp/files/page/admissions/AY2027RAS-Guide-v1.pdf,2026-09-19
AIZU-2027-REC-A,会津大学,コンピュータ理工学部,コンピュータ理工学部（一括募集）,学校推薦型選抜A,JOI-03,日本情報オリンピック,セミファイナルステージ出場（第24回以前は本選）,GPA3.8以上を含む複数の出願資格のうち、いずれか1つを満たせばよい。,Yes,Yes,https://u-aizu.ac.jp/files/page/admissions/AY2027RAS-Guide-v1.pdf,2026-09-19
AIZU-2027-REC-A,会津大学,コンピュータ理工学部,コンピュータ理工学部（一括募集）,学校推薦型選抜A,SCI-04,福島県高等学校文化連盟 生徒理科研究発表会県大会,発表,GPA3.8以上を含む複数の出願資格のうち、いずれか1つを満たせばよい。,Yes,Yes,https://u-aizu.ac.jp/files/page/admissions/AY2027RAS-Guide-v1.pdf,2026-09-19
AIZU-2027-REC-B,会津大学,コンピュータ理工学部,コンピュータ理工学部（一括募集）,学校推薦型選抜B,IT-01,情報処理技術者試験,合格,GPA3.8以上を含む複数の出願資格のうち、いずれか1つを満たせばよい。,Yes,Yes,https://u-aizu.ac.jp/files/page/admissions/AY2027RAS-Guide-v1.pdf,2026-09-19
AIZU-2027-REC-B,会津大学,コンピュータ理工学部,コンピュータ理工学部（一括募集）,学校推薦型選抜B,PCK-02,全国高等学校パソコンコンクール（パソコン甲子園）プログラミング部門,本選出場または予選成績優秀証,GPA3.8以上を含む複数の出願資格のうち、いずれか1つを満たせばよい。,Yes,Yes,https://u-aizu.ac.jp/files/page/admissions/AY2027RAS-Guide-v1.pdf,2026-09-19
AIZU-2027-REC-B,会津大学,コンピュータ理工学部,コンピュータ理工学部（一括募集）,学校推薦型選抜B,JOI-03,日本情報オリンピック,セミファイナルステージ出場（第24回以前は本選）,GPA3.8以上を含む複数の出願資格のうち、いずれか1つを満たせばよい。,Yes,Yes,https://u-aizu.ac.jp/files/page/admissions/AY2027RAS-Guide-v1.pdf,2026-09-19
FPU-2027-AO-RPI,福井県立大学,地域政策学部,地域イノベーション学科,総合型選抜,RPI-RESEARCH,社会科学分野の課題研究・探究活動または自由研究,実施経験,社会科学分野の課題研究や探究活動（総合的な探究の時間に限らず、生徒会・部活動・NPO・高校生起業家等を含む）または自由研究を行った者。,No,Yes,https://www.fpu.ac.jp/news_category/category/entrance-examination/q156691_d/fil/1.pdf,2026-09-19
FPU-2027-REC-MAR-SCI,福井県立大学,海洋生物資源学部,海洋生物資源学科,学校推薦型選抜（理数科目を重視する）,SCI-ALT-COMP,都道府県レベル以上の学術大会等,入賞または予選合格,理数科または類似学科卒業見込、SSH指定校でSSH学校設定科目履修、または自然科学に強い関心を持ち都道府県レベル以上の学術大会等で入賞・予選合格、のいずれか。,Yes,Yes,https://www.fpu.ac.jp/news_category/category/entrance-examination/q156695_d/fil/R09_01.pdf,2026-09-19
FPU-2027-REC-AQUA-SCI,福井県立大学,海洋生物資源学部,先端増養殖科学科,学校推薦型選抜（理数科目を重視する）,SCI-ALT-COMP,都道府県レベル以上の学術大会等,入賞または予選合格,理数科または類似学科卒業見込、SSH指定校でSSH学校設定科目履修、または自然科学に強い関心を持ち都道府県レベル以上の学術大会等で入賞・予選合格、のいずれか。,Yes,Yes,https://www.fpu.ac.jp/news_category/category/entrance-examination/q156695_d/fil/R09_01.pdf,2026-09-19
KAGOSHIMA-2027-SRI-AGR-G,鹿児島大学,農学部,農学科,学校推薦型選抜Ⅰ,RESEARCH_PRESENTATION,理科又は農林業・環境・食品関連の研究活動,主体的な研究活動＋学校内外での成果発表経験,高校在学中に対象テーマの研究活動に主体的に取り組み、学校内外いずれかで成果発表（インターネット発表可）を行った経験が必須。推薦書に成果発表経験を含める。,No,Yes,https://www.kagoshima-u.ac.jp/exam/R09-sui1.pdf,2026-09-20
KAGOSHIMA-2027-SRI-ANIMAL-G,鹿児島大学,共同獣医学部,畜産学科,学校推薦型選抜Ⅰ,RESEARCH_PRESENTATION,理科又は畜産・食品関連の研究活動,主体的な研究活動＋学校内外での成果発表経験,高校在学中に対象テーマの研究活動に主体的に取り組み、学校内外いずれかで成果発表（インターネット発表可）を行った経験が必須。推薦書に成果発表経験を含める。,No,Yes,https://www.kagoshima-u.ac.jp/exam/R09-sui1.pdf,2026-09-20
TMU-2027-AO-06,東京都立大学,理学部,物理学科,科学オリンピック入試,COMPETITION_ELIGIBILITY,物理チャレンジ,金賞・銀賞・銅賞・優良賞のいずれか,科学オリンピック入試の出願資格として所定の大会・事業実績が必須。,No,Yes,https://drive.google.com/file/d/1iicUr2DliNvjk2V_hN1M1_PGro3Z8XLn/view?usp=drivesdk,2026-09-22
TMU-2027-AO-07,東京都立大学,理学部,化学科,科学オリンピック入試,COMPETITION_ELIGIBILITY,化学グランプリ,一次選考（筆記）上位10％以内（2020〜2022年は二次選考の大賞・金賞・銀賞・銅賞）,科学オリンピック入試の出願資格として所定の大会・事業実績が必須。,No,Yes,https://drive.google.com/file/d/1iicUr2DliNvjk2V_hN1M1_PGro3Z8XLn/view?usp=drivesdk,2026-09-22
TMU-2027-AO-08,東京都立大学,理学部,生命科学科,科学オリンピック入試,COMPETITION_ELIGIBILITY,日本生物学オリンピック,予選通過,科学オリンピック入試の出願資格として所定の大会・事業実績が必須。,No,Yes,https://drive.google.com/file/d/1iicUr2DliNvjk2V_hN1M1_PGro3Z8XLn/view?usp=drivesdk,2026-09-22
TMU-2027-AO-09,東京都立大学,都市環境学部,地理環境学科,科学オリンピック入試,COMPETITION_ELIGIBILITY,国際地学/地理オリンピック等,国際地学/地理オリンピック日本代表、又は日本地学オリンピック予選通過、又は科学地理オリンピック日本選手権金・銀,科学オリンピック入試の出願資格として所定の大会・事業実績が必須。,No,Yes,https://drive.google.com/file/d/1iicUr2DliNvjk2V_hN1M1_PGro3Z8XLn/view?usp=drivesdk,2026-09-22
TMU-2027-AO-10,東京都立大学,都市環境学部,環境応用化学科,科学オリンピック入試,COMPETITION_ELIGIBILITY,化学グランプリ,一次選考（筆記）上位10％以内,科学オリンピック入試の出願資格として所定の大会・事業実績が必須。,No,Yes,https://drive.google.com/file/d/1iicUr2DliNvjk2V_hN1M1_PGro3Z8XLn/view?usp=drivesdk,2026-09-22
TMU-2027-AO-11,東京都立大学,システムデザイン学部,情報科学科,科学オリンピック入試,COMPETITION_ELIGIBILITY,日本情報オリンピック等,日本情報オリンピック予選Aランク又は本選成績優秀者（女性部門含む）、又は未踏IT/未踏ジュニア採択,科学オリンピック入試の出願資格として所定の大会・事業実績が必須。,No,Yes,https://drive.google.com/file/d/1iicUr2DliNvjk2V_hN1M1_PGro3Z8XLn/view?usp=drivesdk,2026-09-22
KAN-2027-CHOZEN-A1-LEAD,金沢大学,融合学域,先導学類,超然特別入試（A-lympiad選抜Ⅰ）,COMPETITION_ELIGIBILITY,日本数学A-lympiad,最優秀賞・優秀賞・優良賞のいずれか,日本数学A-lympiadで所定の入賞実績を有することが出願要件。,No,Yes,https://www.kanazawa-u.ac.jp/admission,2026-09-22
KAN-2027-CHOZEN-A1-TOUR,金沢大学,融合学域,観光デザイン学類,超然特別入試（A-lympiad選抜Ⅰ）,COMPETITION_ELIGIBILITY,日本数学A-lympiad,最優秀賞・優秀賞・優良賞のいずれか,日本数学A-lympiadで所定の入賞実績を有することが出願要件。,No,Yes,https://www.kanazawa-u.ac.jp/admission,2026-09-22
KAN-2027-CHOZEN-A1-SMART,金沢大学,融合学域,スマート創成科学類,超然特別入試（A-lympiad選抜Ⅰ）,COMPETITION_ELIGIBILITY,日本数学A-lympiad,最優秀賞・優秀賞・優良賞のいずれか,日本数学A-lympiadで所定の入賞実績を有することが出願要件。,No,Yes,https://www.kanazawa-u.ac.jp/admission,2026-09-22
KAN-2027-CHOZEN-A1-HUM,金沢大学,人間社会学域,人文学類,超然特別入試（A-lympiad選抜Ⅰ）,COMPETITION_ELIGIBILITY,日本数学A-lympiad,最優秀賞・優秀賞・優良賞のいずれか,日本数学A-lympiadで所定の入賞実績を有することが出願要件。,No,Yes,https://www.kanazawa-u.ac.jp/admission,2026-09-22
KAN-2027-CHOZEN-A1-LAW,金沢大学,人間社会学域,法学類,超然特別入試（A-lympiad選抜Ⅰ）,COMPETITION_ELIGIBILITY,日本数学A-lympiad,最優秀賞・優秀賞・優良賞のいずれか,日本数学A-lympiadで所定の入賞実績を有することが出願要件。,No,Yes,https://www.kanazawa-u.ac.jp/admission,2026-09-22
KAN-2027-CHOZEN-A1-ECON,金沢大学,人間社会学域,経済学類,超然特別入試（A-lympiad選抜Ⅰ）,COMPETITION_ELIGIBILITY,日本数学A-lympiad,最優秀賞・優秀賞・優良賞のいずれか,日本数学A-lympiadで所定の入賞実績を有することが出願要件。,No,Yes,https://www.kanazawa-u.ac.jp/admission,2026-09-22
KAN-2027-CHOZEN-A1-EDU,金沢大学,人間社会学域,学校教育学類,超然特別入試（A-lympiad選抜Ⅰ）,COMPETITION_ELIGIBILITY,日本数学A-lympiad,最優秀賞・優秀賞・優良賞のいずれか,日本数学A-lympiadで所定の入賞実績を有することが出願要件。,No,Yes,https://www.kanazawa-u.ac.jp/admission,2026-09-22
KAN-2027-CHOZEN-A1-INTL,金沢大学,人間社会学域,国際学類,超然特別入試（A-lympiad選抜Ⅰ）,COMPETITION_ELIGIBILITY,日本数学A-lympiad,最優秀賞・優秀賞・優良賞のいずれか,日本数学A-lympiadで所定の入賞実績を有することが出願要件。,No,Yes,https://www.kanazawa-u.ac.jp/admission,2026-09-22
KAN-2027-CHOZEN-A1-MATH,金沢大学,理工学域,数物科学類,超然特別入試（A-lympiad選抜Ⅰ）,COMPETITION_ELIGIBILITY,日本数学A-lympiad,最優秀賞・優秀賞・優良賞のいずれか,日本数学A-lympiadで所定の入賞実績を有することが出願要件。,No,Yes,https://www.kanazawa-u.ac.jp/admission,2026-09-22
KAN-2027-CHOZEN-A1-CHEM,金沢大学,理工学域,物質化学類,超然特別入試（A-lympiad選抜Ⅰ）,COMPETITION_ELIGIBILITY,日本数学A-lympiad,最優秀賞・優秀賞・優良賞のいずれか,日本数学A-lympiadで所定の入賞実績を有することが出願要件。,No,Yes,https://www.kanazawa-u.ac.jp/admission,2026-09-22
KAN-2027-CHOZEN-A1-MECH,金沢大学,理工学域,機械工学類,超然特別入試（A-lympiad選抜Ⅰ）,COMPETITION_ELIGIBILITY,日本数学A-lympiad,最優秀賞・優秀賞・優良賞のいずれか,日本数学A-lympiadで所定の入賞実績を有することが出願要件。,No,Yes,https://www.kanazawa-u.ac.jp/admission,2026-09-22
KAN-2027-CHOZEN-A1-FRONT,金沢大学,理工学域,フロンティア工学類,超然特別入試（A-lympiad選抜Ⅰ）,COMPETITION_ELIGIBILITY,日本数学A-lympiad,最優秀賞・優秀賞・優良賞のいずれか,日本数学A-lympiadで所定の入賞実績を有することが出願要件。,No,Yes,https://www.kanazawa-u.ac.jp/admission,2026-09-22
KAN-2027-CHOZEN-A1-EE,金沢大学,理工学域,電子情報通信学類,超然特別入試（A-lympiad選抜Ⅰ）,COMPETITION_ELIGIBILITY,日本数学A-lympiad,最優秀賞・優秀賞・優良賞のいずれか,日本数学A-lympiadで所定の入賞実績を有することが出願要件。,No,Yes,https://www.kanazawa-u.ac.jp/admission,2026-09-22
KAN-2027-CHOZEN-A1-EARTH,金沢大学,理工学域,地球社会基盤学類,超然特別入試（A-lympiad選抜Ⅰ）,COMPETITION_ELIGIBILITY,日本数学A-lympiad,最優秀賞・優秀賞・優良賞のいずれか,日本数学A-lympiadで所定の入賞実績を有することが出願要件。,No,Yes,https://www.kanazawa-u.ac.jp/admission,2026-09-22
KAN-2027-CHOZEN-A1-BIO,金沢大学,理工学域,生命理工学類,超然特別入試（A-lympiad選抜Ⅰ）,COMPETITION_ELIGIBILITY,日本数学A-lympiad,最優秀賞・優秀賞・優良賞のいずれか,日本数学A-lympiadで所定の入賞実績を有することが出願要件。,No,Yes,https://www.kanazawa-u.ac.jp/admission,2026-09-22
KAN-2027-CHOZEN-A1-MEDSCI,金沢大学,医薬保健学域,医薬科学類,超然特別入試（A-lympiad選抜Ⅰ）,COMPETITION_ELIGIBILITY,日本数学A-lympiad,最優秀賞・優秀賞・優良賞のいずれか,日本数学A-lympiadで所定の入賞実績を有することが出願要件。,No,Yes,https://www.kanazawa-u.ac.jp/admission,2026-09-22
KAN-2027-CHOZEN-A2-MED,金沢大学,医薬保健学域,医学類,超然特別入試（A-lympiad選抜Ⅱ）,COMPETITION_ELIGIBILITY,日本数学A-lympiad,最優秀賞・優秀賞・優良賞のいずれか,日本数学A-lympiadで所定の入賞実績を有することが出願要件。,No,Yes,https://www.kanazawa-u.ac.jp/admission,2026-09-22
KAN-2027-CHOZEN-A2-NURS,金沢大学,医薬保健学域,保健学類 看護学専攻,超然特別入試（A-lympiad選抜Ⅱ）,COMPETITION_ELIGIBILITY,日本数学A-lympiad,最優秀賞・優秀賞・優良賞のいずれか,日本数学A-lympiadで所定の入賞実績を有することが出願要件。,No,Yes,https://www.kanazawa-u.ac.jp/admission,2026-09-22
KAN-2027-CHOZEN-A2-RAD,金沢大学,医薬保健学域,保健学類 診療放射線技術学専攻,超然特別入試（A-lympiad選抜Ⅱ）,COMPETITION_ELIGIBILITY,日本数学A-lympiad,最優秀賞・優秀賞・優良賞のいずれか,日本数学A-lympiadで所定の入賞実績を有することが出願要件。,No,Yes,https://www.kanazawa-u.ac.jp/admission,2026-09-22
KAN-2027-CHOZEN-A2-LAB,金沢大学,医薬保健学域,保健学類 医療検査技術学専攻,超然特別入試（A-lympiad選抜Ⅱ）,COMPETITION_ELIGIBILITY,日本数学A-lympiad,最優秀賞・優秀賞・優良賞のいずれか,日本数学A-lympiadで所定の入賞実績を有することが出願要件。,No,Yes,https://www.kanazawa-u.ac.jp/admission,2026-09-22
KAN-2027-CHOZEN-A2-PT,金沢大学,医薬保健学域,保健学類 理学療法学専攻,超然特別入試（A-lympiad選抜Ⅱ）,COMPETITION_ELIGIBILITY,日本数学A-lympiad,最優秀賞・優秀賞・優良賞のいずれか,日本数学A-lympiadで所定の入賞実績を有することが出願要件。,No,Yes,https://www.kanazawa-u.ac.jp/admission,2026-09-22
KAN-2027-CHOZEN-A2-OT,金沢大学,医薬保健学域,保健学類 作業療法学専攻,超然特別入試（A-lympiad選抜Ⅱ）,COMPETITION_ELIGIBILITY,日本数学A-lympiad,最優秀賞・優秀賞・優良賞のいずれか,日本数学A-lympiadで所定の入賞実績を有することが出願要件。,No,Yes,https://www.kanazawa-u.ac.jp/admission,2026-09-22
KAN-2027-CHOZEN-LIT-LEAD,金沢大学,融合学域,先導学類,超然特別入試（超然文学選抜）,COMPETITION_ELIGIBILITY,超然文学賞,小説部門又は短歌部門の所定入賞実績,超然文学賞で所定の入賞実績を有することが出願要件。,No,Yes,https://www.kanazawa-u.ac.jp/admission,2026-09-22
KAN-2027-CHOZEN-LIT-TOUR,金沢大学,融合学域,観光デザイン学類,超然特別入試（超然文学選抜）,COMPETITION_ELIGIBILITY,超然文学賞,小説部門又は短歌部門の所定入賞実績,超然文学賞で所定の入賞実績を有することが出願要件。,No,Yes,https://www.kanazawa-u.ac.jp/admission,2026-09-22
KAN-2027-CHOZEN-LIT-SMART,金沢大学,融合学域,スマート創成科学類,超然特別入試（超然文学選抜）,COMPETITION_ELIGIBILITY,超然文学賞,小説部門又は短歌部門の所定入賞実績,超然文学賞で所定の入賞実績を有することが出願要件。,No,Yes,https://www.kanazawa-u.ac.jp/admission,2026-09-22
KAN-2027-CHOZEN-LIT-HUM,金沢大学,人間社会学域,人文学類,超然特別入試（超然文学選抜）,COMPETITION_ELIGIBILITY,超然文学賞,小説部門又は短歌部門の所定入賞実績,超然文学賞で所定の入賞実績を有することが出願要件。,No,Yes,https://www.kanazawa-u.ac.jp/admission,2026-09-22
KAN-2027-CHOZEN-LIT-EDU,金沢大学,人間社会学域,学校教育学類,超然特別入試（超然文学選抜）,COMPETITION_ELIGIBILITY,超然文学賞,小説部門又は短歌部門の所定入賞実績,超然文学賞で所定の入賞実績を有することが出願要件。,No,Yes,https://www.kanazawa-u.ac.jp/admission,2026-09-22
KAN-2027-CHOZEN-LIT-INTL,金沢大学,人間社会学域,国際学類,超然特別入試（超然文学選抜）,COMPETITION_ELIGIBILITY,超然文学賞,小説部門又は短歌部門の所定入賞実績,超然文学賞で所定の入賞実績を有することが出願要件。,No,Yes,https://www.kanazawa-u.ac.jp/admission,2026-09-22
TSU-2027-OLY-CHEM,筑波大学,理工学群,化学類,国際科学オリンピック特別入試,COMPETITION_ELIGIBILITY,国際科学オリンピック等,国際化学オリンピック日本代表、又は化学グランプリ1次通過かつ2次参加,国際化学オリンピック日本代表、又は化学グランプリ1次通過かつ2次参加,No,Yes,https://ac.tsukuba.ac.jp/apply/application-guidelines/,2026-09-22
TSU-2027-OLY-INFO,筑波大学,情報学群,情報科学類,国際科学オリンピック特別入試,COMPETITION_ELIGIBILITY,国際科学オリンピック等,日本情報オリンピック本選Aランク,日本情報オリンピック本選Aランク,No,Yes,https://ac.tsukuba.ac.jp/apply/application-guidelines/,2026-09-22
TSU-2027-OLY-MEDIA,筑波大学,情報学群,情報メディア創成学類,国際科学オリンピック特別入試,COMPETITION_ELIGIBILITY,国際科学オリンピック等,日本情報オリンピック本選Aランク,日本情報オリンピック本選Aランク,No,Yes,https://ac.tsukuba.ac.jp/apply/application-guidelines/,2026-09-22
TOHOKU-2027-SCIOLY-MATH,東北大学,理学部,数学科,科学オリンピック入試,COMPETITION_ELIGIBILITY,国際科学オリンピック等（種類を問わない）,過去3年間の日本代表最終選考等の参加者。例：日本数学オリンピック本選を経て日本代表候補となり春季合宿等へ参加。,科学オリンピック入試の出願要件として所定の日本代表最終選考等の参加実績が必須。,No,Yes,https://admissions.tohoku.ac.jp/ja/adcms/wp-content/uploads/2026/08/r9ScienceOlympiad_Application-Guidelines.pdf,2026-09-22
TOHOKU-2027-SCIOLY-PHYS,東北大学,理学部,物理学科・宇宙地球物理学科,科学オリンピック入試,COMPETITION_ELIGIBILITY,国際物理オリンピック又は国際数学オリンピック,過去3年間の日本代表最終選考等の参加者。例：全国物理コンテスト物理チャレンジ最終選考参加等。,科学オリンピック入試の出願要件として所定の日本代表最終選考等の参加実績が必須。,No,Yes,https://admissions.tohoku.ac.jp/ja/adcms/wp-content/uploads/2026/08/r9ScienceOlympiad_Application-Guidelines.pdf,2026-09-22
TOHOKU-2027-SCIOLY-CHEM,東北大学,理学部,化学科,科学オリンピック入試,COMPETITION_ELIGIBILITY,国際化学オリンピック,過去3年間の日本代表最終選考等の参加者。例：化学グランプリ二次選考を経て日本代表候補となり春季合宿等へ参加。,科学オリンピック入試の出願要件として所定の日本代表最終選考等の参加実績が必須。,No,Yes,https://admissions.tohoku.ac.jp/ja/adcms/wp-content/uploads/2026/08/r9ScienceOlympiad_Application-Guidelines.pdf,2026-09-22
TOHOKU-2027-SCIOLY-EARTH,東北大学,理学部,地圏環境科学科・地球惑星物質科学科,科学オリンピック入試,COMPETITION_ELIGIBILITY,国際科学オリンピック等（系指定）,過去3年間の日本代表最終選考等の参加者。日本地学オリンピック本選、科学地理オリンピック日本選手権二次選抜金賞等を含む。,科学オリンピック入試の出願要件として所定の日本代表最終選考等の参加実績が必須。,No,Yes,https://admissions.tohoku.ac.jp/ja/adcms/wp-content/uploads/2026/08/r9ScienceOlympiad_Application-Guidelines.pdf,2026-09-22
TOHOKU-2027-SCIOLY-BIO,東北大学,理学部,生物学科,科学オリンピック入試,COMPETITION_ELIGIBILITY,国際生物学オリンピック,過去3年間の日本代表最終選考等の参加者。例：日本生物学オリンピック本選を経た代表選考参加。,科学オリンピック入試の出願要件として所定の日本代表最終選考等の参加実績が必須。,No,Yes,https://admissions.tohoku.ac.jp/ja/adcms/wp-content/uploads/2026/08/r9ScienceOlympiad_Application-Guidelines.pdf,2026-09-22
