institution_type,university,undergraduate_scope,research_status,master_rows,current_year_status,fallback_status,checked_on,official_source_url,notes
私立,早稲田大学,一般・理系重点,再監査済（建築AO1＋先進理工特別14＋人間科学FACT3＋地域探究STEM/健康5＝23募集単位）,23,2027年度公式入試要項・FACT・地域探究・理工特別選抜を再監査。追加なし,不要（反映範囲は2027公式情報あり）,2026-09-19,https://www.waseda.jp/inst/admission/undergraduate/system/ao/,既存23件で理系重点の公開型早期入試を収録済み。建築AO、先進理工特別選抜、人間科学FACT、地域探究・貢献入試を2027公式情報で再監査。地域探究は最終選考で大学入学共通テストを使用する点も再確認。
私立,慶應義塾大学,一般・理系重点 / 医学科 / 薬学 / 看護,再監査済（公開公募対象：SFC夏秋AO2＋看護AO A/B2＝4募集単位）,4,2026夏秋AO（2027年4月/9月入学）・2027看護医療AO正式要項を再監査,不要（反映範囲は2027公式情報あり）,2026-09-19,https://www.keio.ac.jp/ja/admissions/faculty/examinations/,SFC夏秋AO2件は2027年4月/9月入学対象で、同一期内の総合政策/環境情報併願不可。他大学併願・入学確約の明示はなくexclusive_enrollment_status=不明。看護AO A/Bは正式要項で『第1志望』を確認したが合格時入学確約の明文はないため条件付き維持。B方式は評定4.5以上を再確認。
私立,上智大学,一般・理系重点,詳細再監査済（理工4＋看護1＝5件、全件complete/A）,5,2027公募制公式ページ・FAQ・変更資料を全項目再監査。学科試問＝筆記を確定,不要（2027公式情報あり）,2026-09-20,https://adm.sophia.ac.jp/jpn/gakubu_tokubetsu_ad/koubo/,募集人員・出願資格・評定/外国語/履修要件・入学確約・書類・日程を確認済み。FAQの『筆記試験終了後』の面接案内から学科試問を筆記として確定し、5件をcomplete/Aへ更新。学校あたり推薦人数上限は公式明示なしのためUnknownを監査済み最終値とした。
私立,東京理科大学,一般・理系重点 / 薬学,再監査済（英語資格検定＋特定教科評価31＋理学部第二部3＋女子17＝51募集単位）,51,2027年度公式募集要項（9月2日更新版）・総合型制度ページを再監査,不要（2027公式情報あり）,2026-09-19,https://www.tus.ac.jp/admissions/university/guideline/general/,既存51件で公開対象を収録済み。英語資格検定＋特定教科評価、理学部第二部、女子はいずれも出願学科第一志望かつ合格時入学確約を公式再確認。書類審査・小論文・面接・口頭試問の構成も2027募集要項と整合。
私立,明治大学,一般・理系重点,再監査済（理工自己推薦5＋農学自己推薦4＋地域農業振興1＋総合数理自己推薦2＝12募集単位）,12,2027年度公式要項・出願書類・理工変更情報を再監査。追加なし,不要（2027公式情報あり）,2026-09-19,https://www.meiji.ac.jp/exam/reference/tgansho.html,既存12件で理系公開総合型を収録済み。理工電気電子生命学科は2027年度から数学/英語筆記を廃止し英語4技能資格活用へ変更済み。農学部自己推薦は第2次で特別講義＋講義内容筆記＋面接。新規未収録方式なし。
私立,青山学院大学,一般・理系重点,再監査済（理工系女子特別4募集単位）,4,2027年度理工系女子特別・入学者選抜要項一覧を再監査。追加なし,不要（2027公式情報あり）,2026-09-19,https://www.aoyama.ac.jp/admission/undergraduate/examination/scienceandengineering_special.html,公開型の理系一般高校生向け早期入試は物理科学・電気電子・機械創造・情報テクノロジーの理工系女子特別4件。統計データサイエンス学環、理工学部他学科、社会情報学部等の推薦は指定校制のため公開Master対象外。全国児童養護施設推薦は全学部・学環対象だが、施設入所者という特定社会的背景に基づく特別推薦のため現行Master対象外として注記のみ。
私立,立教大学,一般・理系重点,再監査済（理学4＋環境1＝5件、全5件partial/A）,5,2027特別入試要項入口・自由選抜動的要項・所定出願書類を再監査,不要（2027公式情報あり）,2026-09-20,https://www.rikkyo.ac.jp/admissions/undergraduate/guidelines/,2027自由選抜要項の公式入口と所定出願書類を再確認。理学4件の主要条件は既存値と整合、環境学部は志望理由書・活動報告書・任意資料の所定書式を確認。動的PDFビューア本文を直接展開できず、理学部の一部学科別条件と環境学部の募集人員・評定・成績書類を公式本文で再確認できないため5件partial/A維持。第三者情報でcanonicalを補完しない。
私立,中央大学,一般・理系重点,再監査済（理工10＋スポーツ情報3＝13募集単位）,13,2027年度公式特別入試要項・スポーツ情報学部入試情報を再監査。追加なし,不要（2027公式情報あり）,2026-09-19,https://www.chuo-u.ac.jp/connect/admission/special/guide/,高大接続型自己推薦10件とスポーツ情報学部3方式を維持。高大接続型自己推薦は自由応募制で他大学併願可。スポーツ情報学部も既存3方式で公開型対象を収録済み。
私立,法政大学,一般・理系重点,再監査済（理工4＋情報科学2＋スポーツ健康理数系1＝7募集単位）,7,2027年度正式入試要項本文まで再監査,不要（2027公式情報あり）,2026-09-19,https://nyushi.hosei.ac.jp/nyushi/seido/suisen/,スポーツ健康学部自己推薦（理数系）は2027正式要項Q&Aで他学部・他大学との併願可と確認し、不明→併願可、partial/B→complete/Aへ更新。調査書必須、書類審査→理数系総合問題60分＋面接。情報科学部は2027年度から公募推薦→自己推薦へ名称変更・推薦書廃止を正式要項で再確認。理工公募4件は既存complete/Aを維持。
私立,学習院大学,一般・理系重点,再監査済（理学部公募推薦4学科）,4,2027年度公式公募制推薦・入試制度変更点を再監査,不要（2027公式情報あり）,2026-09-19,https://www.univ.gakushuin.ac.jp/admissions/faculty-exam/recommendation-open/,理学部公募推薦4学科を維持。生命科学科の2027年度出願資格変更を反映。指定校推薦は対象校向けパスワード保護のため公開Masterには追加しない。2027年度AOは理学部では実施しない。
私立,成蹊大学,一般・理系重点,再監査済（理工学部自己推薦型1募集単位）,1,2027年度公式自己推薦型要項第4版を再監査,不要（2027公式情報あり）,2026-09-19,https://www.seikei.ac.jp/university/s-net/admissions/comprehensive/self-recommendation.html,理工学部自己推薦型は理工学科1募集単位。5専攻は入学手続時選択のため分割しない。合格時入学確約があり専願。数学14単位以上・理科10単位以上、二次は数学的思考力・科学技術テーマ記述・口頭試問付き面接。2027年度基礎学力型は実施取りやめ。
私立,日本大学,一般・理系重点 / 医学科 / 薬学 / 獣医,詳細拡張・再監査済（生物資源総合型/公募、理工総合型、生産工総合型/公募、工学総合型/公募、薬学、医学＝98募集単位）,98,2027年度生物資源科学部総合型募集要項まで反映,不要（2027公式情報あり）,2026-09-19,https://www.brs.nihon-u.ac.jp/application/,v0.69の89件に、生物資源科学部総合型の未収録9学科（バイオサイエンス17、動物10、海洋12、森林10、環境10、アグリ12、食品開発12、食品ビジネス10、国際共生10）を追加し98件。全て第一志望・合格時入学確約ありの専願。第1次書類選考、第2次は実験/実習/演習＋発表＋口述試問。獣医学科は総合型募集なし。
私立,東洋大学,一般・理系重点,詳細拡張済（理系重点AO・推薦32＋基礎学力テスト型43募集単位）,75,2027年度公式基礎学力テスト型（公募制・併願可）を方式単位まで追加,不要（2027公式情報あり）,2026-09-19,https://www.toyo.ac.jp/nyushi/admission/admission-data/achievement-test/,既存32件に基礎学力テスト型43件を追加し計75件。理系重点として情報連携、理工5学科、総合情報3専攻、環境イノベーション、生命科学3学科、食環境科学3学科を収録。均等配点・重視型・英国/英数は別出願可能なため方式別レコード化。募集人員は同一学科内の複数方式で共有。
私立,東海大学,湘南キャンパス理工系 / 医学科 / 看護,詳細拡張・再監査済（既存48＋プレトク17＝65募集単位）,65,2027年度特待生試験『プレトク』正式要項を追加反映,不要（2027公式情報あり）,2026-09-19,https://www.u-tokai.ac.jp/examination-admissions/exam/,湘南キャンパス理工系16学科・専攻＋医学部看護学科のプレトク17件を追加。プレトクは12/13実施、最大3学科併願可、英語外部試験換算＋数学/選択科目＋面接/書類審査。特待生基準に届かなくても成績基準を満たせば総合型選抜として合格となるため、年内早期入試DBの対象として収録。航空操縦学専攻は対象外。
私立,芝浦工業大学,一般・理系重点,再監査済（総合型50＋駅伝プロジェクト26＝76募集単位）,76,2027年度公式特別・推薦要項・総合型各方式ページを再監査。追加なし,不要（2027公式情報あり）,2026-09-19,https://admissions.shibaura-it.ac.jp/exam-info/2027%E5%B9%B4%E5%BA%A6%E7%89%B9%E5%88%A5%E3%83%BB%E6%8E%A8%E8%96%A6%E5%85%A5%E5%AD%A6%E8%80%85%E9%81%B8%E6%8A%9C-%E5%8B%9F%E9%9B%86%E8%A6%81%E9%A0%85%E3%81%AE%E5%85%AC%E9%96%8B%E3%81%AB%E3%81%A4/,工学部総合型9、システム理工11、デザイン工3、建築プロジェクト1、理工系女子26、駅伝プロジェクト26の計76件を維持。理工系女子・駅伝は合格時入学確約が明記され専願。一般選抜との併願は可能だが、他の特別・推薦選抜との併願不可。2027公式募集区分・人数と既存Masterが整合。
私立,工学院大学,一般・理系重点,追加監査済（探究成果4＋自己推薦14＋総合評価7＝25募集単位）,25,2027年度公式募集要項・入試ページで公開型主要早期入試を再監査・追加,不要（2027公式情報あり）,2026-09-19,https://www.kogakuin.ac.jp/admissions/,自己推薦型14件（通常13＋航空理工1）と総合評価型7件を追加。通常自己推薦は公式に他大学併願可。航空理工は入試詳細ページの『併願可能』と専攻サイトの『専願入試』が併存し、合格時入学確約の明文化を確認できないため条件付き。総合評価型の応用化学・応用物理も『専願制』表記のみのため本DB基準では条件付き。
私立,東京電機大学,一般・理系重点,追加監査済（AO11＋とんがりAO6＋公募20＝37募集単位）,37,2027年度公式学校推薦型選抜（公募）募集要項を反映,不要（2027公式情報あり）,2026-09-19,https://www.dendai.ac.jp/about/admission/undergraduate/koubo.html,学校推薦型選抜（公募）20募集単位を追加。公式に他大学との併願可能。調査書・推薦書・志望理由書、学科別の評定/履修条件、基礎学力試験・面接・口頭試問を募集要項から反映。高校1校あたり推薦人数上限は公開要項で明示を確認できないためUnknown。
私立,東京都市大学,一般・理系重点,再監査済（総合型32＋学校推薦型45＝77募集単位、全件complete）,77,2027年度公式入試制度・学校推薦型公募ページを再監査。追加募集単位なし,不要（2027公式情報あり）,2026-09-19,https://www.comm.tcu.ac.jp/nyushi/exam/mod/recruitment_recommendation/,既存77件（総合型32＋学校推薦型45）で公開型の主要年内入試を収録済み。公募推薦45件は公式ページで出願資格、評定、募集人員、選考、日程、専願/併願を再確認。高校1校あたり推薦人数上限は公式に明示されずUnknownだが、確認済みUnknownとしてcomplete/Aへ更新。
私立,東京工科大学,一般・理系重点,再監査済（全学部AO14＋学部特色8＋公募14＝36募集単位）,36,2027公募制募集要項は2026-09-14公式公開済み。デジタル本文の学科別数値確認待ち,不要（2027公式情報あり）,2026-09-20,https://www.teu.ac.jp/entrance/download/kouboseisuisen.html,公募14件は推薦書・志願理由書・調査書、個人面接約20分、他大学併願可を公式確認済み。募集人員・2027数値評定/英語基準・出願日程はデジタルパンフ本文の直接確認待ちでpartial/B維持。
私立,東京工芸大学,一般・理系重点,再監査済（工学部4コース×主要年内4方式＝16募集単位）,16,2027年度公式工学部入試ページ・学生募集要項（9月11日更新版）を再監査,不要（2027公式情報あり）,2026-09-19,https://www.t-kougei.ac.jp/admission/engineering/information/,総合型Ⅰ・Ⅱ、公募制（併願・特待生）、同窓生子女特別推薦を4コースで計16件。Ⅰ期と同窓生子女は入学確約を確認し専願、公募は併願可。Ⅱ期は公開資料で入学確約・併願可の明示を確認できず不明。Ⅲ・Ⅳ期は2027年2～3月実施のため年内早期入試DB対象外。
私立,東京農業大学,一般・理系重点,再監査済（主要早期入試6方式・100募集単位、全件complete）,100,2027年度公式Web募集要項を再監査。追加募集単位なし,不要（2027公式情報あり）,2026-09-19,https://www.nodai.ac.jp/admission/info/webentry/,2027年度公開型主要年内入試6方式・100件を収録済み。学校推薦型公募制23件は正式募集要項で専願、卒業要件、学部別評定、出願書類、口頭試問、募集人員・日程を再確認。高校1校あたり推薦人数上限は要項に記載がないためUnknownだが、確認済みUnknownとしてcomplete/Aへ更新。
私立,北里大学,一般・理系重点 / 医学科 / 薬学 / 看護 / 獣医,再監査済（未来工3・理学5・獣医6・海洋2・薬3・医療衛生18・健康科学4＝41募集単位）,41,2027年度公式募集要項・主な変更点・専願方針を再監査。追加なし,不要（2027公式情報あり）,2026-09-19,https://www.kitasato-u.ac.jp/jp/goukaku/undergraduate_ad/application/application.html,既存41件で公開型対象を収録済み。2027年度変更として獣医学科公募は小論文→基礎学力試験へ、グリーン環境創成科学科公募は評定3.5以上の数値要件を削除、医療衛生学部公募はコース/学科別評定要件変更を再確認。学校推薦型・総合型は大学共通方針で専願扱い・原則入学辞退不可。基礎学力/講義理解力等を適性検査に二重計上していた行を修正。
私立,東邦大学,一般・理系重点 / 医学科 / 薬学 / 看護,再監査済（理学・薬学・医学・看護・健康科学22募集単位、全件complete/A）,22,2027年度公式理学部・健康科学部の学科別入試情報を再監査し未解決13件をcomplete/A化,不要（2027公式情報あり）,2026-09-19,https://www.toho-u.ac.jp/info_exam/web_apply.html,理学部バランス/主体性重視の共有募集人員は公式に学科合計枠として明示されており、方式別内訳非公表を『未確認』とは扱わずcomplete/Aへ。健康科学部3件も公式選抜方針で調査書使用を確認しacademic_record_required=Yes、調査書・志望理由書・活動報告書/推薦書等まで反映。22件すべてcomplete/A。
私立,日本獣医生命科学大学,一般・理系重点 / 獣医,詳細拡張・再監査済（総合型3＋一般公募推薦4＋獣医特別2）,9,2027年度公式入学者選抜要項を詳細反映,不要（2027公式情報あり）,2026-09-19,https://www.nvlu.ac.jp/nichijyunavi/admissions/guideline/index.html,一般公募推薦4件をcomplete/A化。獣医学科の獣医師後継者育成と地域獣医療支援は出願資格・推薦主体が異なるため2募集単位で追加。両者とも要項上「専願制」、評定3.5以上、書類・口頭試問・小論文・3科目基礎学力検査。
私立,東京薬科大学,一般・理系重点 / 薬学,再監査済（公開型主要早期入試12募集単位、全件complete/A）,12,2027年度公式入試概要・募集要項で推薦7件を詳細再監査,不要（2027公式情報あり）,2026-09-19,https://www.toyaku.ac.jp/examinee/admissions/apply-guide/,既存12件のうち推薦7件をpartial/B→complete/A。生命科学部専願公募は『合格した場合は入学することを確約』を再確認。専願公募の口頭試問は面接内であり筆記・プレゼンではないためフラグを修正。併願公募の面接は口頭試問扱いにせず、基礎学力試験を筆記として整理。
私立,明治薬科大学,薬学,再監査済（公募制推薦 専願1＋併願2、全3件complete/A）,3,2027年度公式学校推薦型選抜ページで全項目再監査,不要（2027公式情報あり）,2026-09-19,https://www.my-pharm.ac.jp/shiken/list/recommend/,専願薬学45名、併願薬学15名・生命創薬5名。評定基準なし、志願票・志望理由書・推薦書・調査書、英語・数学・化学各60分＋面接15分＋書類審査を公式確認。高校1校あたり推薦人数上限は公式公開資料に記載がないためUnknownだが確認済みとしてcomplete/A。指定校制は対象校限定のため公開Master対象外。
私立,星薬科大学,薬学,再監査済（学校推薦型A 1＋B 2、全3件complete/A）,3,2027年度公式入試概要・学生募集要項で全項目再監査,不要（2027公式情報あり）,2026-09-19,https://www.hoshi.ac.jp/admission/nyushi/,A薬学80名は合格時必ず入学＝専願。B薬学20名・創薬科学4名は他大学推薦・一般との併願可。数学・化学・英語各80点の適性能力判定＋調査書・面接60点。高校1校あたり推薦人数上限は公式公開資料に記載がないためUnknownだが確認済みとしてcomplete/A。
私立,昭和薬科大学,薬学,再監査済（公募制学校推薦1、complete/A）,1,2027年度公式入試概要・推薦指定様式を再監査,不要（2027公式情報あり）,2026-09-19,https://www.shoyaku.ac.jp/admission/outline/,公募制30名。評定基準値なし、併願制、英語・数学・化学の基礎学力試験、調査書・推薦書・志願理由書・主体性等に関する記載用紙を公式確認。高校1校あたり推薦人数上限は公開資料に記載なし。指定校制70名は学校別通知のため公開Master対象外。
私立,武蔵野大学,一般・理系重点 / 薬学,再監査済（総合型I期6＋II期6＝12募集単位、全件complete/A）,12,2027年度公式総合型I/II期・入学試験要項・口頭試問一覧を再監査,不要（2027公式情報あり）,2026-09-19,https://www.musashino-u.ac.jp/admission/faculty/detail/ao.html,理系重点対象のDS、サステナビリティ、数理工学、建築デザイン、薬学、看護についてI期6＋II期6を収録済み。I期は他大学併願可、II期も併願可。薬学I期およびII期6件の基礎学力検査を筆記試験として整理し、selection_aptitude_testとの二重計上を解消。III期は国際データサイエンス学部（通信制）のみで現行対象外。
私立,創価大学,一般・理系重点,再監査済（理工・看護の公開型27募集単位、全27件partial/A）,27,2027公式大綱・特設サイト・入試ガイド確認済み。2027詳細入試要項は2026-09-20時点で公式未公開,不要（2027公式情報あり）,2026-09-20,https://www.soka.ac.jp/admissions/department/internet-syutsugan/,募集人員・日程・評定・主要書類・選考・専願/併願表示は2027公式確認済み。共通卒業資格と合格時入学確約原文の確認に必要な2027詳細入試要項が未公開のため27件partial/A維持。
私立,玉川大学,一般・理系重点,詳細拡張済（農・工系 主要年内方式72募集単位）,72,2027年度公式卒業生子弟総合型・IB総合型を追加,不要（2027公式情報あり）,2026-09-19,https://www.tamagawa.jp/uni_admission/examination/,既存54件に農・工系9募集単位×卒業生子弟総合型・国際バカロレア総合型の18件を追加し計72件。両方式とも合格時入学確約あり＝専願。募集人員は複数の総合型方式で共有。総合型Ⅲ期は年明け実施のため年内DB対象外。
私立,明星大学,一般・理系重点,再監査済（理系重点 総合型21募集単位）,21,2027年度公式総合型選抜募集要項・日程を再監査,不要（2027公式情報あり）,2026-09-19,https://www.meisei-u.ac.jp/admission/outline/ao.html,理工4コース、情報、建築、データサイエンス学環の総合評価型Ⅰ/Ⅱ・学びの探究型Ⅰを計21件収録。Ⅰ期は専願、Ⅱ期は併願制。学校推薦型は指定校制のみで対象高校向けのため公開Masterには追加しない。
私立,帝京大学,一般・理系重点 / 医学科 / 薬学 / 看護・医療技術,再監査済（医学2＋薬学4＋理工24＋医療技術28＝58募集単位）,58,2027年度公式学部別入試ページ・入学試験要項・受験ガイドを再監査。追加なし,不要（2027公式情報あり）,2026-09-19,https://www.teikyo-u.ac.jp/applicants/download,既存58件で現行調査範囲を収録済み。総合型は学習成績基準なし・併願可、学校推薦型公募も薬学/理工/医療技術等で学習成績基準なし・併願可。大学公式の正式名称『基礎能力適性検査』はselection_aptitude_testとして保持し、他大学の『基礎学力/基礎能力検査』とは区別。
私立,帝京平成大学,薬学 / 医療・健康 / 看護 / 共創,再監査済（薬学・ヒューマンケア・健康メディカル・共創・健康医療スポーツ 計63募集単位）,63,2027年度公式総合型・公募推薦・入学者選抜要項を再監査,不要（2027公式情報あり）,2026-09-19,https://www.thu.ac.jp/exam/guidelines,63件を維持。2027公式名称『基礎能力検査』はマーク式＋記述式の筆記試験なので、全63件をselection_written_exam=Yes / selection_aptitude_test=Noへ正規化。小論文選択可能な15件はselection_essay=Yesを維持。薬学部地域枠制度は総合型・公募推薦等に付随する給付制度で独立入試ではないためMaster行は追加しない。
私立,杏林大学,医学科 / 保健学部,再監査済（保健学部25募集単位）,25,2027年度公式募集要項・入試概要を再監査。追加募集単位なし,不要（2027公式情報あり）,2026-09-19,https://www.kyorin-u.ac.jp/univ/center/nyugaku/web_youkou/,保健学部の総合型・学校推薦型25件を維持。医学部2027年度は一般選抜、東京都/新潟県/群馬県地域枠、共通テスト利用等で、一般高校生向け公開型の年内総合型/公募推薦は確認されず追加なし。
私立,順天堂大学,薬学 / 看護 / 健康データサイエンス / 医療科学 / 保健医療,詳細拡張・再監査済（既存8＋健康データサイエンス5＋医療科学6＋保健医療4＝23募集単位）,23,2027年度各学部公式学生募集要項・入試概要を追加反映,不要（2027公式情報あり）,2026-09-19,https://www.juntendo.ac.jp/admission/exam/,既存の医療看護2・保健看護3・薬学3に、健康データサイエンス5、医療科学6、保健医療4を追加。健康データサイエンス/医療科学の公募推薦は評定3.0以上・合格時入学確約・推薦人数上限なし。保健医療の公募は各学科29名・評定3.5以上・入学確約・推薦人数上限なし。保健医療総合型は他大学への出願自体可だが第一希望かつ合格時は原則手続のため条件付き。
私立,東京慈恵会医科大学,医学科 / 看護,再監査済（看護学校推薦型1件partial/A、2027固有条件は一般非公開）,1,2027公式入試概要で看護学科60名（学校推薦型選抜若干名を含む）を再確認。大学公式事業報告では学校推薦型が指定校制として運用されてきたことも確認したが、2027年度固有の評定・専願・推薦上限・書類・選考・日程は一般公開されていない,不要（2027公式情報あり）,2026-09-20,https://www.jikei.ac.jp/university/nursing/admission/summary/,2024年度事業報告書では学校推薦型指定校を16校に拡大し8名が出願したことが記載されている。ただしこれは制度背景の確認にのみ使用し、2027年度の個別条件へ流用しない。同法人の看護専門学校条件も大学看護学科へ流用しない。
私立,日本医科大学,医学科 / 医療健康科学部（看護）,詳細再監査済（看護2方式、全件complete/A）,2,2027年度公式実施要項を全項目再監査。総合型の専願/併願は不明を最終値として確定,不要（2027公式情報あり）,2026-09-20,https://www.nms.ac.jp/college/mchs/admissions/,総合型選抜10名は出願資格・提出書類・小論文60分・面接・全日程を確認。総合型の入学確約・併願可否は公式明文なし。不明は監査済みの確定値なのでcomplete/Aへ更新。
私立,昭和医科大学,医学科 / 歯学 / 薬学 / 保健医療,再々監査済（医学・歯学・薬学・保健医療32募集単位）,32,2027年度公式入学試験要項（認可後版）を再確認。v0.67修正後の内容と整合,不要（2027公式情報あり）,2026-09-19,https://adm.showa-u.ac.jp/admission/info/web-apply.html,32件を維持。2027認可後版の入試要項公開を再確認し、v0.67で実施した『基礎学力試験=筆記』『総合型以外の出願書類審査を点数化しない』等の修正に新たな矛盾なし。医学部指定校推薦は対象校限定のため公開Master対象外。
私立,東京医科大学,医学科 / 看護,再監査済（医学科7＋看護学科2＝9募集単位）,9,2027年度公式医学科・看護学科入試概要を再監査。追加募集単位なし,不要（2027公式情報あり）,2026-09-19,https://admissions-tokyo-med.jp/med/exam/,医学科は一般公募・4県地域枠・全国ブロック別・英語検定利用の7件、看護学科は総合型5名・一般公募35名の2件で公開型年内入試を収録済み。各方式の入学確約、募集人員、選考方法を2027年度公式情報で再確認。
私立,東京女子医科大学,医学科 / 看護学部,詳細再監査済（医学部2＋看護学部6＝8募集単位、全件complete/A）,8,2027看護学校推薦型ページ・学生募集要項Ver.2を再監査。指定校固有非公開項目はUnknown最終値として確定,不要（2027公式情報あり）,2026-09-20,https://www.twmu-u.jp/nursing-ent-suisen/,指定校推薦は詳細要項を対象校へ別送。公開資料で共通日程・志望理由書・調査書・小論文800字程度・個人面接を確認。指定校別の評定・推薦枠・専願条件は一般非公開であることを確認し、Unknown/不明を監査済み最終値としてcomplete/Aへ更新。
私立,聖路加国際大学,看護,再監査済（2027公式募集要項入口確認・本文取得制約のためMaster未反映）,0,大学公式の学部入試ページで2027年度募集要項・特別選抜（総合型・帰国生・学校推薦型）への入口を確認。ただし2027募集要項本文を当環境で直接取得できず、公式本文に基づくMaster反映は保留,前年情報不使用（2027年度情報が存在するため）,2026-09-20,https://university.luke.ac.jp/admission/entrance/application/general.html,2027年度の総合型20名・学校推薦型若干名等は複数の第三者受験情報でも一致するが、canonicalには使用しない。大学公式ページ自体は2027年度の特別選抜入口を掲示しているものの、募集要項本文が当環境では403等により直接検証できないためMaster行は作成しない。
私立,日本赤十字看護大学,看護,再監査済（総合型2＋公募推薦2＋赤十字特別6＝10募集単位）,10,2027年度公式学生募集要項・入試概要を再監査。追加募集単位なし,不要（2027公式情報あり）,2026-09-19,https://www.redcross.ac.jp/examination/faculty/recommendation/,看護学部・さいたま看護学部の総合型2、公募推薦2、病院別の赤十字特別6件を再確認。指定校推薦は対象校限定のため公開Masterには収録しない。総合型・公募推薦・赤十字特別はいずれも合格時の入学確約を要する。
私立,神奈川大学,一般・理系重点,再監査済（98件中96件complete/A、全商協会推薦2件partial/Aを再確認）,98,2027全国商業高等学校長協会推薦入試を再監査。現代ビジネス学科3名・国際経営学科3名、全商協会推薦者かつ会員高校在籍という公開条件を確認。詳細は高校進路指導部等で確認と大学公式が明記,不要（2027公式情報あり）,2026-09-20,https://www.kanagawa-u.ac.jp/admissions/faculty/recommended_zensho/,全商協会推薦2件は一般公開ページの情報を超えて確定しない。評定・推薦人数上限・専願/併願・成績書類・選考方法・日程は対象者側の案内事項であり、partial/Aを維持。
私立,神奈川工科大学,一般・理系重点,詳細拡張済（総合型83＋一般公募推薦9＝92募集単位）,92,2027年度公式7総合型方式・学校推薦型一般公募制を詳細反映,不要（2027公式情報あり）,2026-09-19,https://op.kait.jp/admission/,既存53件に課題レポートⅠ/Ⅱ18、理工系女子7、スポーツ実績Ⅰ/Ⅱ14を追加し計92件。探究活動8件を専願と確認。一般公募推薦は評定3.0以上（指定教科平均3.0でも可）、プレゼン30%＋面接50%＋書類20%、他大学併願可。スポーツ第Ⅲ期は2027年1月試験のため年内DB対象外。
私立,湘南工科大学,一般・理系重点,詳細再監査済（8専攻×主要年内方式72募集単位）,72,2027年度総合型・一般公募推薦正式募集要項まで再監査,不要（2027公式情報あり）,2026-09-19,https://www.shonan-it.ac.jp/examination/faculty/application/,総合型はMWS・モノづくり・活動記録を1～3期まで収録。工学部は各方式39名、情報学部は各方式21名の学部内共有枠。一般公募推薦は8専攻で6/4/4/4/2/3/4/3名を反映。AO面接内の口頭試問も追加。4期活動記録方式は2027年3月試験のため年内DB対象外。
私立,関東学院大学,一般・理系重点,詳細拡張済（理工・情報・建築環境・看護100募集単位）,100,2027年度公式総合型選抜を再監査しオリーブ10募集単位を追加,不要（2027公式情報あり）,2026-09-19,https://ao.kanto-gakuin.ac.jp/library/application_guidelines/,既存90件に卒業生の子・孫対象の総合型選抜（オリーブ）10件（理工7＋情報1＋建築環境1＋看護1）を追加し計100件。オリーブは合格時入学要件があり専願。
私立,麻布大学,一般・理系重点 / 獣医,詳細拡張済（獣医・生命環境系 年内主要21募集単位）,21,2027年度公式要項を全学科の総合型・公募推薦・主要特別選抜まで反映,不要（2027公式情報あり）,2026-09-19,https://fanclub.azabu-u.ac.jp/exam/student.html,既存5件に生命・環境科学部の総合型Ⅰ3・Ⅱ3・公募推薦3、獣医学科卒業生後継者1、卒業生子女等5、地域枠産業動物獣医師1の16件を追加し計21件。すべて公開要項上の合格時入学確約を確認し専願。
私立,横浜薬科大学,薬学,再監査済（総合型8＋公募4＋大分県地域枠2＝14募集単位、全件complete/A）,14,2027年度公式募集要項・入試日程・入試ポイントを再監査,不要（2027公式情報あり）,2026-09-19,https://www.hamayaku.ac.jp/nyuushi/entrance/schedule.html,既存14件で公開対象を収録済み。AI学習型2、特定地域・高大連携2、探究1、AO3、公募4、大分県特別地域枠2。基礎学力検査を用いる方式でselection_written_examとselection_aptitude_testが重複していたため、筆記試験Yes・適性検査Noへ正規化。大分県枠は合格時入学確約の公式文言を確認できず不明維持。
私立,湘南医療大学,看護 / リハビリ / 薬学,詳細拡張・再監査済（総合型15＋一般公募10＋地域/特別推薦11＝36募集単位）,36,2027年度公式学生募集要項を全公開推薦区分まで反映,不要（2027公式情報あり）,2026-09-19,https://sums.ac.jp/examinee-support/admission/,既存25件をcomplete/A化。離島・過疎地域型8、薬学部特定地域指定型2、看護ふれあいグループ特別推薦1を追加。指定校型は対象校限定のため公開Masterには追加しない。
私立,聖マリアンナ医科大学,医学科,再監査済（医学科 学校推薦型2募集単位）,2,2027年度公式学校推薦型選抜ページ・入学者選抜要項を再監査,不要（2027公式情報あり）,2026-09-19,https://www.marianna-u.ac.jp/univ/ent_info/ent_exam.html,一般公募約20名、神奈川県地域枠7名。両方式とも全体評定3.8以上かつ数学・理科・外国語各4.0以上、合格時入学確約あり。選抜は基礎学力試験・小論文・面接2回・出願書類。『基礎学力試験』は独立した適性試験ではないためselection_aptitude_testをNoへ修正。
私立,千葉工業大学,一般・理系重点,詳細拡張・再監査済（総合型16＋公募制16＋専門高校16＝48募集単位）,48,2027年度公式募集要項・入試ページで公開型総合型/学校推薦型を詳細反映,不要（2027公式情報あり）,2026-09-19,https://admission.chibatech.ac.jp/nyushi/system/ao/public/,既存の総合型（創造）16件に、学校推薦型選抜（公募制）16件・専門高校16件を追加。公募制は宇宙・半導体工学科8名、その他4名。専門高校は宇宙・半導体工学科4名、その他2名。公式募集要項に、これらの相互併願および他大学との併願が可能と明記。
私立,東京情報大学,一般・理系重点,詳細再監査済（特待生総合型10＋一般総合型8＋公募推薦2＝20募集単位）,20,2027年度公式選抜別ページまで再監査,不要（2027公式情報あり）,2026-09-19,https://www.tuis.ac.jp/examinee/examination/,現20件で公開公募対象を確認。未来探究は10分プレゼン＋20分面接、課題研究は課題研究レポート＋10分プレゼン＋20分面接、公募推薦は評定3.0以上・小論文・口頭試問を含む個別面接。特待生総合型は公式に『専願』表示だが合格時入学確約原文を確認できないため本DBでは条件付き。
私立,麗澤大学,一般・理系重点,詳細拡張済（工学部 主要総合型19募集単位）,19,2027年度公式総合型選抜・麗澤会員/維持員子女方式を反映,不要（2027公式情報あり）,2026-09-19,https://www.reitaku-u.ac.jp/admissions/guidelines/,既存17件に麗澤会員・維持員子女方式Ⅰ・Ⅱ期を追加し計19件。子女方式は全体評定3.5以上、3親等以内の麗澤会員/維持員の推薦、合格後の入学確約が必要。Ⅲ期は2027年3月試験のため年内DB対象外。
私立,城西国際大学,薬学,2027年度募集なし（薬学部 医療薬学科 募集停止）,0,2027年度以降、薬学部医療薬学科の学生募集停止を大学公式発表で確認,対象外（2027年度募集なし）,2026-09-18,https://www.jiu.ac.jp/news/detail/id=20886,Coverage対象は薬学。大学公式が2026-03-17に、薬学部医療薬学科は2027年度（令和9年度）以降の学生募集を停止すると発表。したがって2027年度早期入試のMaster行は作成しない。
私立,国際医療福祉大学,医学科 / 薬学 / 看護・保健医療系,再監査済（医学部1＋関東圏 医療・薬学系 総合型Ⅰ/Ⅱ・公募推薦40＝41募集単位）,41,2027年度公式総合型Ⅰ/Ⅱ・学校推薦型公募・医学部総合型を再監査。追加対象なし,不要（2027公式情報あり）,2026-09-19,https://admissions.iuhw.ac.jp/exam/index.html,現行調査範囲の関東圏医療・薬学系および医学部総合型を既存41件で収録済み。総合型Ⅰ/Ⅱは専願制、学校推薦型公募も専願制で合格時入学必須。成田キャンパスでは保健福祉系総合型Ⅰ/Ⅱを実施しないことも2027公式情報で再確認。
私立,千葉科学大学,一般・理系重点 / 薬学,詳細拡張・再監査済（通常総合型32＋スポーツ型18＋パイロット4＝54募集単位）,54,2027年度公式入学試験要項を通常・スポーツ・パイロットまで反映,不要（2027公式情報あり）,2026-09-19,https://www.cis.ac.jp/admission/requirements/,既存通常総合型32件をcomplete/A化。スポーツ型は危機管理、保健医療救急救命、航空非パイロット3コース、看護の6募集単位×Ⅰ～Ⅲ期＝18件を追加。パイロットコースⅠ～Ⅳ期4件も追加。指定校推薦は対象高校限定のため公開Masterには追加しない。
私立,城西大学,理学 / 薬学,再監査済（総合型28＋卒業生子弟・子女18＝46募集単位、全46件partial/A）,46,2027総合型・学生募集要項公開ページ・Q&Aを再監査。外部ビューア本文の細目確認待ち,不要（2027公式情報あり）,2026-09-20,https://admission.josai.ac.jp/examination/data/material/,募集人員・日程・方式区分・調査書提出は公式Webで確定。評定・専願の入学確約原文・一部選考/書類細目は2027デジタル募集要項本文の直接確認待ち。
私立,日本薬科大学,薬学,再監査済（総合型27＋教員推薦3＝30募集単位、全件complete/A）,30,2027年度公式総合型・学校推薦型教員推薦・日程を再監査,不要（2027公式情報あり）,2026-09-19,https://www.nichiyaku.ac.jp/admission/,既存30件で公開型対象を収録済み。AI学習プログラム型・面接型はいずれも専願制。教員推薦3件は評定平均3.0以上、合格時必ず入学、調査書等・自己PRシート・面接・書類審査を2027公式情報で再確認。指定校推薦は対象校限定のため公開Masterには追加しない。
私立,埼玉医科大学,医学部医学科 / 保健医療学部（看護・臨床検査・臨床工学・理学療法）,再監査済（医学部4件＋保健医療学部20件）,24,2027年度医学部・保健医療学部正式募集要項を再監査,不要（2027公式情報あり）,2026-09-19,https://adm.saitama-med.ac.jp/admission/examination/,医学部4枠は正式名称が適性検査Ⅰ・Ⅱのためselection_aptitude_test=Yes、selection_written_exam=Noへ正規化し、調査書等を含む出願書類を正式要項から補完。保健医療総合型12件は基礎学力試験を筆記としてaptitude=No、Ⅰのみ書類による第2次選考、Ⅱ/Ⅲは書類審査フラグNoへ修正。保健医療学校推薦型8件は2027公式通り小論文＋面接へ修正。
私立,埼玉工業大学,一般・理系重点,再監査済（工学部年内24募集単位、全件complete/A）,24,2027年度公式スポーツ推薦ページを再監査。第3期3件を追加し、1～3期9件の口頭試問・学科別範囲まで反映,不要（2027公式情報あり）,2026-09-19,https://www.sit.ac.jp/entrance/nyushi/suisen/sports/,総合型1～3期・奨学生採用型・公募15件に加え、スポーツ推薦1～3期9件をcomplete/A化。スポーツ推薦は2027公式ページで3期の存在、日程、単願制、出願資格、書類審査＋面接、面接内口頭試問、学科別出題範囲を確認。競技別詳細数値基準は一般非公開だが『本学が指定した基準』として公式確認済み。
私立,日本工業大学,一般・理系重点,詳細反映済（2027年度公開型：特別奨学生4方式・総合型4方式・公募制を全8学科・コースへ展開）,96,2027年度公式入試ページ・募集要項で公開型早期入試を全面反映,不要（2027公式情報あり）,2026-09-19,https://juken.nit.ac.jp/examination/info/,対象地域：埼玉県。v0.55で既存の探究成果型8件に加え、特別奨学生選抜（単願・教員志望型・併願）、総合型選抜（課題実践型・体験講義型第1/2期・活動アピール型第1/2期・基礎学力型）、学校推薦型選抜（公募制第1/2期）を全8学科・コースへ展開し計96件。公式が『単願』とのみ記す方式は本DB基準で条件付き、明示的な併願可方式は併願可とした。
私立,ものつくり大学,一般・理系重点,詳細反映済（技能工芸学部2学科×総合型・総合型特別・学校推薦型の公開方式/期を拡張）,44,2027年度公式募集要項・入試ページで公開型早期入試を拡張反映,不要（2027公式情報あり）,2026-09-19,https://www.iot.ac.jp/entrance/schedule/,対象地域：埼玉県。v0.55で体験授業型Ⅱ期、探究型Ⅱ期、テーマ選択型Ⅳ/Ⅴ期、公募制Ⅱ/Ⅲ期、資格重視特待Ⅱ/Ⅲ期、ものづくり特待Ⅱ/Ⅲ期、女子特待Ⅰ〜Ⅲ期、関係者推薦型Ⅰ〜Ⅲ期を追加して計44件。2027年度公式募集要項で調査書等の成績関係書類を確認し、既存12件もcompleteへ更新。『専願』表記のみの方式は本DB基準で条件付き。
私立,立正大学,一般・理系重点,再監査済（20件中complete 9、partial 11／専願・併願根拠を再監査）,20,2027総合型公式ページ・説明会/個別相談要件・方式別日程・専願/併願根拠を再監査,不要（2027公式情報あり）,2026-09-20,https://admissions.ris.ac.jp/examination/undergraduate/sogo/index.html,活動評価型・探究実践型11件は、v0.95で基礎学力テスト型の「立正大学内・他大学との併願が可能」という文言を横展開していたため修正。2027公式Webでは併願可の明示が基礎学力テスト型に限定されるため、11件をexclusive_enrollment_status=不明へ戻した。DSの説明会/個別相談は任意、地理学科は両方必須、環境システム学科は任意。募集定員・数値評定等は電子ブック本文の直接確認待ちでpartial維持。
私立,自治医科大学,医学科 / 看護,詳細再監査済（医学部6＋看護指定校推薦1＝7募集単位、全件complete/A）,7,2027看護学生募集要項・APを全項目再監査。高校別非公開値はUnknown最終値として確定,不要（2027公式情報あり）,2026-09-20,https://www.jichi.ac.jp/exam/nurse/recruitment/,看護指定校推薦は募集40名程度、共通出願資格、推薦枠の存在、一定レベル以上の学習成績、提出書類、小論文60分、個人面接10分、日程を2027公式確認。高校別推薦人数・具体的評定値・入学確約文言は非公開のためUnknown/不明を最終値としてcomplete/Aへ更新。
私立,獨協医科大学,医学科,詳細再監査済（医学部総合型＋地域特別枠の2件、全件complete/A）,2,2027年度総合型選抜正式学生募集要項PDFまで全項目再監査,不要（2027公式情報あり）,2026-09-20,https://www.dokkyomed.ac.jp/dusm/exam/entrance/ao.html,総合型は正式要項PDFで大学・大学院の成績証明書、在籍/卒業証明、適性試験・小論文・書類審査、面接4回・プレゼンを確認しcomplete/Aへ更新。『第一志望』のみのため専願/併願は不明のまま。
私立,酪農学園大学,一般・理系重点 / 獣医,再監査済（公開型44募集単位、全件complete/A）,44,2027年度正式入学試験要項（2026年7月公開）を学類別ページまで再監査,不要（2027公式情報あり）,2026-09-19,https://nyushi.rakuno.ac.jp/guidance/guidance-webentry.html,44件すべて2027年度正式入学試験要項で再確認。総合型Ⅰ期・日本学校農業クラブ活動選抜・学校推薦型は専願、Ⅱ～Ⅳ期は併願制。学類別の評定・出願資格まで補完し、全44件をcomplete/A化。
私立,岡山理科大学,一般・理系重点 / 獣医,再監査済（獣医学部重点10件、全10件partial/A）,10,2027方式別ページ・入学者選抜要項入口・提出書類様式・獣医学部APを再監査,不要（2027公式情報あり）,2026-09-20,https://www.ous.ac.jp/admission/outline/gakubu/,専願/併願、出願期間、試験日、提出書類、面接・基礎的試問等は2027公式Webで再確認。募集人員・数値評定・合格発表日など一部細目は公式デジタル要項/画像表示に閉じており、テキストとして直接検証できないためcanonicalには補完せず10件partial/A維持。
私立,関西大学,一般・理系重点 / 関関同立,再監査済（理系重点AO19＋理工系公募推薦10＋女子特別6＝35募集単位、全件complete/A）,35,2027年度公式AO入試要項PDF本文まで学部学科別に再監査。AO19件をcomplete/Aへ更新,不要（2027公式情報あり）,2026-09-19,https://www.nyusi.kansai-u.ac.jp/admission/ao/,AO19件は2027年度公式要項本文で募集人員・共通/学部別出願資格・評定/履修条件・調査書/提出書類・第1/第2次選考・日程を精査。環境都市工学部・化学生命工学部の方式は数値評定条件がないことも確認し、19件すべてcomplete/Aへ更新。AOは専願ではないが志望学部での勉学を強く希望する条件があるためexclusive_enrollment_status=条件付き。公募10・女子特別6は既存complete/Aを維持。
私立,関西学院大学,一般・理系重点 / 関関同立,詳細拡張済（探究評価型11＋学部特色11＋グローバルⅠ理系11）,33,2027年度公式総合型選抜3方式を理系11学科・課程まで反映,不要（2027公式情報あり）,2026-09-19,https://www.kwansei.ac.jp/admissions/guideline/,理系4学部で計33募集単位。グローバルⅠは英語B1・留学/国際交流・国際科学技術コンテスト国内予選出場・国内国際交流の選択式要件。科学コンテスト6種をResearchRequirements子テーブルに代替要件として収録。
私立,同志社大学,一般・理系重点 / 関関同立,詳細再監査済（理系重点13募集単位）,13,2027年度公式推薦・自己推薦要項を募集単位まで詳細再監査,不要（2027公式情報あり）,2026-09-19,https://www.doshisha.ac.jp/admissions_undergrad/preferred_application/index.html,理工学部工業高校等推薦10、生命医科学部医情報自己推薦1、文化情報学部推薦1・自己推薦1。13件すべて公式PDFまで確認してcomplete/A。理工・生命医科・文化情報推薦は『強く希望』の記載のみで合格時入学確約を確認できず専願区分は不明。文化情報自己推薦は同学部推薦選抜との併願可だが、他大学との併願可否は明示なし。
私立,立命館大学,一般・理系重点 / 薬学 / 関関同立,再監査済（理系重点AO20募集単位）,20,2027年度公式AO・UNITE Program対象AO要項を再監査,不要（2027公式情報あり）,2026-09-19,https://admission.ritsumei.ac.jp/admission/ao/guidelines.html,理工学部理工セミナー9、生命科学部探究活動評価4、情報理工UNITE1、生命科学UNITE4、薬学UNITE2の計20件。公式に『専願ではない』一方、立命館大学内の他AO方式との併願制限があるため、本DBでは条件付き。新規未収録の理系重点募集単位は確認されず。
