admission_id,university,faculty_school,department,selection_name,requirement_code,program_or_competition,required_level,requirement_detail,alternative_allowed,evidence_required,source_url,verified_on
KU-2027-TANKYU-01,工学院大学,先進工学部,,探究成果活用型選抜,EXP-01,探究活動（研究発表会・成果報告会・外部コンクール等）,発表または提出経験,理数系分野でテーマ設定して探究活動を行い、学内外の研究発表会・成果報告会等で発表、または外部コンクール等へ提出した経験。,Yes（研究発表会・成果報告会・外部コンクール等のいずれか）,Yes（発表経験に関する書類等）,https://www.kogakuin.ac.jp/admissions/requirement/cbr7au000005xvmt-att/admission2027_tankyu.pdf,2026-09-17
KU-2027-TANKYU-02,工学院大学,工学部,,探究成果活用型選抜,EXP-01,探究活動（研究発表会・成果報告会・外部コンクール等）,発表または提出経験,理数系分野でテーマ設定して探究活動を行い、学内外の研究発表会・成果報告会等で発表、または外部コンクール等へ提出した経験。,Yes（研究発表会・成果報告会・外部コンクール等のいずれか）,Yes（発表経験に関する書類等）,https://www.kogakuin.ac.jp/admissions/requirement/cbr7au000005xvmt-att/admission2027_tankyu.pdf,2026-09-17
KU-2027-TANKYU-03,工学院大学,建築学部,,探究成果活用型選抜,EXP-01,探究活動（研究発表会・成果報告会・外部コンクール等）,発表または提出経験,理数系分野でテーマ設定して探究活動を行い、学内外の研究発表会・成果報告会等で発表、または外部コンクール等へ提出した経験。,Yes（研究発表会・成果報告会・外部コンクール等のいずれか）,Yes（発表経験に関する書類等）,https://www.kogakuin.ac.jp/admissions/requirement/cbr7au000005xvmt-att/admission2027_tankyu.pdf,2026-09-17
KU-2027-TANKYU-04,工学院大学,情報学部,,探究成果活用型選抜,EXP-01,探究活動（研究発表会・成果報告会・外部コンクール等）,発表または提出経験,理数系分野でテーマ設定して探究活動を行い、学内外の研究発表会・成果報告会等で発表、または外部コンクール等へ提出した経験。,Yes（研究発表会・成果報告会・外部コンクール等のいずれか）,Yes（発表経験に関する書類等）,https://www.kogakuin.ac.jp/admissions/requirement/cbr7au000005xvmt-att/admission2027_tankyu.pdf,2026-09-17
KITA-2027-PH-03,北里大学,薬学部,生命創薬科学科,学校推薦型選抜試験（公募制）・研究成果発表型試験,RESEARCH-PRESENTATION,研究成果,研究成果をポスター形式で発表できること,出願時に研究発表要旨を提出し、第2次試験で研究成果をポスター形式で15分（発表7分＋質疑8分）発表する。,No,Yes,https://www.kitasato-u.ac.jp/jp/goukaku/albums/abm.php?f=abm00049366.pdf&n=2027%E5%B9%B4%E5%BA%A6_%E7%B7%8F%E5%90%88%E5%9E%8B%E3%83%BB%E5%AD%A6%E6%A0%A1%E6%8E%A8%E8%96%A6%E5%9E%8B%E9%81%B8%E6%8A%9C%E8%A9%A6%E9%A8%93%E5%8B%9F%E9%9B%86%E8%A6%81%E9%A0%85_P%E5%85%AC%E5%8B%9F.pdf,2026-09-17
NODAI-2027-REC-09,東京農業大学,生命科学部,バイオサイエンス学科,学校推薦型選抜 公募制,GPA-WAIVER-MAINICHI,毎日農業記録賞 高校生部門,優秀賞受賞,優秀賞受賞者は全体の学習成績の状況3.5以上の条件を適用しない。,Yes,Yes,https://www.nodai.ac.jp/application/files/2017/8358/5055/065k.pdf,2026-09-17
NODAI-2027-REC-10,東京農業大学,生命科学部,分子生命化学科,学校推薦型選抜 公募制,GPA-WAIVER-MAINICHI,毎日農業記録賞 高校生部門,優秀賞受賞,優秀賞受賞者は全体の学習成績の状況3.5以上の条件を適用しない。,Yes,Yes,https://www.nodai.ac.jp/application/files/2017/8358/5055/065k.pdf,2026-09-17
NODAI-2027-REC-11,東京農業大学,生命科学部,分子微生物学科,学校推薦型選抜 公募制,GPA-WAIVER-MAINICHI,毎日農業記録賞 高校生部門,優秀賞受賞,優秀賞受賞者は全体の学習成績の状況3.5以上の条件を適用しない。,Yes,Yes,https://www.nodai.ac.jp/application/files/2017/8358/5055/065k.pdf,2026-09-17
NODAI-2027-REC-20,東京農業大学,生物産業学部,北方圏農学科,学校推薦型選抜 公募制,GPA-WAIVER-MAINICHI,毎日農業記録賞 高校生部門,優秀賞受賞,優秀賞受賞者は全体の学習成績の状況3.3以上の条件を適用しない。,Yes,Yes,https://www.nodai.ac.jp/application/files/2017/8358/5055/065k.pdf,2026-09-17
NODAI-2027-REC-20,東京農業大学,生物産業学部,北方圏農学科,学校推薦型選抜 公募制,GPA-WAIVER-AGRI-TECH,日本農業技術検定,3級以上合格,3級以上合格者は全体の学習成績の状況3.3以上の条件を適用しない。,Yes,Yes,https://www.nodai.ac.jp/application/files/2017/8358/5055/065k.pdf,2026-09-17
NODAI-2027-REC-21,東京農業大学,生物産業学部,海洋水産学科,学校推薦型選抜 公募制,GPA-WAIVER-MAINICHI,毎日農業記録賞 高校生部門,優秀賞受賞,優秀賞受賞者は全体の学習成績の状況3.3以上の条件を適用しない。,Yes,Yes,https://www.nodai.ac.jp/application/files/2017/8358/5055/065k.pdf,2026-09-17
NODAI-2027-REC-21,東京農業大学,生物産業学部,海洋水産学科,学校推薦型選抜 公募制,GPA-WAIVER-AGRI-TECH,日本農業技術検定,3級以上合格,3級以上合格者は全体の学習成績の状況3.3以上の条件を適用しない。,Yes,Yes,https://www.nodai.ac.jp/application/files/2017/8358/5055/065k.pdf,2026-09-17
NODAI-2027-REC-22,東京農業大学,生物産業学部,食香粧化学科,学校推薦型選抜 公募制,GPA-WAIVER-MAINICHI,毎日農業記録賞 高校生部門,優秀賞受賞,優秀賞受賞者は全体の学習成績の状況3.3以上の条件を適用しない。,Yes,Yes,https://www.nodai.ac.jp/application/files/2017/8358/5055/065k.pdf,2026-09-17
NODAI-2027-REC-22,東京農業大学,生物産業学部,食香粧化学科,学校推薦型選抜 公募制,GPA-WAIVER-AGRI-TECH,日本農業技術検定,3級以上合格,3級以上合格者は全体の学習成績の状況3.3以上の条件を適用しない。,Yes,Yes,https://www.nodai.ac.jp/application/files/2017/8358/5055/065k.pdf,2026-09-17
NODAI-2027-REC-23,東京農業大学,生物産業学部,自然資源経営学科,学校推薦型選抜 公募制,GPA-WAIVER-MAINICHI,毎日農業記録賞 高校生部門,優秀賞受賞,優秀賞受賞者は全体の学習成績の状況3.3以上の条件を適用しない。,Yes,Yes,https://www.nodai.ac.jp/application/files/2017/8358/5055/065k.pdf,2026-09-17
NODAI-2027-REC-23,東京農業大学,生物産業学部,自然資源経営学科,学校推薦型選抜 公募制,GPA-WAIVER-AGRI-TECH,日本農業技術検定,3級以上合格,3級以上合格者は全体の学習成績の状況3.3以上の条件を適用しない。,Yes,Yes,https://www.nodai.ac.jp/application/files/2017/8358/5055/065k.pdf,2026-09-17
MEIJI-2027-AGR-01,明治大学,農学部,農学科,自己推薦特別入学試験,ACTIVITY-ALTERNATIVE,学業以外の優れた活動歴（研究発表・懸賞論文・科学技術コンテスト等を含む）,特筆すべき優れた能力を恒常的に発揮し、客観的資料で証明できること,高い評定のみの出願ルートに代えて、優れた活動歴＋学科別の低めの評定基準で出願可能。,Yes,Yes,https://www.meiji.ac.jp/exam/reference/6t5h7p00000burkr-att/tp6_youkou_27.pdf,2026-09-18
MEIJI-2027-AGR-02,明治大学,農学部,農芸化学科,自己推薦特別入学試験,ACTIVITY-ALTERNATIVE,学業以外の優れた活動歴（研究発表・懸賞論文・科学技術コンテスト等を含む）,特筆すべき優れた能力を恒常的に発揮し、客観的資料で証明できること,高い評定のみの出願ルートに代えて、優れた活動歴＋学科別の低めの評定基準で出願可能。,Yes,Yes,https://www.meiji.ac.jp/exam/reference/6t5h7p00000burkr-att/tp6_youkou_27.pdf,2026-09-18
MEIJI-2027-AGR-03,明治大学,農学部,生命科学科,自己推薦特別入学試験,ACTIVITY-ALTERNATIVE,学業以外の優れた活動歴（研究発表・懸賞論文・科学技術コンテスト等を含む）,特筆すべき優れた能力を恒常的に発揮し、客観的資料で証明できること,高い評定のみの出願ルートに代えて、優れた活動歴＋学科別の低めの評定基準で出願可能。生命科学科では研究発表・懸賞論文分野の実績を特に重視。,Yes,Yes,https://www.meiji.ac.jp/exam/reference/6t5h7p00000burkr-att/tp6_youkou_27.pdf,2026-09-18
MEIJI-2027-AGR-04,明治大学,農学部,食料環境政策学科,自己推薦特別入学試験,ACTIVITY-ALTERNATIVE,学業以外の優れた活動歴（研究発表・懸賞論文・科学技術コンテスト等を含む）,特筆すべき優れた能力を恒常的に発揮し、客観的資料で証明できること,高い評定のみの出願ルートに代えて、優れた活動歴＋学科別の低めの評定基準で出願可能。,Yes,Yes,https://www.meiji.ac.jp/exam/reference/6t5h7p00000burkr-att/tp6_youkou_27.pdf,2026-09-18
MEIJI-2027-IMS-01,明治大学,総合数理学部,現象数理統計学科,自己推薦特別入学試験,MATH-SCI-ACTIVITY-ALT,数学又は理科に関する特筆すべき活動歴,活動歴を説明し、証明資料を提出できること,数学4.0以上かつ理科3.8以上という評定条件の代替として、数学又は理科に関する特筆すべき活動歴を認める。,Yes,Yes,https://www.meiji.ac.jp/exam/reference/6t5h7p00000burkr-att/tp26_youkou_27_2.pdf,2026-09-18
WASEDA-2027-SP-01-MATH,早稲田大学,先進理工学部,応用化学科,特別選抜入学試験・数学オリンピック入試,MATH,日本数学オリンピック,予選合格（Aランク）、またはオンライン予選回では本選の金賞・銀賞・銅賞・優秀賞,過去の日本数学オリンピックで予選合格（Aランク）。ただし2021年以降のオンライン予選結果は不可。その場合は本選で金賞・銀賞・銅賞・優秀賞のいずれか。,No,Yes,https://www.waseda.jp/fsci/assets/uploads/2026/06/27_tokusenyoukou.pdf,2026-09-18
WASEDA-2027-SP-01-CHEM,早稲田大学,先進理工学部,応用化学科,特別選抜入学試験・化学グランプリ入試,CHEM,全国高校化学グランプリ／化学グランプリ,一次選考上位10％以内、またはオンライン一次回では二次選考の大賞・金賞・銀賞・銅賞,過去の全国高校化学グランプリ一次選考で上位10％以内。2020年以降のオンライン一次選考結果は不可。その場合は二次選考で大賞・金賞・銀賞・銅賞のいずれか。,No,Yes,https://www.waseda.jp/fsci/assets/uploads/2026/06/27_tokusenyoukou.pdf,2026-09-18
WASEDA-2027-SP-01-INFO,早稲田大学,先進理工学部,応用化学科,特別選抜入学試験・情報オリンピック入試,INFO,日本情報オリンピック,第24回以前の本選Aランク、または第25回以降のセミファイナルステージ成績優秀者,過去の日本情報オリンピックで、第24回以前は本選Aランク、第25回以降はセミファイナルステージ成績優秀者。,No,Yes,https://www.waseda.jp/fsci/assets/uploads/2026/06/27_tokusenyoukou.pdf,2026-09-18
WASEDA-2027-SP-01-JSEC,早稲田大学,先進理工学部,応用化学科,特別選抜入学試験・高校生・高専生科学技術チャレンジ入試,JSEC,高校生・高専生科学技術チャレンジ（JSEC）,文部科学大臣賞・科学技術政策担当大臣賞・科学技術振興機構賞のいずれか（個人受賞）,過去の高校生・高専生科学技術チャレンジ（旧高校生科学技術チャレンジ含む）で、文部科学大臣賞・科学技術政策担当大臣賞・科学技術振興機構賞のいずれかを個人受賞。,No,Yes,https://www.waseda.jp/fsci/assets/uploads/2026/06/27_tokusenyoukou.pdf,2026-09-18
WASEDA-2027-SP-01-JSSA,早稲田大学,先進理工学部,応用化学科,特別選抜入学試験・日本学生科学賞入試,JSSA,日本学生科学賞 高校の部,指定10賞のいずれか（個人受賞）,内閣総理大臣賞・文部科学大臣賞・環境大臣賞・科学技術政策担当大臣賞・全日本科学教育振興委員会賞・読売新聞社賞・科学技術振興機構賞・日本科学未来館賞・読売理工学院賞・旭化成賞のいずれかを個人受賞。,No,Yes,https://www.waseda.jp/fsci/assets/uploads/2026/06/27_tokusenyoukou.pdf,2026-09-18
WASEDA-2027-SP-01-BIO,早稲田大学,先進理工学部,応用化学科,特別選抜入学試験・日本生物学オリンピック入試,BIO,日本生物学オリンピック,金賞・銀賞・銅賞,過去の日本生物学オリンピック（旧生物チャレンジ等を含む）で金賞・銀賞・銅賞のいずれか。,No,Yes,https://www.waseda.jp/fsci/assets/uploads/2026/06/27_tokusenyoukou.pdf,2026-09-18
WASEDA-2027-SP-01-PHYS,早稲田大学,先進理工学部,応用化学科,特別選抜入学試験・物理チャレンジ入試,PHYS,全国物理コンテスト 物理チャレンジ,金賞・銀賞・銅賞,過去の全国物理コンテスト 物理チャレンジで金賞・銀賞・銅賞のいずれか。,No,Yes,https://www.waseda.jp/fsci/assets/uploads/2026/06/27_tokusenyoukou.pdf,2026-09-18
WASEDA-2027-SP-02-MATH,早稲田大学,先進理工学部,生命医科学科,特別選抜入学試験・数学オリンピック入試,MATH,日本数学オリンピック,予選合格（Aランク）、またはオンライン予選回では本選の金賞・銀賞・銅賞・優秀賞,過去の日本数学オリンピックで予選合格（Aランク）。ただし2021年以降のオンライン予選結果は不可。その場合は本選で金賞・銀賞・銅賞・優秀賞のいずれか。,No,Yes,https://www.waseda.jp/fsci/assets/uploads/2026/06/27_tokusenyoukou.pdf,2026-09-18
WASEDA-2027-SP-02-CHEM,早稲田大学,先進理工学部,生命医科学科,特別選抜入学試験・化学グランプリ入試,CHEM,全国高校化学グランプリ／化学グランプリ,一次選考上位10％以内、またはオンライン一次回では二次選考の大賞・金賞・銀賞・銅賞,過去の全国高校化学グランプリ一次選考で上位10％以内。2020年以降のオンライン一次選考結果は不可。その場合は二次選考で大賞・金賞・銀賞・銅賞のいずれか。,No,Yes,https://www.waseda.jp/fsci/assets/uploads/2026/06/27_tokusenyoukou.pdf,2026-09-18
WASEDA-2027-SP-02-INFO,早稲田大学,先進理工学部,生命医科学科,特別選抜入学試験・情報オリンピック入試,INFO,日本情報オリンピック,第24回以前の本選Aランク、または第25回以降のセミファイナルステージ成績優秀者,過去の日本情報オリンピックで、第24回以前は本選Aランク、第25回以降はセミファイナルステージ成績優秀者。,No,Yes,https://www.waseda.jp/fsci/assets/uploads/2026/06/27_tokusenyoukou.pdf,2026-09-18
WASEDA-2027-SP-02-JSEC,早稲田大学,先進理工学部,生命医科学科,特別選抜入学試験・高校生・高専生科学技術チャレンジ入試,JSEC,高校生・高専生科学技術チャレンジ（JSEC）,文部科学大臣賞・科学技術政策担当大臣賞・科学技術振興機構賞のいずれか（個人受賞）,過去の高校生・高専生科学技術チャレンジ（旧高校生科学技術チャレンジ含む）で、文部科学大臣賞・科学技術政策担当大臣賞・科学技術振興機構賞のいずれかを個人受賞。,No,Yes,https://www.waseda.jp/fsci/assets/uploads/2026/06/27_tokusenyoukou.pdf,2026-09-18
WASEDA-2027-SP-02-JSSA,早稲田大学,先進理工学部,生命医科学科,特別選抜入学試験・日本学生科学賞入試,JSSA,日本学生科学賞 高校の部,指定10賞のいずれか（個人受賞）,内閣総理大臣賞・文部科学大臣賞・環境大臣賞・科学技術政策担当大臣賞・全日本科学教育振興委員会賞・読売新聞社賞・科学技術振興機構賞・日本科学未来館賞・読売理工学院賞・旭化成賞のいずれかを個人受賞。,No,Yes,https://www.waseda.jp/fsci/assets/uploads/2026/06/27_tokusenyoukou.pdf,2026-09-18
WASEDA-2027-SP-02-BIO,早稲田大学,先進理工学部,生命医科学科,特別選抜入学試験・日本生物学オリンピック入試,BIO,日本生物学オリンピック,金賞・銀賞・銅賞,過去の日本生物学オリンピック（旧生物チャレンジ等を含む）で金賞・銀賞・銅賞のいずれか。,No,Yes,https://www.waseda.jp/fsci/assets/uploads/2026/06/27_tokusenyoukou.pdf,2026-09-18
WASEDA-2027-SP-02-PHYS,早稲田大学,先進理工学部,生命医科学科,特別選抜入学試験・物理チャレンジ入試,PHYS,全国物理コンテスト 物理チャレンジ,金賞・銀賞・銅賞,過去の全国物理コンテスト 物理チャレンジで金賞・銀賞・銅賞のいずれか。,No,Yes,https://www.waseda.jp/fsci/assets/uploads/2026/06/27_tokusenyoukou.pdf,2026-09-18
CHUO-2027-KDR-01,中央大学,基幹理工学部,数学科,高大接続型自己推薦入学試験,JMO,日本数学オリンピック,予選AランクまたはBランク,数学科の出願資格の代替ルートの1つ。,Yes,Yes,https://www.chuo-u.ac.jp/common_d/connect/admission/2027/special/7_1.pdf,2026-09-18
CHUO-2027-KDR-01,中央大学,基幹理工学部,数学科,高大接続型自己推薦入学試験,JOI,日本情報オリンピック,予選AランクまたはBランク,数学科の出願資格の代替ルートの1つ。,Yes,Yes,https://www.chuo-u.ac.jp/common_d/connect/admission/2027/special/7_1.pdf,2026-09-18
CHUO-2027-KDR-02,中央大学,基幹理工学部,物理学科,高大接続型自己推薦入学試験,MENTORED-INQUIRY,中央大学物理学科指定 探究課題,"高校教員メンターの助言で1テーマを研究し2,000～4,000字程度のレポート提出",出願に必須。メンター所見も必要。,No,Yes,https://www.chuo-u.ac.jp/common_d/connect/admission/2027/special/7_1.pdf,2026-09-18
CHUO-2027-KDR-03,中央大学,基幹理工学部,応用化学科,高大接続型自己推薦入学試験,CHEM-PRESENTATION,化学に関する学会・発表会等,研究成果を発表した者,応用化学科の活動実績要件の選択肢。,Yes,Yes,https://www.chuo-u.ac.jp/common_d/connect/admission/2027/special/7_1.pdf,2026-09-18
CHUO-2027-KDR-03,中央大学,基幹理工学部,応用化学科,高大接続型自己推薦入学試験,CHEM-AWARD,化学関連の研究・調査に対する公的表彰,公的な表彰を受けたこと,応用化学科の活動実績要件の選択肢。,Yes,Yes,https://www.chuo-u.ac.jp/common_d/connect/admission/2027/special/7_1.pdf,2026-09-18
CHUO-2027-KDR-04,中央大学,基幹理工学部,生命科学科,高大接続型自己推薦入学試験,JBO,日本生物学オリンピック,全国での一次選抜に残った者,高い理科評定ルートの代替となる出願資格の1つ。,Yes,Yes,https://www.chuo-u.ac.jp/common_d/connect/admission/2027/special/7_1.pdf,2026-09-18
CHUO-2027-KDR-04,中央大学,基幹理工学部,生命科学科,高大接続型自己推薦入学試験,JSSA,日本学生科学賞,個人として受賞,高い理科評定ルートの代替となる出願資格の1つ。,Yes,Yes,https://www.chuo-u.ac.jp/common_d/connect/admission/2027/special/7_1.pdf,2026-09-18
CHUO-2027-SDR-02,中央大学,社会理工学部,ビジネスデータサイエンス学科,高大接続型自己推薦入学試験,MATH-INFO-CONTEST,日本数学オリンピック・日本情報オリンピック等,全国的/国際的規模のコンテストに出場,BDS学科の活動・資格要件の選択肢。,Yes,Yes,https://www.chuo-u.ac.jp/common_d/connect/admission/2027/special/7_1.pdf,2026-09-18
CHUO-2027-SDR-02,中央大学,社会理工学部,ビジネスデータサイエンス学科,高大接続型自己推薦入学試験,QUALIFICATION,数学検定・統計検定等,数学検定準1級または統計検定2級以上等,BDS学科の活動・資格要件の選択肢。,Yes,Yes,https://www.chuo-u.ac.jp/common_d/connect/admission/2027/special/7_1.pdf,2026-09-18
CHUO-2027-SDR-02,中央大学,社会理工学部,ビジネスデータサイエンス学科,高大接続型自己推薦入学試験,SOFTWARE-CONTEST,全国大会レベルのソフトウェア創作コンクール等,応募し成果を挙げていること,BDS学科の活動・資格要件の選択肢。,Yes,Yes,https://www.chuo-u.ac.jp/common_d/connect/admission/2027/special/7_1.pdf,2026-09-18
CHUO-2027-SDR-02,中央大学,社会理工学部,ビジネスデータサイエンス学科,高大接続型自己推薦入学試験,BUSINESS-CONTEST,全国大会レベルの経営・ビジネス創造コンクール等,応募し成果を挙げていること,BDS学科の活動・資格要件の選択肢。,Yes,Yes,https://www.chuo-u.ac.jp/common_d/connect/admission/2027/special/7_1.pdf,2026-09-18
CHUO-2027-ADR-01,中央大学,先進理工学部,精密機械工学科,高大接続型自己推薦入学試験,SCIENCE-AWARD,科学賞（日本学生科学賞等）,入賞等の実績,精密機械工学科で必須の実績カテゴリーの1つ。,Yes,Yes,https://www.chuo-u.ac.jp/common_d/connect/admission/2027/special/7_1.pdf,2026-09-18
CHUO-2027-ADR-01,中央大学,先進理工学部,精密機械工学科,高大接続型自己推薦入学試験,MAKING-CONTEST,高校生ものづくりコンテスト・若年者ものづくり競技大会等,入賞または予選通過,精密機械工学科で必須の実績カテゴリーの1つ。,Yes,Yes,https://www.chuo-u.ac.jp/common_d/connect/admission/2027/special/7_1.pdf,2026-09-18
CHUO-2027-ADR-01,中央大学,先進理工学部,精密機械工学科,高大接続型自己推薦入学試験,ROBOT-CONTEST,全国高等学校ロボット競技大会等,入賞または予選通過,精密機械工学科で必須の実績カテゴリーの1つ。,Yes,Yes,https://www.chuo-u.ac.jp/common_d/connect/admission/2027/special/7_1.pdf,2026-09-18
CHUO-2027-ADR-01,中央大学,先進理工学部,精密機械工学科,高大接続型自己推薦入学試験,SKILLS-OLYMPICS,技能五輪全国大会等,参加経験,精密機械工学科で必須の実績カテゴリーの1つ。,Yes,Yes,https://www.chuo-u.ac.jp/common_d/connect/admission/2027/special/7_1.pdf,2026-09-18
CHUO-2027-ADR-03,中央大学,先進理工学部,情報工学科,高大接続型自己推薦入学試験,SCIENCE-CONTEST,日本/国際情報オリンピック・日本/国際数学オリンピック等,優秀な成績,情報工学科の能動的学習実績の例。,Yes,Yes,https://www.chuo-u.ac.jp/common_d/connect/admission/2027/special/7_1.pdf,2026-09-18
CHUO-2027-ADR-03,中央大学,先進理工学部,情報工学科,高大接続型自己推薦入学試験,TECH-WORK,科学技術分野の秀逸な作品,自作ソフトウェア・ハードウェア・理数自由課題等を自力で創作,情報工学科の能動的学習実績の例。,Yes,Yes,https://www.chuo-u.ac.jp/common_d/connect/admission/2027/special/7_1.pdf,2026-09-18
RIKKYO-2027-SCI-01,立教大学,理学部,数学科,自由選抜入試,SCI-TECH-CONTEST-ALT,高校生等を対象とした数学・科学・技術に関する各種コンテスト,入賞等、専攻分野の学業に役立つと思われる優れた実績,出願条件5(b)の代替ルート。指定科目評定平均4.5以上等の他ルートの代わりに利用可能。,Yes,Yes,https://www.guide.52school.com/guidance/net-rikkyo-tokubetsu/gid,2026-09-18
RIKKYO-2027-SCI-02,立教大学,理学部,物理学科,自由選抜入試,SCI-TECH-CONTEST-ALT,高校生等を対象とした数学・科学・技術に関する各種コンテスト,入賞等、専攻分野の学業に役立つと思われる優れた実績,出願条件5(b)の代替ルート。指定科目評定平均4.5以上等の他ルートの代わりに利用可能。,Yes,Yes,https://www.guide.52school.com/guidance/net-rikkyo-tokubetsu/gid,2026-09-18
RIKKYO-2027-SCI-03,立教大学,理学部,化学科,自由選抜入試,SCI-TECH-CONTEST-ALT,高校生等を対象とした数学・科学・技術に関する各種コンテスト,入賞等、専攻分野の学業に役立つと思われる優れた実績,出願条件5(b)の代替ルート。指定科目評定平均4.5以上等の他ルートの代わりに利用可能。,Yes,Yes,https://www.guide.52school.com/guidance/net-rikkyo-tokubetsu/gid,2026-09-18
RIKKYO-2027-SCI-04,立教大学,理学部,生命理学科,自由選抜入試,SCI-TECH-CONTEST-ALT,高校生等を対象とした数学・科学・技術に関する各種コンテスト,入賞等、専攻分野の学業に役立つと思われる優れた実績,出願条件5(b)の代替ルート。指定科目評定平均4.5以上等の他ルートの代わりに利用可能。,Yes,Yes,https://www.guide.52school.com/guidance/net-rikkyo-tokubetsu/gid,2026-09-18
KAIT-2027-INQ-01,神奈川工科大学,工学部,機械工学科,探究活動発表方式,INQUIRY-ACTIVITY,高校時代の探究活動（探究学習・課題研究・学校外活動等）,活動内容を整理し、プレゼンテーションできること,分野指定なし。成果の優劣ではなく、課題設定・情報収集・分析・考察のプロセスと大学での学びへの接続を重視。,No,Yes,https://op.kait.jp/admission/ssenbatsu/ssenbatsu_tankyu/,2026-09-19
KAIT-2027-INQ-02,神奈川工科大学,工学部,電気電子情報工学科,探究活動発表方式,INQUIRY-ACTIVITY,高校時代の探究活動（探究学習・課題研究・学校外活動等）,活動内容を整理し、プレゼンテーションできること,分野指定なし。成果の優劣ではなく、課題設定・情報収集・分析・考察のプロセスと大学での学びへの接続を重視。,No,Yes,https://op.kait.jp/admission/ssenbatsu/ssenbatsu_tankyu/,2026-09-19
KAIT-2027-INQ-03,神奈川工科大学,工学部,応用化学生物学科,探究活動発表方式,INQUIRY-ACTIVITY,高校時代の探究活動（探究学習・課題研究・学校外活動等）,活動内容を整理し、プレゼンテーションできること,分野指定なし。成果の優劣ではなく、課題設定・情報収集・分析・考察のプロセスと大学での学びへの接続を重視。,No,Yes,https://op.kait.jp/admission/ssenbatsu/ssenbatsu_tankyu/,2026-09-19
KAIT-2027-INQ-04,神奈川工科大学,情報学部,情報工学科,探究活動発表方式,INQUIRY-ACTIVITY,高校時代の探究活動（探究学習・課題研究・学校外活動等）,活動内容を整理し、プレゼンテーションできること,分野指定なし。成果の優劣ではなく、課題設定・情報収集・分析・考察のプロセスと大学での学びへの接続を重視。,No,Yes,https://op.kait.jp/admission/ssenbatsu/ssenbatsu_tankyu/,2026-09-19
KAIT-2027-INQ-05,神奈川工科大学,情報学部,情報ネットワーク・コミュニケーション学科,探究活動発表方式,INQUIRY-ACTIVITY,高校時代の探究活動（探究学習・課題研究・学校外活動等）,活動内容を整理し、プレゼンテーションできること,分野指定なし。成果の優劣ではなく、課題設定・情報収集・分析・考察のプロセスと大学での学びへの接続を重視。,No,Yes,https://op.kait.jp/admission/ssenbatsu/ssenbatsu_tankyu/,2026-09-19
KAIT-2027-INQ-06,神奈川工科大学,情報学部,情報メディア学科,探究活動発表方式,INQUIRY-ACTIVITY,高校時代の探究活動（探究学習・課題研究・学校外活動等）,活動内容を整理し、プレゼンテーションできること,分野指定なし。成果の優劣ではなく、課題設定・情報収集・分析・考察のプロセスと大学での学びへの接続を重視。,No,Yes,https://op.kait.jp/admission/ssenbatsu/ssenbatsu_tankyu/,2026-09-19
KAIT-2027-INQ-07,神奈川工科大学,情報学部,情報システム学科,探究活動発表方式,INQUIRY-ACTIVITY,高校時代の探究活動（探究学習・課題研究・学校外活動等）,活動内容を整理し、プレゼンテーションできること,分野指定なし。成果の優劣ではなく、課題設定・情報収集・分析・考察のプロセスと大学での学びへの接続を重視。,No,Yes,https://op.kait.jp/admission/ssenbatsu/ssenbatsu_tankyu/,2026-09-19
KAIT-2027-INQ-08,神奈川工科大学,健康医療科学部,管理栄養学科,探究活動発表方式,INQUIRY-ACTIVITY,高校時代の探究活動（探究学習・課題研究・学校外活動等）,活動内容を整理し、プレゼンテーションできること,分野指定なし。成果の優劣ではなく、課題設定・情報収集・分析・考察のプロセスと大学での学びへの接続を重視。,No,Yes,https://op.kait.jp/admission/ssenbatsu/ssenbatsu_tankyu/,2026-09-19
YPU-2027-INQ,横浜薬科大学,薬学部,健康薬学科・漢方薬学科・臨床薬学科（6年制）／薬科学科（4年制）,総合型選抜（探究型）,INQUIRY-PORTFOLIO,高校での課題探究活動,自然科学・健康・福祉等の分野の研究ポートフォリオ等の成果物を提出できること,探究型の出願条件の選択肢①。,Yes,Yes,https://www.hamayaku.ac.jp/nyuushi/entrance/assets/pdf/r9/boshuyoko-r9-all.pdf,2026-09-18
YPU-2027-INQ,横浜薬科大学,薬学部,健康薬学科・漢方薬学科・臨床薬学科（6年制）／薬科学科（4年制）,総合型選抜（探究型）,HAMAYAKU-SCIENCE,ハマヤクサイエンス研究会,横浜薬科大学主催の研究会で研究発表した者,探究型の出願条件の選択肢②。,Yes,Yes,https://www.hamayaku.ac.jp/nyuushi/entrance/assets/pdf/r9/boshuyoko-r9-all.pdf,2026-09-18
MU-2027-AO1-DS,武蔵野大学,データサイエンス学部,データサイエンス学科,総合型選抜Ⅰ期（面接型）,ACTIVITY-ALT,データサイエンス/IT関連コンテスト・コンクール,Kaggle、SIGNATE、ロボコン、ハッカソン等への参加・実績,学科別出願資格の選択肢の一つ。フィールド・スタディーズや課題・作品等の別ルートもある。,Yes,Yes,https://www.musashino-u.ac.jp/admission/faculty/detail/ao.html,2026-09-18
MU-2027-AO1-SUS,武蔵野大学,工学部,サステナビリティ学科,総合型選抜Ⅰ期（面接型）,ACTIVITY-ALT,サステナビリティ関連コンテスト・探究活動,JSEC、日本学生科学賞、SDGs探究AWARDS等への参加経験・実績,学科別出願資格の選択肢の一つ。フィールド・スタディーズや課題・作品等の別ルートもある。,Yes,Yes,https://www.musashino-u.ac.jp/admission/faculty/detail/ao.html,2026-09-18
MU-2027-AO1-MATH,武蔵野大学,工学部,数理工学科,総合型選抜Ⅰ期（面接型）,ACTIVITY-ALT,数学・物理・統計・プログラミング関連コンテスト,応募したことを証明できること,学科別出願資格の選択肢の一つ。フィールド・スタディーズや課題・作品等の別ルートもある。,Yes,Yes,https://www.musashino-u.ac.jp/admission/faculty/detail/ao.html,2026-09-18
MU-2027-AO1-ARCH,武蔵野大学,工学部,建築デザイン学科,総合型選抜Ⅰ期（面接型）,ACTIVITY-ALT,建築・空間デザイン関連コンペ,学科主催コンペ応募、建築甲子園等での入賞など,学科別出願資格の選択肢の一つ。フィールド・スタディーズや課題・作品等の別ルートもある。,Yes,Yes,https://www.musashino-u.ac.jp/admission/faculty/detail/ao.html,2026-09-18
MU-2027-AO1-DS,武蔵野大学,データサイエンス学部,データサイエンス学科,総合型選抜Ⅰ期（面接型）,ACTIVITY-ALT,データサイエンス/IT関連コンテスト・コンクール,Kaggle、SIGNATE、ロボコン、ハッカソン等への参加・実績,学科別出願資格の選択肢の一つ。フィールド・スタディーズや課題・作品等の別ルートもある。,Yes,Yes,https://www.musashino-u.ac.jp/admission/faculty/detail/ao.html,2026-09-18
MU-2027-AO1-SUS,武蔵野大学,工学部,サステナビリティ学科,総合型選抜Ⅰ期（面接型）,ACTIVITY-ALT,サステナビリティ関連コンテスト・探究活動,JSEC、日本学生科学賞、SDGs探究AWARDS等への参加経験・実績,学科別出願資格の選択肢の一つ。フィールド・スタディーズや課題・作品等の別ルートもある。,Yes,Yes,https://www.musashino-u.ac.jp/admission/faculty/detail/ao.html,2026-09-18
MU-2027-AO1-MATH,武蔵野大学,工学部,数理工学科,総合型選抜Ⅰ期（面接型）,ACTIVITY-ALT,数学・物理・統計・プログラミング関連コンテスト,応募したことを証明できること,学科別出願資格の選択肢の一つ。フィールド・スタディーズや課題・作品等の別ルートもある。,Yes,Yes,https://www.musashino-u.ac.jp/admission/faculty/detail/ao.html,2026-09-18
MU-2027-AO1-ARCH,武蔵野大学,工学部,建築デザイン学科,総合型選抜Ⅰ期（面接型）,ACTIVITY-ALT,建築・空間デザイン関連コンペ,学科主催コンペ応募、建築甲子園等での入賞など,学科別出願資格の選択肢の一つ。フィールド・スタディーズや課題・作品等の別ルートもある。,Yes,Yes,https://www.musashino-u.ac.jp/admission/faculty/detail/ao.html,2026-09-18
NIHON-2027-PHA-AO,日本大学,薬学部,薬学科,総合型選抜（併願型）,PRE-INQUIRY,事前探究学習『生活習慣病』,テーマについて各自探究学習を実施できること,小論文は事前学習テーマに関連して出題される。,No,No,https://www.pha.nihon-u.ac.jp/entrance/nyushi/sogo/,2026-09-18
SAIMED-2027-MED-REC-SPECIAL,埼玉医科大学,医学部,医学科,学校推薦型選抜（特別枠）,SCI-JMO,日本数学オリンピック,予選合格者,特別枠の出願資格の選択肢。英語資格検定の好成績、科学オリンピック等の好成績、または同等の入賞実績のいずれかで可。,Yes,Yes,https://adm.saitama-med.ac.jp/wp-content/uploads/2026/07/fa58cf881ba4ac57b5c60b69b2ac25d2.pdf,2026-09-18
SAIMED-2027-MED-REC-SPECIAL,埼玉医科大学,医学部,医学科,学校推薦型選抜（特別枠）,SCI-PHYS,全国物理コンテスト（物理チャレンジ）,1次合格者,特別枠の出願資格の選択肢。英語資格検定の好成績、科学オリンピック等の好成績、または同等の入賞実績のいずれかで可。,Yes,Yes,https://adm.saitama-med.ac.jp/wp-content/uploads/2026/07/fa58cf881ba4ac57b5c60b69b2ac25d2.pdf,2026-09-18
SAIMED-2027-MED-REC-SPECIAL,埼玉医科大学,医学部,医学科,学校推薦型選抜（特別枠）,SCI-CHEM,化学グランプリ,1次合格者,特別枠の出願資格の選択肢。英語資格検定の好成績、科学オリンピック等の好成績、または同等の入賞実績のいずれかで可。,Yes,Yes,https://adm.saitama-med.ac.jp/wp-content/uploads/2026/07/fa58cf881ba4ac57b5c60b69b2ac25d2.pdf,2026-09-18
SAIMED-2027-MED-REC-SPECIAL,埼玉医科大学,医学部,医学科,学校推薦型選抜（特別枠）,SCI-JOI,日本情報オリンピック,予選合格者,特別枠の出願資格の選択肢。英語資格検定の好成績、科学オリンピック等の好成績、または同等の入賞実績のいずれかで可。,Yes,Yes,https://adm.saitama-med.ac.jp/wp-content/uploads/2026/07/fa58cf881ba4ac57b5c60b69b2ac25d2.pdf,2026-09-18
SAIMED-2027-MED-REC-SPECIAL,埼玉医科大学,医学部,医学科,学校推薦型選抜（特別枠）,SCI-JBO,日本生物学オリンピック,予選合格者,特別枠の出願資格の選択肢。英語資格検定の好成績、科学オリンピック等の好成績、または同等の入賞実績のいずれかで可。,Yes,Yes,https://adm.saitama-med.ac.jp/wp-content/uploads/2026/07/fa58cf881ba4ac57b5c60b69b2ac25d2.pdf,2026-09-18
SAIMED-2027-MED-REC-SPECIAL,埼玉医科大学,医学部,医学科,学校推薦型選抜（特別枠）,SCI-GEO,日本地学オリンピック,予選合格者,特別枠の出願資格の選択肢。英語資格検定の好成績、科学オリンピック等の好成績、または同等の入賞実績のいずれかで可。,Yes,Yes,https://adm.saitama-med.ac.jp/wp-content/uploads/2026/07/fa58cf881ba4ac57b5c60b69b2ac25d2.pdf,2026-09-18
SAIMED-2027-MED-REC-SPECIAL,埼玉医科大学,医学部,医学科,学校推薦型選抜（特別枠）,SCI-JSEC,高校生科学技術チャレンジ,入賞者,特別枠の出願資格の選択肢。英語資格検定の好成績、科学オリンピック等の好成績、または同等の入賞実績のいずれかで可。,Yes,Yes,https://adm.saitama-med.ac.jp/wp-content/uploads/2026/07/fa58cf881ba4ac57b5c60b69b2ac25d2.pdf,2026-09-18
SAIMED-2027-MED-REC-SPECIAL,埼玉医科大学,医学部,医学科,学校推薦型選抜（特別枠）,SCI-JSSA,日本学生科学賞,入賞者,特別枠の出願資格の選択肢。英語資格検定の好成績、科学オリンピック等の好成績、または同等の入賞実績のいずれかで可。,Yes,Yes,https://adm.saitama-med.ac.jp/wp-content/uploads/2026/07/fa58cf881ba4ac57b5c60b69b2ac25d2.pdf,2026-09-18
NIT-2027-TANKYU-ME,日本工業大学,基幹工学部,機械工学科,特別奨学生選抜（探究成果型）,TANKYU-REQ,高校での探究活動,校内外の成果報告会等で発表、または外部コンクール等へ提出した経験,教科学習・総合的な探究の時間等で探究活動を行った経験が必須。探究活動報告書と発表時の書類・作品等を提出。,No,Yes,https://juken.nit.ac.jp/images/examination/apl_requir/2027/guidelines/tokubetsu_tankyu.pdf?v=2,2026-09-18
NIT-2027-TANKYU-EE,日本工業大学,基幹工学部,電気情報工学科,特別奨学生選抜（探究成果型）,TANKYU-REQ,高校での探究活動,校内外の成果報告会等で発表、または外部コンクール等へ提出した経験,教科学習・総合的な探究の時間等で探究活動を行った経験が必須。探究活動報告書と発表時の書類・作品等を提出。,No,Yes,https://juken.nit.ac.jp/images/examination/apl_requir/2027/guidelines/tokubetsu_tankyu.pdf?v=2,2026-09-18
NIT-2027-TANKYU-EC,日本工業大学,基幹工学部,環境生命化学科,特別奨学生選抜（探究成果型）,TANKYU-REQ,高校での探究活動,校内外の成果報告会等で発表、または外部コンクール等へ提出した経験,教科学習・総合的な探究の時間等で探究活動を行った経験が必須。探究活動報告書と発表時の書類・作品等を提出。,No,Yes,https://juken.nit.ac.jp/images/examination/apl_requir/2027/guidelines/tokubetsu_tankyu.pdf?v=2,2026-09-18
NIT-2027-TANKYU-ROBO,日本工業大学,先進工学部,ロボティクス学科,特別奨学生選抜（探究成果型）,TANKYU-REQ,高校での探究活動,校内外の成果報告会等で発表、または外部コンクール等へ提出した経験,教科学習・総合的な探究の時間等で探究活動を行った経験が必須。探究活動報告書と発表時の書類・作品等を提出。,No,Yes,https://juken.nit.ac.jp/images/examination/apl_requir/2027/guidelines/tokubetsu_tankyu.pdf?v=2,2026-09-18
NIT-2027-TANKYU-IM,日本工業大学,先進工学部,情報メディア工学科,特別奨学生選抜（探究成果型）,TANKYU-REQ,高校での探究活動,校内外の成果報告会等で発表、または外部コンクール等へ提出した経験,教科学習・総合的な探究の時間等で探究活動を行った経験が必須。探究活動報告書と発表時の書類・作品等を提出。,No,Yes,https://juken.nit.ac.jp/images/examination/apl_requir/2027/guidelines/tokubetsu_tankyu.pdf?v=2,2026-09-18
NIT-2027-TANKYU-DS,日本工業大学,先進工学部,データサイエンス学科,特別奨学生選抜（探究成果型）,TANKYU-REQ,高校での探究活動,校内外の成果報告会等で発表、または外部コンクール等へ提出した経験,教科学習・総合的な探究の時間等で探究活動を行った経験が必須。探究活動報告書と発表時の書類・作品等を提出。,No,Yes,https://juken.nit.ac.jp/images/examination/apl_requir/2027/guidelines/tokubetsu_tankyu.pdf?v=2,2026-09-18
NIT-2027-TANKYU-ARCH,日本工業大学,建築学部,建築学科 建築コース,特別奨学生選抜（探究成果型）,TANKYU-REQ,高校での探究活動,校内外の成果報告会等で発表、または外部コンクール等へ提出した経験,教科学習・総合的な探究の時間等で探究活動を行った経験が必須。探究活動報告書と発表時の書類・作品等を提出。,No,Yes,https://juken.nit.ac.jp/images/examination/apl_requir/2027/guidelines/tokubetsu_tankyu.pdf?v=2,2026-09-18
NIT-2027-TANKYU-LIFE,日本工業大学,建築学部,建築学科 生活環境デザインコース,特別奨学生選抜（探究成果型）,TANKYU-REQ,高校での探究活動,校内外の成果報告会等で発表、または外部コンクール等へ提出した経験,教科学習・総合的な探究の時間等で探究活動を行った経験が必須。探究活動報告書と発表時の書類・作品等を提出。,No,Yes,https://juken.nit.ac.jp/images/examination/apl_requir/2027/guidelines/tokubetsu_tankyu.pdf?v=2,2026-09-18
DOKKYO-MED-2027-AO,獨協医科大学,医学部,医学科,総合型選抜,RESEARCH-EXPERIENCE,教育・研究機関等での研究経験,文理・専攻を問わず研究経験を有すること,教育・研究機関などの施設において研究経験を有することが出願資格。研究分野は文理・専攻を問わない。,No,Yes,https://www.dokkyomed.ac.jp/files/dusm/jyuken/form_Comprehensive.pdf?202607=,2026-09-20
KANSAI-2027-AO-CHEMLIFE-INQ-CHEM,関西大学,化学生命工学部,化学・物質工学科,AO入試 探究評価型,INQUIRY-OUTPUT,高校等での探究活動,実験・調査・観察等によるデータ収集を伴う探究活動＋成果物1点以上,成果物は、探究学習の論文・レポート、学会・研究会・探究報告会等のポスター/プレゼン資料、学協会誌・紀要等の論文のいずれか1点以上。,No,Yes,https://files.microcms-assets.io/assets/76cac1d7ce9f4ad08d453f8f074f8419/fcd3babc75834fe6b81391e7523f62e5/2027_ao_yoko.pdf,2026-09-19
KANSAI-2027-AO-CHEMLIFE-INQ-BIO,関西大学,化学生命工学部,生命・生物工学科,AO入試 探究評価型,INQUIRY-OUTPUT,高校等での探究活動,実験・調査・観察等によるデータ収集を伴う探究活動＋成果物1点以上,成果物は、探究学習の論文・レポート、学会・研究会・探究報告会等のポスター/プレゼン資料、学協会誌・紀要等の論文のいずれか1点以上。,No,Yes,https://files.microcms-assets.io/assets/76cac1d7ce9f4ad08d453f8f074f8419/fcd3babc75834fe6b81391e7523f62e5/2027_ao_yoko.pdf,2026-09-19
KWANSEI-2027-INQUIRY-SCI-MATH,関西学院大学,理学部,数理科学科,探究評価型入学試験,INQUIRY-PRESENT,高等学校での探究活動・発表,高校入学後の探究活動＋校内外での発表経験（規模・レベル不問）,教育課程内または正課外で探究活動に取り組み、学校内発表会、他校との合同発表会、外部機関主催の大会・コンテスト等で発表していること。,No,Yes,https://www.kwansei.ac.jp/admissions/assets/2027_inquiry_assessment_guidelines.pdf,2026-09-18
KWANSEI-2027-INQUIRY-SCI-PHYS,関西学院大学,理学部,物理・宇宙学科,探究評価型入学試験,INQUIRY-PRESENT,高等学校での探究活動・発表,高校入学後の探究活動＋校内外での発表経験（規模・レベル不問）,教育課程内または正課外で探究活動に取り組み、学校内発表会、他校との合同発表会、外部機関主催の大会・コンテスト等で発表していること。,No,Yes,https://www.kwansei.ac.jp/admissions/assets/2027_inquiry_assessment_guidelines.pdf,2026-09-18
KWANSEI-2027-INQUIRY-SCI-CHEM,関西学院大学,理学部,化学科,探究評価型入学試験,INQUIRY-PRESENT,高等学校での探究活動・発表,高校入学後の探究活動＋校内外での発表経験（規模・レベル不問）,教育課程内または正課外で探究活動に取り組み、学校内発表会、他校との合同発表会、外部機関主催の大会・コンテスト等で発表していること。,No,Yes,https://www.kwansei.ac.jp/admissions/assets/2027_inquiry_assessment_guidelines.pdf,2026-09-18
KWANSEI-2027-INQUIRY-ENG-MAT,関西学院大学,工学部,物質工学課程,探究評価型入学試験,INQUIRY-PRESENT,高等学校での探究活動・発表,高校入学後の探究活動＋校内外での発表経験（規模・レベル不問）,教育課程内または正課外で探究活動に取り組み、学校内発表会、他校との合同発表会、外部機関主催の大会・コンテスト等で発表していること。,No,Yes,https://www.kwansei.ac.jp/admissions/assets/2027_inquiry_assessment_guidelines.pdf,2026-09-18
KWANSEI-2027-INQUIRY-ENG-EE,関西学院大学,工学部,電気電子応用工学課程,探究評価型入学試験,INQUIRY-PRESENT,高等学校での探究活動・発表,高校入学後の探究活動＋校内外での発表経験（規模・レベル不問）,教育課程内または正課外で探究活動に取り組み、学校内発表会、他校との合同発表会、外部機関主催の大会・コンテスト等で発表していること。,No,Yes,https://www.kwansei.ac.jp/admissions/assets/2027_inquiry_assessment_guidelines.pdf,2026-09-18
KWANSEI-2027-INQUIRY-ENG-INFO,関西学院大学,工学部,情報工学課程,探究評価型入学試験,INQUIRY-PRESENT,高等学校での探究活動・発表,高校入学後の探究活動＋校内外での発表経験（規模・レベル不問）,教育課程内または正課外で探究活動に取り組み、学校内発表会、他校との合同発表会、外部機関主催の大会・コンテスト等で発表していること。,No,Yes,https://www.kwansei.ac.jp/admissions/assets/2027_inquiry_assessment_guidelines.pdf,2026-09-18
KWANSEI-2027-INQUIRY-ENG-MECH,関西学院大学,工学部,知能・機械工学課程,探究評価型入学試験,INQUIRY-PRESENT,高等学校での探究活動・発表,高校入学後の探究活動＋校内外での発表経験（規模・レベル不問）,教育課程内または正課外で探究活動に取り組み、学校内発表会、他校との合同発表会、外部機関主催の大会・コンテスト等で発表していること。,No,Yes,https://www.kwansei.ac.jp/admissions/assets/2027_inquiry_assessment_guidelines.pdf,2026-09-18
KWANSEI-2027-INQUIRY-LIFE-BIO,関西学院大学,生命環境学部,生物科学科,探究評価型入学試験,INQUIRY-PRESENT,高等学校での探究活動・発表,高校入学後の探究活動＋校内外での発表経験（規模・レベル不問）,教育課程内または正課外で探究活動に取り組み、学校内発表会、他校との合同発表会、外部機関主催の大会・コンテスト等で発表していること。,No,Yes,https://www.kwansei.ac.jp/admissions/assets/2027_inquiry_assessment_guidelines.pdf,2026-09-18
KWANSEI-2027-INQUIRY-LIFE-MED,関西学院大学,生命環境学部,生命医科学科,探究評価型入学試験,INQUIRY-PRESENT,高等学校での探究活動・発表,高校入学後の探究活動＋校内外での発表経験（規模・レベル不問）,教育課程内または正課外で探究活動に取り組み、学校内発表会、他校との合同発表会、外部機関主催の大会・コンテスト等で発表していること。,No,Yes,https://www.kwansei.ac.jp/admissions/assets/2027_inquiry_assessment_guidelines.pdf,2026-09-18
KWANSEI-2027-INQUIRY-LIFE-ENV,関西学院大学,生命環境学部,環境応用化学科,探究評価型入学試験,INQUIRY-PRESENT,高等学校での探究活動・発表,高校入学後の探究活動＋校内外での発表経験（規模・レベル不問）,教育課程内または正課外で探究活動に取り組み、学校内発表会、他校との合同発表会、外部機関主催の大会・コンテスト等で発表していること。,No,Yes,https://www.kwansei.ac.jp/admissions/assets/2027_inquiry_assessment_guidelines.pdf,2026-09-18
KWANSEI-2027-INQUIRY-ARCH,関西学院大学,建築学部,建築学科,探究評価型入学試験,INQUIRY-PRESENT,高等学校での探究活動・発表,高校入学後の探究活動＋校内外での発表経験（規模・レベル不問）,教育課程内または正課外で探究活動に取り組み、学校内発表会、他校との合同発表会、外部機関主催の大会・コンテスト等で発表していること。,No,Yes,https://www.kwansei.ac.jp/admissions/assets/2027_inquiry_assessment_guidelines.pdf,2026-09-18
RITS-2027-AO-LIFE-INQ-APCHEM,立命館大学,生命科学部,応用化学科,AO選抜 探究活動評価方式,INQUIRY-ACTIVITY,高等学校等での探究的な学習・課題研究・自主研究等,活動実績報告書と学校確認書を提出し、第2次で本人がプレゼンテーションできる実績,高校等で取り組んだ探究的な学習・課題研究・自主研究等について記録し、本人のオリジナルであることを学校長名で確認した書類を提出する。,No,Yes,https://admission.ritsumei.ac.jp/assets/file/2027/admission/ao/guidelines/ao-youkou27.pdf,2026-09-18
RITS-2027-AO-LIFE-INQ-BIOTECH,立命館大学,生命科学部,生物工学科,AO選抜 探究活動評価方式,INQUIRY-ACTIVITY,高等学校等での探究的な学習・課題研究・自主研究等,活動実績報告書と学校確認書を提出し、第2次で本人がプレゼンテーションできる実績,高校等で取り組んだ探究的な学習・課題研究・自主研究等について記録し、本人のオリジナルであることを学校長名で確認した書類を提出する。,No,Yes,https://admission.ritsumei.ac.jp/assets/file/2027/admission/ao/guidelines/ao-youkou27.pdf,2026-09-18
RITS-2027-AO-LIFE-INQ-BIOINFO,立命館大学,生命科学部,生命情報学科,AO選抜 探究活動評価方式,INQUIRY-ACTIVITY,高等学校等での探究的な学習・課題研究・自主研究等,活動実績報告書と学校確認書を提出し、第2次で本人がプレゼンテーションできる実績,高校等で取り組んだ探究的な学習・課題研究・自主研究等について記録し、本人のオリジナルであることを学校長名で確認した書類を提出する。,No,Yes,https://admission.ritsumei.ac.jp/assets/file/2027/admission/ao/guidelines/ao-youkou27.pdf,2026-09-18
RITS-2027-AO-LIFE-INQ-BIOMED,立命館大学,生命科学部,生命医科学科,AO選抜 探究活動評価方式,INQUIRY-ACTIVITY,高等学校等での探究的な学習・課題研究・自主研究等,活動実績報告書と学校確認書を提出し、第2次で本人がプレゼンテーションできる実績,高校等で取り組んだ探究的な学習・課題研究・自主研究等について記録し、本人のオリジナルであることを学校長名で確認した書類を提出する。,No,Yes,https://admission.ritsumei.ac.jp/assets/file/2027/admission/ao/guidelines/ao-youkou27.pdf,2026-09-18
TOYO-2027-AO-INIAD-CS,東洋大学,情報連携学部,情報連携学科,AO型推薦入試 コンピュータ・サイエンス型,INIAD-CS-GITHUB,自作ソフトウェア制作・GitHub公開,本人が制作したソフトウェアをGitHubで公開し、事前適性審査基準を満たす,学校授業・課題等ではなく本人主体で制作したソフトウェアをGitHub上で確認できる形にし、INIADの事前適性審査基準を満たすことが必要。,No,Yes,https://www.toyo.ac.jp/nyushi/content/dam/toyowebstyle/admission/admission-data/requirements-special/public-recruitment_entry-exam_2027.pdf,2026-09-18
TOYO-2027-AO-ENV,東洋大学,環境イノベーション学部,環境イノベーション学科,AO型推薦入試,HS-INQUIRY-ENV,高校での自主的活動・探究活動,高校で自主的に取り組んだ活動または総合的な探究の時間等の経験,必須課題において、高校で自主的に取り組んだ活動または総合的な探究の時間等について、成果・課題と今後への活用を説明する。,No,Yes,https://www.toyo.ac.jp/nyushi/content/dam/toyowebstyle/admission/admission-data/requirements-special/public-recruitment_entry-exam_2027.pdf,2026-09-18
TOYO-2027-AO-LIFE-BIOSCI,東洋大学,生命科学部,生命科学科,AO型推薦入試,HS-AUTONOMOUS-BIOSCI,生物・化学関連分野での自主的な取り組み,生物・化学関連分野で自主的に取り組んだ経験,生物・化学関連分野で自主的に取り組んだ内容を課題としてまとめ、選考時にプレゼンテーションできることが必要。,No,Yes,https://www.toyo.ac.jp/nyushi/content/dam/toyowebstyle/admission/admission-data/requirements-special/public-recruitment_entry-exam_2027.pdf,2026-09-18
TOYO-2027-AO-LIFE-BIOMED,東洋大学,生命科学部,生体医工学科,AO型推薦入試,HS-AUTONOMOUS-BIOMED,物理・化学・生物関連分野での自主的な取り組み,物理・化学・生物関連分野で自主的に取り組んだ経験,物理・化学・生物関連分野で自主的に取り組んだ内容を課題としてまとめ、選考時にプレゼンテーションできることが必要。,No,Yes,https://www.toyo.ac.jp/nyushi/content/dam/toyowebstyle/admission/admission-data/requirements-special/public-recruitment_entry-exam_2027.pdf,2026-09-18
TOYO-2027-AO-LIFE-BIORES,東洋大学,生命科学部,生物資源学科,AO型推薦入試,HS-AUTONOMOUS-BIORES,生物・化学関連分野での自主的な取り組み,生物・化学関連分野で自主的に取り組んだ経験,生物・化学関連分野で自主的に取り組んだ内容を課題としてまとめ、選考時にプレゼンテーションできることが必要。,No,Yes,https://www.toyo.ac.jp/nyushi/content/dam/toyowebstyle/admission/admission-data/requirements-special/public-recruitment_entry-exam_2027.pdf,2026-09-18
KGU-2027-SEP-INQUIRY-SCI-LIFE,関東学院大学,理工学部,理工学科 生命科学コース,総合型選抜（9月募集）探究評価型,INQUIRY-REPORT,高校時代の探究学習,探究学習の成果1件＋探究学習報告書＋プレゼンテーション,高校時代に取り組んだ社会課題等に対する探究学習の活動を1つ取り上げ、探究学習報告書を作成し、試験当日にプレゼンテーションする。,No,Yes,https://ao.kanto-gakuin.ac.jp/2027sogo-kadai/,2026-09-18
KGU-2027-NOV-INQUIRY-SCI-LIFE,関東学院大学,理工学部,理工学科 生命科学コース,総合型選抜（11月募集）探究評価型,INQUIRY-REPORT,高校時代の探究学習,探究学習の成果1件＋探究学習報告書＋プレゼンテーション,高校時代に取り組んだ社会課題等に対する探究学習の活動を1つ取り上げ、探究学習報告書を作成し、試験当日にプレゼンテーションする。,No,Yes,https://ao.kanto-gakuin.ac.jp/2027sogo-kadai/,2026-09-18
KGU-2027-SEP-INQUIRY-SCI-MATHPHYS,関東学院大学,理工学部,理工学科 数理・物理コース,総合型選抜（9月募集）探究評価型,INQUIRY-REPORT,高校時代の探究学習,探究学習の成果1件＋探究学習報告書＋プレゼンテーション,高校時代に取り組んだ社会課題等に対する探究学習の活動を1つ取り上げ、探究学習報告書を作成し、試験当日にプレゼンテーションする。,No,Yes,https://ao.kanto-gakuin.ac.jp/2027sogo-kadai/,2026-09-18
KGU-2027-NOV-INQUIRY-SCI-MATHPHYS,関東学院大学,理工学部,理工学科 数理・物理コース,総合型選抜（11月募集）探究評価型,INQUIRY-REPORT,高校時代の探究学習,探究学習の成果1件＋探究学習報告書＋プレゼンテーション,高校時代に取り組んだ社会課題等に対する探究学習の活動を1つ取り上げ、探究学習報告書を作成し、試験当日にプレゼンテーションする。,No,Yes,https://ao.kanto-gakuin.ac.jp/2027sogo-kadai/,2026-09-18
KGU-2027-SEP-INQUIRY-SCI-APCHEM,関東学院大学,理工学部,理工学科 応用化学コース,総合型選抜（9月募集）探究評価型,INQUIRY-REPORT,高校時代の探究学習,探究学習の成果1件＋探究学習報告書＋プレゼンテーション,高校時代に取り組んだ社会課題等に対する探究学習の活動を1つ取り上げ、探究学習報告書を作成し、試験当日にプレゼンテーションする。,No,Yes,https://ao.kanto-gakuin.ac.jp/2027sogo-kadai/,2026-09-18
KGU-2027-NOV-INQUIRY-SCI-APCHEM,関東学院大学,理工学部,理工学科 応用化学コース,総合型選抜（11月募集）探究評価型,INQUIRY-REPORT,高校時代の探究学習,探究学習の成果1件＋探究学習報告書＋プレゼンテーション,高校時代に取り組んだ社会課題等に対する探究学習の活動を1つ取り上げ、探究学習報告書を作成し、試験当日にプレゼンテーションする。,No,Yes,https://ao.kanto-gakuin.ac.jp/2027sogo-kadai/,2026-09-18
KGU-2027-SEP-INQUIRY-SCI-SURF,関東学院大学,理工学部,理工学科 表面工学コース,総合型選抜（9月募集）探究評価型,INQUIRY-REPORT,高校時代の探究学習,探究学習の成果1件＋探究学習報告書＋プレゼンテーション,高校時代に取り組んだ社会課題等に対する探究学習の活動を1つ取り上げ、探究学習報告書を作成し、試験当日にプレゼンテーションする。,No,Yes,https://ao.kanto-gakuin.ac.jp/2027sogo-kadai/,2026-09-18
KGU-2027-NOV-INQUIRY-SCI-SURF,関東学院大学,理工学部,理工学科 表面工学コース,総合型選抜（11月募集）探究評価型,INQUIRY-REPORT,高校時代の探究学習,探究学習の成果1件＋探究学習報告書＋プレゼンテーション,高校時代に取り組んだ社会課題等に対する探究学習の活動を1つ取り上げ、探究学習報告書を作成し、試験当日にプレゼンテーションする。,No,Yes,https://ao.kanto-gakuin.ac.jp/2027sogo-kadai/,2026-09-18
KGU-2027-SEP-INQUIRY-SCI-MECH,関東学院大学,理工学部,理工学科 先進機械コース,総合型選抜（9月募集）探究評価型,INQUIRY-REPORT,高校時代の探究学習,探究学習の成果1件＋探究学習報告書＋プレゼンテーション,高校時代に取り組んだ社会課題等に対する探究学習の活動を1つ取り上げ、探究学習報告書を作成し、試験当日にプレゼンテーションする。,No,Yes,https://ao.kanto-gakuin.ac.jp/2027sogo-kadai/,2026-09-18
KGU-2027-NOV-INQUIRY-SCI-MECH,関東学院大学,理工学部,理工学科 先進機械コース,総合型選抜（11月募集）探究評価型,INQUIRY-REPORT,高校時代の探究学習,探究学習の成果1件＋探究学習報告書＋プレゼンテーション,高校時代に取り組んだ社会課題等に対する探究学習の活動を1つ取り上げ、探究学習報告書を作成し、試験当日にプレゼンテーションする。,No,Yes,https://ao.kanto-gakuin.ac.jp/2027sogo-kadai/,2026-09-18
KGU-2027-SEP-INQUIRY-SCI-EE,関東学院大学,理工学部,理工学科 電気・電子コース,総合型選抜（9月募集）探究評価型,INQUIRY-REPORT,高校時代の探究学習,探究学習の成果1件＋探究学習報告書＋プレゼンテーション,高校時代に取り組んだ社会課題等に対する探究学習の活動を1つ取り上げ、探究学習報告書を作成し、試験当日にプレゼンテーションする。,No,Yes,https://ao.kanto-gakuin.ac.jp/2027sogo-kadai/,2026-09-18
KGU-2027-NOV-INQUIRY-SCI-EE,関東学院大学,理工学部,理工学科 電気・電子コース,総合型選抜（11月募集）探究評価型,INQUIRY-REPORT,高校時代の探究学習,探究学習の成果1件＋探究学習報告書＋プレゼンテーション,高校時代に取り組んだ社会課題等に対する探究学習の活動を1つ取り上げ、探究学習報告書を作成し、試験当日にプレゼンテーションする。,No,Yes,https://ao.kanto-gakuin.ac.jp/2027sogo-kadai/,2026-09-18
KGU-2027-SEP-INQUIRY-SCI-CIVIL,関東学院大学,理工学部,理工学科 土木・都市防災コース,総合型選抜（9月募集）探究評価型,INQUIRY-REPORT,高校時代の探究学習,探究学習の成果1件＋探究学習報告書＋プレゼンテーション,高校時代に取り組んだ社会課題等に対する探究学習の活動を1つ取り上げ、探究学習報告書を作成し、試験当日にプレゼンテーションする。,No,Yes,https://ao.kanto-gakuin.ac.jp/2027sogo-kadai/,2026-09-18
KGU-2027-NOV-INQUIRY-SCI-CIVIL,関東学院大学,理工学部,理工学科 土木・都市防災コース,総合型選抜（11月募集）探究評価型,INQUIRY-REPORT,高校時代の探究学習,探究学習の成果1件＋探究学習報告書＋プレゼンテーション,高校時代に取り組んだ社会課題等に対する探究学習の活動を1つ取り上げ、探究学習報告書を作成し、試験当日にプレゼンテーションする。,No,Yes,https://ao.kanto-gakuin.ac.jp/2027sogo-kadai/,2026-09-18
KGU-2027-SEP-INQUIRY-INFO,関東学院大学,情報学部,情報学科,総合型選抜（9月募集）探究評価型,INQUIRY-REPORT,高校時代の探究学習,探究学習の成果1件＋探究学習報告書＋プレゼンテーション,高校時代に取り組んだ社会課題等に対する探究学習の活動を1つ取り上げ、探究学習報告書を作成し、試験当日にプレゼンテーションする。,No,Yes,https://ao.kanto-gakuin.ac.jp/2027sogo-kadai/,2026-09-18
KGU-2027-NOV-INQUIRY-INFO,関東学院大学,情報学部,情報学科,総合型選抜（11月募集）探究評価型,INQUIRY-REPORT,高校時代の探究学習,探究学習の成果1件＋探究学習報告書＋プレゼンテーション,高校時代に取り組んだ社会課題等に対する探究学習の活動を1つ取り上げ、探究学習報告書を作成し、試験当日にプレゼンテーションする。,No,Yes,https://ao.kanto-gakuin.ac.jp/2027sogo-kadai/,2026-09-18
TUIS-2027-SCHOLAR-PROJECT-Ⅰ期,東京情報大学,総合情報学部,総合情報学科,特待生総合型選抜 課題研究入試 Ⅰ期,PROJECT-RESEARCH,高等学校等での課題研究,専門学科・総合学科で課題研究に取り組んでいること,高校で履修・実施している課題研究について、課題研究レポートを提出し、選抜日にプレゼンテーションすることが必要。出願時点で研究が完結している必要はない。,No,Yes,https://www.tuis.ac.jp/examinee/examination/department/kadai/,2026-09-18
TUIS-2027-SCHOLAR-PROJECT-Ⅱ期,東京情報大学,総合情報学部,総合情報学科,特待生総合型選抜 課題研究入試 Ⅱ期,PROJECT-RESEARCH,高等学校等での課題研究,専門学科・総合学科で課題研究に取り組んでいること,高校で履修・実施している課題研究について、課題研究レポートを提出し、選抜日にプレゼンテーションすることが必要。出願時点で研究が完結している必要はない。,No,Yes,https://www.tuis.ac.jp/examinee/examination/department/kadai/,2026-09-18
KWANSEI-2027-GLOBAL1-SCI-MATH,関西学院大学,理学部,数理科学科,グローバル入学試験Ⅰ（国際的な活躍を志す者を対象とした入学試験）,GLOBAL-ALT-JMO,日本数学オリンピック,国内予選大会への出場（予選／第一チャレンジ／一次選考で可）,英語CEFR B1以上、海外留学・国際交流、国内での国際交流などと並ぶ選択式出願要件の一つ。科学コンテスト出場自体は必須ではない。,Yes（出願要件②～⑤のいずれか1つ以上）,Yes（出場を客観的に証明する資料）,https://www.kwansei.ac.jp/admissions/assets/2027global.pdf,2026-09-19
KWANSEI-2027-GLOBAL1-SCI-MATH,関西学院大学,理学部,数理科学科,グローバル入学試験Ⅰ（国際的な活躍を志す者を対象とした入学試験）,GLOBAL-ALT-PHYS,全国物理コンテスト 物理チャレンジ,国内予選大会への出場（予選／第一チャレンジ／一次選考で可）,英語CEFR B1以上、海外留学・国際交流、国内での国際交流などと並ぶ選択式出願要件の一つ。科学コンテスト出場自体は必須ではない。,Yes（出願要件②～⑤のいずれか1つ以上）,Yes（出場を客観的に証明する資料）,https://www.kwansei.ac.jp/admissions/assets/2027global.pdf,2026-09-19
KWANSEI-2027-GLOBAL1-SCI-MATH,関西学院大学,理学部,数理科学科,グローバル入学試験Ⅰ（国際的な活躍を志す者を対象とした入学試験）,GLOBAL-ALT-CHEM,化学グランプリ,国内予選大会への出場（予選／第一チャレンジ／一次選考で可）,英語CEFR B1以上、海外留学・国際交流、国内での国際交流などと並ぶ選択式出願要件の一つ。科学コンテスト出場自体は必須ではない。,Yes（出願要件②～⑤のいずれか1つ以上）,Yes（出場を客観的に証明する資料）,https://www.kwansei.ac.jp/admissions/assets/2027global.pdf,2026-09-19
KWANSEI-2027-GLOBAL1-SCI-MATH,関西学院大学,理学部,数理科学科,グローバル入学試験Ⅰ（国際的な活躍を志す者を対象とした入学試験）,GLOBAL-ALT-BIO,日本生物学オリンピック,国内予選大会への出場（予選／第一チャレンジ／一次選考で可）,英語CEFR B1以上、海外留学・国際交流、国内での国際交流などと並ぶ選択式出願要件の一つ。科学コンテスト出場自体は必須ではない。,Yes（出願要件②～⑤のいずれか1つ以上）,Yes（出場を客観的に証明する資料）,https://www.kwansei.ac.jp/admissions/assets/2027global.pdf,2026-09-19
KWANSEI-2027-GLOBAL1-SCI-MATH,関西学院大学,理学部,数理科学科,グローバル入学試験Ⅰ（国際的な活躍を志す者を対象とした入学試験）,GLOBAL-ALT-EARTH,日本地学オリンピック,国内予選大会への出場（予選／第一チャレンジ／一次選考で可）,英語CEFR B1以上、海外留学・国際交流、国内での国際交流などと並ぶ選択式出願要件の一つ。科学コンテスト出場自体は必須ではない。,Yes（出願要件②～⑤のいずれか1つ以上）,Yes（出場を客観的に証明する資料）,https://www.kwansei.ac.jp/admissions/assets/2027global.pdf,2026-09-19
KWANSEI-2027-GLOBAL1-SCI-MATH,関西学院大学,理学部,数理科学科,グローバル入学試験Ⅰ（国際的な活躍を志す者を対象とした入学試験）,GLOBAL-ALT-JOI,日本情報オリンピック,国内予選大会への出場（予選／第一チャレンジ／一次選考で可）,英語CEFR B1以上、海外留学・国際交流、国内での国際交流などと並ぶ選択式出願要件の一つ。科学コンテスト出場自体は必須ではない。,Yes（出願要件②～⑤のいずれか1つ以上）,Yes（出場を客観的に証明する資料）,https://www.kwansei.ac.jp/admissions/assets/2027global.pdf,2026-09-19
KWANSEI-2027-GLOBAL1-SCI-PHYS,関西学院大学,理学部,物理・宇宙学科,グローバル入学試験Ⅰ（国際的な活躍を志す者を対象とした入学試験）,GLOBAL-ALT-JMO,日本数学オリンピック,国内予選大会への出場（予選／第一チャレンジ／一次選考で可）,英語CEFR B1以上、海外留学・国際交流、国内での国際交流などと並ぶ選択式出願要件の一つ。科学コンテスト出場自体は必須ではない。,Yes（出願要件②～⑤のいずれか1つ以上）,Yes（出場を客観的に証明する資料）,https://www.kwansei.ac.jp/admissions/assets/2027global.pdf,2026-09-19
KWANSEI-2027-GLOBAL1-SCI-PHYS,関西学院大学,理学部,物理・宇宙学科,グローバル入学試験Ⅰ（国際的な活躍を志す者を対象とした入学試験）,GLOBAL-ALT-PHYS,全国物理コンテスト 物理チャレンジ,国内予選大会への出場（予選／第一チャレンジ／一次選考で可）,英語CEFR B1以上、海外留学・国際交流、国内での国際交流などと並ぶ選択式出願要件の一つ。科学コンテスト出場自体は必須ではない。,Yes（出願要件②～⑤のいずれか1つ以上）,Yes（出場を客観的に証明する資料）,https://www.kwansei.ac.jp/admissions/assets/2027global.pdf,2026-09-19
KWANSEI-2027-GLOBAL1-SCI-PHYS,関西学院大学,理学部,物理・宇宙学科,グローバル入学試験Ⅰ（国際的な活躍を志す者を対象とした入学試験）,GLOBAL-ALT-CHEM,化学グランプリ,国内予選大会への出場（予選／第一チャレンジ／一次選考で可）,英語CEFR B1以上、海外留学・国際交流、国内での国際交流などと並ぶ選択式出願要件の一つ。科学コンテスト出場自体は必須ではない。,Yes（出願要件②～⑤のいずれか1つ以上）,Yes（出場を客観的に証明する資料）,https://www.kwansei.ac.jp/admissions/assets/2027global.pdf,2026-09-19
KWANSEI-2027-GLOBAL1-SCI-PHYS,関西学院大学,理学部,物理・宇宙学科,グローバル入学試験Ⅰ（国際的な活躍を志す者を対象とした入学試験）,GLOBAL-ALT-BIO,日本生物学オリンピック,国内予選大会への出場（予選／第一チャレンジ／一次選考で可）,英語CEFR B1以上、海外留学・国際交流、国内での国際交流などと並ぶ選択式出願要件の一つ。科学コンテスト出場自体は必須ではない。,Yes（出願要件②～⑤のいずれか1つ以上）,Yes（出場を客観的に証明する資料）,https://www.kwansei.ac.jp/admissions/assets/2027global.pdf,2026-09-19
KWANSEI-2027-GLOBAL1-SCI-PHYS,関西学院大学,理学部,物理・宇宙学科,グローバル入学試験Ⅰ（国際的な活躍を志す者を対象とした入学試験）,GLOBAL-ALT-EARTH,日本地学オリンピック,国内予選大会への出場（予選／第一チャレンジ／一次選考で可）,英語CEFR B1以上、海外留学・国際交流、国内での国際交流などと並ぶ選択式出願要件の一つ。科学コンテスト出場自体は必須ではない。,Yes（出願要件②～⑤のいずれか1つ以上）,Yes（出場を客観的に証明する資料）,https://www.kwansei.ac.jp/admissions/assets/2027global.pdf,2026-09-19
KWANSEI-2027-GLOBAL1-SCI-PHYS,関西学院大学,理学部,物理・宇宙学科,グローバル入学試験Ⅰ（国際的な活躍を志す者を対象とした入学試験）,GLOBAL-ALT-JOI,日本情報オリンピック,国内予選大会への出場（予選／第一チャレンジ／一次選考で可）,英語CEFR B1以上、海外留学・国際交流、国内での国際交流などと並ぶ選択式出願要件の一つ。科学コンテスト出場自体は必須ではない。,Yes（出願要件②～⑤のいずれか1つ以上）,Yes（出場を客観的に証明する資料）,https://www.kwansei.ac.jp/admissions/assets/2027global.pdf,2026-09-19
KWANSEI-2027-GLOBAL1-SCI-CHEM,関西学院大学,理学部,化学科,グローバル入学試験Ⅰ（国際的な活躍を志す者を対象とした入学試験）,GLOBAL-ALT-JMO,日本数学オリンピック,国内予選大会への出場（予選／第一チャレンジ／一次選考で可）,英語CEFR B1以上、海外留学・国際交流、国内での国際交流などと並ぶ選択式出願要件の一つ。科学コンテスト出場自体は必須ではない。,Yes（出願要件②～⑤のいずれか1つ以上）,Yes（出場を客観的に証明する資料）,https://www.kwansei.ac.jp/admissions/assets/2027global.pdf,2026-09-19
KWANSEI-2027-GLOBAL1-SCI-CHEM,関西学院大学,理学部,化学科,グローバル入学試験Ⅰ（国際的な活躍を志す者を対象とした入学試験）,GLOBAL-ALT-PHYS,全国物理コンテスト 物理チャレンジ,国内予選大会への出場（予選／第一チャレンジ／一次選考で可）,英語CEFR B1以上、海外留学・国際交流、国内での国際交流などと並ぶ選択式出願要件の一つ。科学コンテスト出場自体は必須ではない。,Yes（出願要件②～⑤のいずれか1つ以上）,Yes（出場を客観的に証明する資料）,https://www.kwansei.ac.jp/admissions/assets/2027global.pdf,2026-09-19
KWANSEI-2027-GLOBAL1-SCI-CHEM,関西学院大学,理学部,化学科,グローバル入学試験Ⅰ（国際的な活躍を志す者を対象とした入学試験）,GLOBAL-ALT-CHEM,化学グランプリ,国内予選大会への出場（予選／第一チャレンジ／一次選考で可）,英語CEFR B1以上、海外留学・国際交流、国内での国際交流などと並ぶ選択式出願要件の一つ。科学コンテスト出場自体は必須ではない。,Yes（出願要件②～⑤のいずれか1つ以上）,Yes（出場を客観的に証明する資料）,https://www.kwansei.ac.jp/admissions/assets/2027global.pdf,2026-09-19
KWANSEI-2027-GLOBAL1-SCI-CHEM,関西学院大学,理学部,化学科,グローバル入学試験Ⅰ（国際的な活躍を志す者を対象とした入学試験）,GLOBAL-ALT-BIO,日本生物学オリンピック,国内予選大会への出場（予選／第一チャレンジ／一次選考で可）,英語CEFR B1以上、海外留学・国際交流、国内での国際交流などと並ぶ選択式出願要件の一つ。科学コンテスト出場自体は必須ではない。,Yes（出願要件②～⑤のいずれか1つ以上）,Yes（出場を客観的に証明する資料）,https://www.kwansei.ac.jp/admissions/assets/2027global.pdf,2026-09-19
KWANSEI-2027-GLOBAL1-SCI-CHEM,関西学院大学,理学部,化学科,グローバル入学試験Ⅰ（国際的な活躍を志す者を対象とした入学試験）,GLOBAL-ALT-EARTH,日本地学オリンピック,国内予選大会への出場（予選／第一チャレンジ／一次選考で可）,英語CEFR B1以上、海外留学・国際交流、国内での国際交流などと並ぶ選択式出願要件の一つ。科学コンテスト出場自体は必須ではない。,Yes（出願要件②～⑤のいずれか1つ以上）,Yes（出場を客観的に証明する資料）,https://www.kwansei.ac.jp/admissions/assets/2027global.pdf,2026-09-19
KWANSEI-2027-GLOBAL1-SCI-CHEM,関西学院大学,理学部,化学科,グローバル入学試験Ⅰ（国際的な活躍を志す者を対象とした入学試験）,GLOBAL-ALT-JOI,日本情報オリンピック,国内予選大会への出場（予選／第一チャレンジ／一次選考で可）,英語CEFR B1以上、海外留学・国際交流、国内での国際交流などと並ぶ選択式出願要件の一つ。科学コンテスト出場自体は必須ではない。,Yes（出願要件②～⑤のいずれか1つ以上）,Yes（出場を客観的に証明する資料）,https://www.kwansei.ac.jp/admissions/assets/2027global.pdf,2026-09-19
KWANSEI-2027-GLOBAL1-ENG-MAT,関西学院大学,工学部,物質工学課程,グローバル入学試験Ⅰ（国際的な活躍を志す者を対象とした入学試験）,GLOBAL-ALT-JMO,日本数学オリンピック,国内予選大会への出場（予選／第一チャレンジ／一次選考で可）,英語CEFR B1以上、海外留学・国際交流、国内での国際交流などと並ぶ選択式出願要件の一つ。科学コンテスト出場自体は必須ではない。,Yes（出願要件②～⑤のいずれか1つ以上）,Yes（出場を客観的に証明する資料）,https://www.kwansei.ac.jp/admissions/assets/2027global.pdf,2026-09-19
KWANSEI-2027-GLOBAL1-ENG-MAT,関西学院大学,工学部,物質工学課程,グローバル入学試験Ⅰ（国際的な活躍を志す者を対象とした入学試験）,GLOBAL-ALT-PHYS,全国物理コンテスト 物理チャレンジ,国内予選大会への出場（予選／第一チャレンジ／一次選考で可）,英語CEFR B1以上、海外留学・国際交流、国内での国際交流などと並ぶ選択式出願要件の一つ。科学コンテスト出場自体は必須ではない。,Yes（出願要件②～⑤のいずれか1つ以上）,Yes（出場を客観的に証明する資料）,https://www.kwansei.ac.jp/admissions/assets/2027global.pdf,2026-09-19
KWANSEI-2027-GLOBAL1-ENG-MAT,関西学院大学,工学部,物質工学課程,グローバル入学試験Ⅰ（国際的な活躍を志す者を対象とした入学試験）,GLOBAL-ALT-CHEM,化学グランプリ,国内予選大会への出場（予選／第一チャレンジ／一次選考で可）,英語CEFR B1以上、海外留学・国際交流、国内での国際交流などと並ぶ選択式出願要件の一つ。科学コンテスト出場自体は必須ではない。,Yes（出願要件②～⑤のいずれか1つ以上）,Yes（出場を客観的に証明する資料）,https://www.kwansei.ac.jp/admissions/assets/2027global.pdf,2026-09-19
KWANSEI-2027-GLOBAL1-ENG-MAT,関西学院大学,工学部,物質工学課程,グローバル入学試験Ⅰ（国際的な活躍を志す者を対象とした入学試験）,GLOBAL-ALT-BIO,日本生物学オリンピック,国内予選大会への出場（予選／第一チャレンジ／一次選考で可）,英語CEFR B1以上、海外留学・国際交流、国内での国際交流などと並ぶ選択式出願要件の一つ。科学コンテスト出場自体は必須ではない。,Yes（出願要件②～⑤のいずれか1つ以上）,Yes（出場を客観的に証明する資料）,https://www.kwansei.ac.jp/admissions/assets/2027global.pdf,2026-09-19
KWANSEI-2027-GLOBAL1-ENG-MAT,関西学院大学,工学部,物質工学課程,グローバル入学試験Ⅰ（国際的な活躍を志す者を対象とした入学試験）,GLOBAL-ALT-EARTH,日本地学オリンピック,国内予選大会への出場（予選／第一チャレンジ／一次選考で可）,英語CEFR B1以上、海外留学・国際交流、国内での国際交流などと並ぶ選択式出願要件の一つ。科学コンテスト出場自体は必須ではない。,Yes（出願要件②～⑤のいずれか1つ以上）,Yes（出場を客観的に証明する資料）,https://www.kwansei.ac.jp/admissions/assets/2027global.pdf,2026-09-19
KWANSEI-2027-GLOBAL1-ENG-MAT,関西学院大学,工学部,物質工学課程,グローバル入学試験Ⅰ（国際的な活躍を志す者を対象とした入学試験）,GLOBAL-ALT-JOI,日本情報オリンピック,国内予選大会への出場（予選／第一チャレンジ／一次選考で可）,英語CEFR B1以上、海外留学・国際交流、国内での国際交流などと並ぶ選択式出願要件の一つ。科学コンテスト出場自体は必須ではない。,Yes（出願要件②～⑤のいずれか1つ以上）,Yes（出場を客観的に証明する資料）,https://www.kwansei.ac.jp/admissions/assets/2027global.pdf,2026-09-19
KWANSEI-2027-GLOBAL1-ENG-EE,関西学院大学,工学部,電気電子応用工学課程,グローバル入学試験Ⅰ（国際的な活躍を志す者を対象とした入学試験）,GLOBAL-ALT-JMO,日本数学オリンピック,国内予選大会への出場（予選／第一チャレンジ／一次選考で可）,英語CEFR B1以上、海外留学・国際交流、国内での国際交流などと並ぶ選択式出願要件の一つ。科学コンテスト出場自体は必須ではない。,Yes（出願要件②～⑤のいずれか1つ以上）,Yes（出場を客観的に証明する資料）,https://www.kwansei.ac.jp/admissions/assets/2027global.pdf,2026-09-19
KWANSEI-2027-GLOBAL1-ENG-EE,関西学院大学,工学部,電気電子応用工学課程,グローバル入学試験Ⅰ（国際的な活躍を志す者を対象とした入学試験）,GLOBAL-ALT-PHYS,全国物理コンテスト 物理チャレンジ,国内予選大会への出場（予選／第一チャレンジ／一次選考で可）,英語CEFR B1以上、海外留学・国際交流、国内での国際交流などと並ぶ選択式出願要件の一つ。科学コンテスト出場自体は必須ではない。,Yes（出願要件②～⑤のいずれか1つ以上）,Yes（出場を客観的に証明する資料）,https://www.kwansei.ac.jp/admissions/assets/2027global.pdf,2026-09-19
KWANSEI-2027-GLOBAL1-ENG-EE,関西学院大学,工学部,電気電子応用工学課程,グローバル入学試験Ⅰ（国際的な活躍を志す者を対象とした入学試験）,GLOBAL-ALT-CHEM,化学グランプリ,国内予選大会への出場（予選／第一チャレンジ／一次選考で可）,英語CEFR B1以上、海外留学・国際交流、国内での国際交流などと並ぶ選択式出願要件の一つ。科学コンテスト出場自体は必須ではない。,Yes（出願要件②～⑤のいずれか1つ以上）,Yes（出場を客観的に証明する資料）,https://www.kwansei.ac.jp/admissions/assets/2027global.pdf,2026-09-19
KWANSEI-2027-GLOBAL1-ENG-EE,関西学院大学,工学部,電気電子応用工学課程,グローバル入学試験Ⅰ（国際的な活躍を志す者を対象とした入学試験）,GLOBAL-ALT-BIO,日本生物学オリンピック,国内予選大会への出場（予選／第一チャレンジ／一次選考で可）,英語CEFR B1以上、海外留学・国際交流、国内での国際交流などと並ぶ選択式出願要件の一つ。科学コンテスト出場自体は必須ではない。,Yes（出願要件②～⑤のいずれか1つ以上）,Yes（出場を客観的に証明する資料）,https://www.kwansei.ac.jp/admissions/assets/2027global.pdf,2026-09-19
KWANSEI-2027-GLOBAL1-ENG-EE,関西学院大学,工学部,電気電子応用工学課程,グローバル入学試験Ⅰ（国際的な活躍を志す者を対象とした入学試験）,GLOBAL-ALT-EARTH,日本地学オリンピック,国内予選大会への出場（予選／第一チャレンジ／一次選考で可）,英語CEFR B1以上、海外留学・国際交流、国内での国際交流などと並ぶ選択式出願要件の一つ。科学コンテスト出場自体は必須ではない。,Yes（出願要件②～⑤のいずれか1つ以上）,Yes（出場を客観的に証明する資料）,https://www.kwansei.ac.jp/admissions/assets/2027global.pdf,2026-09-19
KWANSEI-2027-GLOBAL1-ENG-EE,関西学院大学,工学部,電気電子応用工学課程,グローバル入学試験Ⅰ（国際的な活躍を志す者を対象とした入学試験）,GLOBAL-ALT-JOI,日本情報オリンピック,国内予選大会への出場（予選／第一チャレンジ／一次選考で可）,英語CEFR B1以上、海外留学・国際交流、国内での国際交流などと並ぶ選択式出願要件の一つ。科学コンテスト出場自体は必須ではない。,Yes（出願要件②～⑤のいずれか1つ以上）,Yes（出場を客観的に証明する資料）,https://www.kwansei.ac.jp/admissions/assets/2027global.pdf,2026-09-19
KWANSEI-2027-GLOBAL1-ENG-INFO,関西学院大学,工学部,情報工学課程,グローバル入学試験Ⅰ（国際的な活躍を志す者を対象とした入学試験）,GLOBAL-ALT-JMO,日本数学オリンピック,国内予選大会への出場（予選／第一チャレンジ／一次選考で可）,英語CEFR B1以上、海外留学・国際交流、国内での国際交流などと並ぶ選択式出願要件の一つ。科学コンテスト出場自体は必須ではない。,Yes（出願要件②～⑤のいずれか1つ以上）,Yes（出場を客観的に証明する資料）,https://www.kwansei.ac.jp/admissions/assets/2027global.pdf,2026-09-19
KWANSEI-2027-GLOBAL1-ENG-INFO,関西学院大学,工学部,情報工学課程,グローバル入学試験Ⅰ（国際的な活躍を志す者を対象とした入学試験）,GLOBAL-ALT-PHYS,全国物理コンテスト 物理チャレンジ,国内予選大会への出場（予選／第一チャレンジ／一次選考で可）,英語CEFR B1以上、海外留学・国際交流、国内での国際交流などと並ぶ選択式出願要件の一つ。科学コンテスト出場自体は必須ではない。,Yes（出願要件②～⑤のいずれか1つ以上）,Yes（出場を客観的に証明する資料）,https://www.kwansei.ac.jp/admissions/assets/2027global.pdf,2026-09-19
KWANSEI-2027-GLOBAL1-ENG-INFO,関西学院大学,工学部,情報工学課程,グローバル入学試験Ⅰ（国際的な活躍を志す者を対象とした入学試験）,GLOBAL-ALT-CHEM,化学グランプリ,国内予選大会への出場（予選／第一チャレンジ／一次選考で可）,英語CEFR B1以上、海外留学・国際交流、国内での国際交流などと並ぶ選択式出願要件の一つ。科学コンテスト出場自体は必須ではない。,Yes（出願要件②～⑤のいずれか1つ以上）,Yes（出場を客観的に証明する資料）,https://www.kwansei.ac.jp/admissions/assets/2027global.pdf,2026-09-19
KWANSEI-2027-GLOBAL1-ENG-INFO,関西学院大学,工学部,情報工学課程,グローバル入学試験Ⅰ（国際的な活躍を志す者を対象とした入学試験）,GLOBAL-ALT-BIO,日本生物学オリンピック,国内予選大会への出場（予選／第一チャレンジ／一次選考で可）,英語CEFR B1以上、海外留学・国際交流、国内での国際交流などと並ぶ選択式出願要件の一つ。科学コンテスト出場自体は必須ではない。,Yes（出願要件②～⑤のいずれか1つ以上）,Yes（出場を客観的に証明する資料）,https://www.kwansei.ac.jp/admissions/assets/2027global.pdf,2026-09-19
KWANSEI-2027-GLOBAL1-ENG-INFO,関西学院大学,工学部,情報工学課程,グローバル入学試験Ⅰ（国際的な活躍を志す者を対象とした入学試験）,GLOBAL-ALT-EARTH,日本地学オリンピック,国内予選大会への出場（予選／第一チャレンジ／一次選考で可）,英語CEFR B1以上、海外留学・国際交流、国内での国際交流などと並ぶ選択式出願要件の一つ。科学コンテスト出場自体は必須ではない。,Yes（出願要件②～⑤のいずれか1つ以上）,Yes（出場を客観的に証明する資料）,https://www.kwansei.ac.jp/admissions/assets/2027global.pdf,2026-09-19
KWANSEI-2027-GLOBAL1-ENG-INFO,関西学院大学,工学部,情報工学課程,グローバル入学試験Ⅰ（国際的な活躍を志す者を対象とした入学試験）,GLOBAL-ALT-JOI,日本情報オリンピック,国内予選大会への出場（予選／第一チャレンジ／一次選考で可）,英語CEFR B1以上、海外留学・国際交流、国内での国際交流などと並ぶ選択式出願要件の一つ。科学コンテスト出場自体は必須ではない。,Yes（出願要件②～⑤のいずれか1つ以上）,Yes（出場を客観的に証明する資料）,https://www.kwansei.ac.jp/admissions/assets/2027global.pdf,2026-09-19
KWANSEI-2027-GLOBAL1-ENG-MECH,関西学院大学,工学部,知能・機械工学課程,グローバル入学試験Ⅰ（国際的な活躍を志す者を対象とした入学試験）,GLOBAL-ALT-JMO,日本数学オリンピック,国内予選大会への出場（予選／第一チャレンジ／一次選考で可）,英語CEFR B1以上、海外留学・国際交流、国内での国際交流などと並ぶ選択式出願要件の一つ。科学コンテスト出場自体は必須ではない。,Yes（出願要件②～⑤のいずれか1つ以上）,Yes（出場を客観的に証明する資料）,https://www.kwansei.ac.jp/admissions/assets/2027global.pdf,2026-09-19
KWANSEI-2027-GLOBAL1-ENG-MECH,関西学院大学,工学部,知能・機械工学課程,グローバル入学試験Ⅰ（国際的な活躍を志す者を対象とした入学試験）,GLOBAL-ALT-PHYS,全国物理コンテスト 物理チャレンジ,国内予選大会への出場（予選／第一チャレンジ／一次選考で可）,英語CEFR B1以上、海外留学・国際交流、国内での国際交流などと並ぶ選択式出願要件の一つ。科学コンテスト出場自体は必須ではない。,Yes（出願要件②～⑤のいずれか1つ以上）,Yes（出場を客観的に証明する資料）,https://www.kwansei.ac.jp/admissions/assets/2027global.pdf,2026-09-19
KWANSEI-2027-GLOBAL1-ENG-MECH,関西学院大学,工学部,知能・機械工学課程,グローバル入学試験Ⅰ（国際的な活躍を志す者を対象とした入学試験）,GLOBAL-ALT-CHEM,化学グランプリ,国内予選大会への出場（予選／第一チャレンジ／一次選考で可）,英語CEFR B1以上、海外留学・国際交流、国内での国際交流などと並ぶ選択式出願要件の一つ。科学コンテスト出場自体は必須ではない。,Yes（出願要件②～⑤のいずれか1つ以上）,Yes（出場を客観的に証明する資料）,https://www.kwansei.ac.jp/admissions/assets/2027global.pdf,2026-09-19
KWANSEI-2027-GLOBAL1-ENG-MECH,関西学院大学,工学部,知能・機械工学課程,グローバル入学試験Ⅰ（国際的な活躍を志す者を対象とした入学試験）,GLOBAL-ALT-BIO,日本生物学オリンピック,国内予選大会への出場（予選／第一チャレンジ／一次選考で可）,英語CEFR B1以上、海外留学・国際交流、国内での国際交流などと並ぶ選択式出願要件の一つ。科学コンテスト出場自体は必須ではない。,Yes（出願要件②～⑤のいずれか1つ以上）,Yes（出場を客観的に証明する資料）,https://www.kwansei.ac.jp/admissions/assets/2027global.pdf,2026-09-19
KWANSEI-2027-GLOBAL1-ENG-MECH,関西学院大学,工学部,知能・機械工学課程,グローバル入学試験Ⅰ（国際的な活躍を志す者を対象とした入学試験）,GLOBAL-ALT-EARTH,日本地学オリンピック,国内予選大会への出場（予選／第一チャレンジ／一次選考で可）,英語CEFR B1以上、海外留学・国際交流、国内での国際交流などと並ぶ選択式出願要件の一つ。科学コンテスト出場自体は必須ではない。,Yes（出願要件②～⑤のいずれか1つ以上）,Yes（出場を客観的に証明する資料）,https://www.kwansei.ac.jp/admissions/assets/2027global.pdf,2026-09-19
KWANSEI-2027-GLOBAL1-ENG-MECH,関西学院大学,工学部,知能・機械工学課程,グローバル入学試験Ⅰ（国際的な活躍を志す者を対象とした入学試験）,GLOBAL-ALT-JOI,日本情報オリンピック,国内予選大会への出場（予選／第一チャレンジ／一次選考で可）,英語CEFR B1以上、海外留学・国際交流、国内での国際交流などと並ぶ選択式出願要件の一つ。科学コンテスト出場自体は必須ではない。,Yes（出願要件②～⑤のいずれか1つ以上）,Yes（出場を客観的に証明する資料）,https://www.kwansei.ac.jp/admissions/assets/2027global.pdf,2026-09-19
KWANSEI-2027-GLOBAL1-LIFE-BIO,関西学院大学,生命環境学部,生物科学科,グローバル入学試験Ⅰ（国際的な活躍を志す者を対象とした入学試験）,GLOBAL-ALT-JMO,日本数学オリンピック,国内予選大会への出場（予選／第一チャレンジ／一次選考で可）,英語CEFR B1以上、海外留学・国際交流、国内での国際交流などと並ぶ選択式出願要件の一つ。科学コンテスト出場自体は必須ではない。,Yes（出願要件②～⑤のいずれか1つ以上）,Yes（出場を客観的に証明する資料）,https://www.kwansei.ac.jp/admissions/assets/2027global.pdf,2026-09-19
KWANSEI-2027-GLOBAL1-LIFE-BIO,関西学院大学,生命環境学部,生物科学科,グローバル入学試験Ⅰ（国際的な活躍を志す者を対象とした入学試験）,GLOBAL-ALT-PHYS,全国物理コンテスト 物理チャレンジ,国内予選大会への出場（予選／第一チャレンジ／一次選考で可）,英語CEFR B1以上、海外留学・国際交流、国内での国際交流などと並ぶ選択式出願要件の一つ。科学コンテスト出場自体は必須ではない。,Yes（出願要件②～⑤のいずれか1つ以上）,Yes（出場を客観的に証明する資料）,https://www.kwansei.ac.jp/admissions/assets/2027global.pdf,2026-09-19
KWANSEI-2027-GLOBAL1-LIFE-BIO,関西学院大学,生命環境学部,生物科学科,グローバル入学試験Ⅰ（国際的な活躍を志す者を対象とした入学試験）,GLOBAL-ALT-CHEM,化学グランプリ,国内予選大会への出場（予選／第一チャレンジ／一次選考で可）,英語CEFR B1以上、海外留学・国際交流、国内での国際交流などと並ぶ選択式出願要件の一つ。科学コンテスト出場自体は必須ではない。,Yes（出願要件②～⑤のいずれか1つ以上）,Yes（出場を客観的に証明する資料）,https://www.kwansei.ac.jp/admissions/assets/2027global.pdf,2026-09-19
KWANSEI-2027-GLOBAL1-LIFE-BIO,関西学院大学,生命環境学部,生物科学科,グローバル入学試験Ⅰ（国際的な活躍を志す者を対象とした入学試験）,GLOBAL-ALT-BIO,日本生物学オリンピック,国内予選大会への出場（予選／第一チャレンジ／一次選考で可）,英語CEFR B1以上、海外留学・国際交流、国内での国際交流などと並ぶ選択式出願要件の一つ。科学コンテスト出場自体は必須ではない。,Yes（出願要件②～⑤のいずれか1つ以上）,Yes（出場を客観的に証明する資料）,https://www.kwansei.ac.jp/admissions/assets/2027global.pdf,2026-09-19
KWANSEI-2027-GLOBAL1-LIFE-BIO,関西学院大学,生命環境学部,生物科学科,グローバル入学試験Ⅰ（国際的な活躍を志す者を対象とした入学試験）,GLOBAL-ALT-EARTH,日本地学オリンピック,国内予選大会への出場（予選／第一チャレンジ／一次選考で可）,英語CEFR B1以上、海外留学・国際交流、国内での国際交流などと並ぶ選択式出願要件の一つ。科学コンテスト出場自体は必須ではない。,Yes（出願要件②～⑤のいずれか1つ以上）,Yes（出場を客観的に証明する資料）,https://www.kwansei.ac.jp/admissions/assets/2027global.pdf,2026-09-19
KWANSEI-2027-GLOBAL1-LIFE-BIO,関西学院大学,生命環境学部,生物科学科,グローバル入学試験Ⅰ（国際的な活躍を志す者を対象とした入学試験）,GLOBAL-ALT-JOI,日本情報オリンピック,国内予選大会への出場（予選／第一チャレンジ／一次選考で可）,英語CEFR B1以上、海外留学・国際交流、国内での国際交流などと並ぶ選択式出願要件の一つ。科学コンテスト出場自体は必須ではない。,Yes（出願要件②～⑤のいずれか1つ以上）,Yes（出場を客観的に証明する資料）,https://www.kwansei.ac.jp/admissions/assets/2027global.pdf,2026-09-19
KWANSEI-2027-GLOBAL1-LIFE-MED,関西学院大学,生命環境学部,生命医科学科,グローバル入学試験Ⅰ（国際的な活躍を志す者を対象とした入学試験）,GLOBAL-ALT-JMO,日本数学オリンピック,国内予選大会への出場（予選／第一チャレンジ／一次選考で可）,英語CEFR B1以上、海外留学・国際交流、国内での国際交流などと並ぶ選択式出願要件の一つ。科学コンテスト出場自体は必須ではない。,Yes（出願要件②～⑤のいずれか1つ以上）,Yes（出場を客観的に証明する資料）,https://www.kwansei.ac.jp/admissions/assets/2027global.pdf,2026-09-19
KWANSEI-2027-GLOBAL1-LIFE-MED,関西学院大学,生命環境学部,生命医科学科,グローバル入学試験Ⅰ（国際的な活躍を志す者を対象とした入学試験）,GLOBAL-ALT-PHYS,全国物理コンテスト 物理チャレンジ,国内予選大会への出場（予選／第一チャレンジ／一次選考で可）,英語CEFR B1以上、海外留学・国際交流、国内での国際交流などと並ぶ選択式出願要件の一つ。科学コンテスト出場自体は必須ではない。,Yes（出願要件②～⑤のいずれか1つ以上）,Yes（出場を客観的に証明する資料）,https://www.kwansei.ac.jp/admissions/assets/2027global.pdf,2026-09-19
KWANSEI-2027-GLOBAL1-LIFE-MED,関西学院大学,生命環境学部,生命医科学科,グローバル入学試験Ⅰ（国際的な活躍を志す者を対象とした入学試験）,GLOBAL-ALT-CHEM,化学グランプリ,国内予選大会への出場（予選／第一チャレンジ／一次選考で可）,英語CEFR B1以上、海外留学・国際交流、国内での国際交流などと並ぶ選択式出願要件の一つ。科学コンテスト出場自体は必須ではない。,Yes（出願要件②～⑤のいずれか1つ以上）,Yes（出場を客観的に証明する資料）,https://www.kwansei.ac.jp/admissions/assets/2027global.pdf,2026-09-19
KWANSEI-2027-GLOBAL1-LIFE-MED,関西学院大学,生命環境学部,生命医科学科,グローバル入学試験Ⅰ（国際的な活躍を志す者を対象とした入学試験）,GLOBAL-ALT-BIO,日本生物学オリンピック,国内予選大会への出場（予選／第一チャレンジ／一次選考で可）,英語CEFR B1以上、海外留学・国際交流、国内での国際交流などと並ぶ選択式出願要件の一つ。科学コンテスト出場自体は必須ではない。,Yes（出願要件②～⑤のいずれか1つ以上）,Yes（出場を客観的に証明する資料）,https://www.kwansei.ac.jp/admissions/assets/2027global.pdf,2026-09-19
KWANSEI-2027-GLOBAL1-LIFE-MED,関西学院大学,生命環境学部,生命医科学科,グローバル入学試験Ⅰ（国際的な活躍を志す者を対象とした入学試験）,GLOBAL-ALT-EARTH,日本地学オリンピック,国内予選大会への出場（予選／第一チャレンジ／一次選考で可）,英語CEFR B1以上、海外留学・国際交流、国内での国際交流などと並ぶ選択式出願要件の一つ。科学コンテスト出場自体は必須ではない。,Yes（出願要件②～⑤のいずれか1つ以上）,Yes（出場を客観的に証明する資料）,https://www.kwansei.ac.jp/admissions/assets/2027global.pdf,2026-09-19
KWANSEI-2027-GLOBAL1-LIFE-MED,関西学院大学,生命環境学部,生命医科学科,グローバル入学試験Ⅰ（国際的な活躍を志す者を対象とした入学試験）,GLOBAL-ALT-JOI,日本情報オリンピック,国内予選大会への出場（予選／第一チャレンジ／一次選考で可）,英語CEFR B1以上、海外留学・国際交流、国内での国際交流などと並ぶ選択式出願要件の一つ。科学コンテスト出場自体は必須ではない。,Yes（出願要件②～⑤のいずれか1つ以上）,Yes（出場を客観的に証明する資料）,https://www.kwansei.ac.jp/admissions/assets/2027global.pdf,2026-09-19
KWANSEI-2027-GLOBAL1-LIFE-ENV,関西学院大学,生命環境学部,環境応用化学科,グローバル入学試験Ⅰ（国際的な活躍を志す者を対象とした入学試験）,GLOBAL-ALT-JMO,日本数学オリンピック,国内予選大会への出場（予選／第一チャレンジ／一次選考で可）,英語CEFR B1以上、海外留学・国際交流、国内での国際交流などと並ぶ選択式出願要件の一つ。科学コンテスト出場自体は必須ではない。,Yes（出願要件②～⑤のいずれか1つ以上）,Yes（出場を客観的に証明する資料）,https://www.kwansei.ac.jp/admissions/assets/2027global.pdf,2026-09-19
KWANSEI-2027-GLOBAL1-LIFE-ENV,関西学院大学,生命環境学部,環境応用化学科,グローバル入学試験Ⅰ（国際的な活躍を志す者を対象とした入学試験）,GLOBAL-ALT-PHYS,全国物理コンテスト 物理チャレンジ,国内予選大会への出場（予選／第一チャレンジ／一次選考で可）,英語CEFR B1以上、海外留学・国際交流、国内での国際交流などと並ぶ選択式出願要件の一つ。科学コンテスト出場自体は必須ではない。,Yes（出願要件②～⑤のいずれか1つ以上）,Yes（出場を客観的に証明する資料）,https://www.kwansei.ac.jp/admissions/assets/2027global.pdf,2026-09-19
KWANSEI-2027-GLOBAL1-LIFE-ENV,関西学院大学,生命環境学部,環境応用化学科,グローバル入学試験Ⅰ（国際的な活躍を志す者を対象とした入学試験）,GLOBAL-ALT-CHEM,化学グランプリ,国内予選大会への出場（予選／第一チャレンジ／一次選考で可）,英語CEFR B1以上、海外留学・国際交流、国内での国際交流などと並ぶ選択式出願要件の一つ。科学コンテスト出場自体は必須ではない。,Yes（出願要件②～⑤のいずれか1つ以上）,Yes（出場を客観的に証明する資料）,https://www.kwansei.ac.jp/admissions/assets/2027global.pdf,2026-09-19
KWANSEI-2027-GLOBAL1-LIFE-ENV,関西学院大学,生命環境学部,環境応用化学科,グローバル入学試験Ⅰ（国際的な活躍を志す者を対象とした入学試験）,GLOBAL-ALT-BIO,日本生物学オリンピック,国内予選大会への出場（予選／第一チャレンジ／一次選考で可）,英語CEFR B1以上、海外留学・国際交流、国内での国際交流などと並ぶ選択式出願要件の一つ。科学コンテスト出場自体は必須ではない。,Yes（出願要件②～⑤のいずれか1つ以上）,Yes（出場を客観的に証明する資料）,https://www.kwansei.ac.jp/admissions/assets/2027global.pdf,2026-09-19
KWANSEI-2027-GLOBAL1-LIFE-ENV,関西学院大学,生命環境学部,環境応用化学科,グローバル入学試験Ⅰ（国際的な活躍を志す者を対象とした入学試験）,GLOBAL-ALT-EARTH,日本地学オリンピック,国内予選大会への出場（予選／第一チャレンジ／一次選考で可）,英語CEFR B1以上、海外留学・国際交流、国内での国際交流などと並ぶ選択式出願要件の一つ。科学コンテスト出場自体は必須ではない。,Yes（出願要件②～⑤のいずれか1つ以上）,Yes（出場を客観的に証明する資料）,https://www.kwansei.ac.jp/admissions/assets/2027global.pdf,2026-09-19
KWANSEI-2027-GLOBAL1-LIFE-ENV,関西学院大学,生命環境学部,環境応用化学科,グローバル入学試験Ⅰ（国際的な活躍を志す者を対象とした入学試験）,GLOBAL-ALT-JOI,日本情報オリンピック,国内予選大会への出場（予選／第一チャレンジ／一次選考で可）,英語CEFR B1以上、海外留学・国際交流、国内での国際交流などと並ぶ選択式出願要件の一つ。科学コンテスト出場自体は必須ではない。,Yes（出願要件②～⑤のいずれか1つ以上）,Yes（出場を客観的に証明する資料）,https://www.kwansei.ac.jp/admissions/assets/2027global.pdf,2026-09-19
KWANSEI-2027-GLOBAL1-ARCH,関西学院大学,建築学部,建築学科,グローバル入学試験Ⅰ（国際的な活躍を志す者を対象とした入学試験）,GLOBAL-ALT-JMO,日本数学オリンピック,国内予選大会への出場（予選／第一チャレンジ／一次選考で可）,英語CEFR B1以上、海外留学・国際交流、国内での国際交流などと並ぶ選択式出願要件の一つ。科学コンテスト出場自体は必須ではない。,Yes（出願要件②～⑤のいずれか1つ以上）,Yes（出場を客観的に証明する資料）,https://www.kwansei.ac.jp/admissions/assets/2027global.pdf,2026-09-19
KWANSEI-2027-GLOBAL1-ARCH,関西学院大学,建築学部,建築学科,グローバル入学試験Ⅰ（国際的な活躍を志す者を対象とした入学試験）,GLOBAL-ALT-PHYS,全国物理コンテスト 物理チャレンジ,国内予選大会への出場（予選／第一チャレンジ／一次選考で可）,英語CEFR B1以上、海外留学・国際交流、国内での国際交流などと並ぶ選択式出願要件の一つ。科学コンテスト出場自体は必須ではない。,Yes（出願要件②～⑤のいずれか1つ以上）,Yes（出場を客観的に証明する資料）,https://www.kwansei.ac.jp/admissions/assets/2027global.pdf,2026-09-19
KWANSEI-2027-GLOBAL1-ARCH,関西学院大学,建築学部,建築学科,グローバル入学試験Ⅰ（国際的な活躍を志す者を対象とした入学試験）,GLOBAL-ALT-CHEM,化学グランプリ,国内予選大会への出場（予選／第一チャレンジ／一次選考で可）,英語CEFR B1以上、海外留学・国際交流、国内での国際交流などと並ぶ選択式出願要件の一つ。科学コンテスト出場自体は必須ではない。,Yes（出願要件②～⑤のいずれか1つ以上）,Yes（出場を客観的に証明する資料）,https://www.kwansei.ac.jp/admissions/assets/2027global.pdf,2026-09-19
KWANSEI-2027-GLOBAL1-ARCH,関西学院大学,建築学部,建築学科,グローバル入学試験Ⅰ（国際的な活躍を志す者を対象とした入学試験）,GLOBAL-ALT-BIO,日本生物学オリンピック,国内予選大会への出場（予選／第一チャレンジ／一次選考で可）,英語CEFR B1以上、海外留学・国際交流、国内での国際交流などと並ぶ選択式出願要件の一つ。科学コンテスト出場自体は必須ではない。,Yes（出願要件②～⑤のいずれか1つ以上）,Yes（出場を客観的に証明する資料）,https://www.kwansei.ac.jp/admissions/assets/2027global.pdf,2026-09-19
KWANSEI-2027-GLOBAL1-ARCH,関西学院大学,建築学部,建築学科,グローバル入学試験Ⅰ（国際的な活躍を志す者を対象とした入学試験）,GLOBAL-ALT-EARTH,日本地学オリンピック,国内予選大会への出場（予選／第一チャレンジ／一次選考で可）,英語CEFR B1以上、海外留学・国際交流、国内での国際交流などと並ぶ選択式出願要件の一つ。科学コンテスト出場自体は必須ではない。,Yes（出願要件②～⑤のいずれか1つ以上）,Yes（出場を客観的に証明する資料）,https://www.kwansei.ac.jp/admissions/assets/2027global.pdf,2026-09-19
KWANSEI-2027-GLOBAL1-ARCH,関西学院大学,建築学部,建築学科,グローバル入学試験Ⅰ（国際的な活躍を志す者を対象とした入学試験）,GLOBAL-ALT-JOI,日本情報オリンピック,国内予選大会への出場（予選／第一チャレンジ／一次選考で可）,英語CEFR B1以上、海外留学・国際交流、国内での国際交流などと並ぶ選択式出願要件の一つ。科学コンテスト出場自体は必須ではない。,Yes（出願要件②～⑤のいずれか1つ以上）,Yes（出場を客観的に証明する資料）,https://www.kwansei.ac.jp/admissions/assets/2027global.pdf,2026-09-19
